aoi,cropland,cropland_mosaics,date,forest,forest_savannas,grassland,urban_built
british_virgin_islands,0.24921621875,0.24921621875,2003-01-01,18.3921661370098,35.1912760696079,11.500431341421567,1.2460789062500002
montserrat,5.109219602389706,5.109219602389706,2003-01-01,21.63973903615197,24.170422893076005,26.70302607383579,2.8345442230392157
poland,146437.25354309726,151890.44637133952,2003-01-01,68324.99162339314,89496.20930102673,26067.944053960528,8132.123863312875
guadeloupe,298.39331869877424,372.3891233081491,2003-01-01,764.3345382667899,1163.550187730332,609.5149736044739,68.33826491060049
saint_kitts_and_nevis,0.49834878125,0.49834878125,2003-01-01,72.86915349387255,83.42835100661763,77.7947993784314,5.321649821446078
barbados,167.19413312628666,167.19413312628666,2003-01-01,3.984906343749999,3.984906343749999,160.45597884712006,21.180380431678913
myanmar,130570.1275020231,131433.99025431933,2003-01-01,354927.5123733511,451210.4840629787,34800.69132385173,1494.1258085098643
japan,24790.64030976281,33632.120885182965,2003-01-01,238831.38148366913,264564.76757750975,13605.353304901706,28462.530090239456
trinidad_and_tobago,79.30021421734072,79.30021421734072,2003-01-01,3008.857927366966,3385.074662523463,701.8254837856626,359.47070163535517
luxembourg,474.79447492892257,644.0313693372556,2003-01-01,568.349159566911,775.6413942018988,237.7961422832107,162.05280788235294
iceland,1.5095025937499995,1.5095025937499995,2003-01-01,48.480056537683815,51.61138997512254,54141.150886178686,45.86384495337008
cambodia,41735.512355881314,44476.19352215708,2003-01-01,72671.36722176813,86193.66566590956,13518.570215131243,369.98254458609057
guinea-bissau,47.989139174387255,47.989139174387255,2003-01-01,1406.9014359499376,2395.4981578290412,2344.4461445408706,37.80328272450979
jamaica,503.27961954105433,638.0710832316786,2003-01-01,4351.263634543445,8672.66477460705,517.2710721720592,349.28685835306413
puerto_rico,781.7380492968148,977.1150289374378,2003-01-01,2262.4612293023865,5317.226952013608,839.7501397527584,1155.68279123885
south_korea,18722.998497950262,19527.26918577411,2003-01-01,44047.01875266079,65486.11446810143,2786.666904684006,4840.387906345457
dominican_republic,1997.91178557206,3570.5590371275084,2003-01-01,8716.721171949748,25048.269676036205,3910.771307477937,718.7928012037988
cuba,15625.706379642868,36161.793332853704,2003-01-01,19571.058474098223,32611.23506575445,2729.5725250970613,654.7199073709559
laos,2962.7645736685627,3036.005361322547,2003-01-01,158088.82058860437,197945.600095358,13847.130544787064,165.82134959399525
panama,266.6980196075368,286.8633691387867,2003-01-01,36767.29820944858,46360.087163239165,2251.585044837683,401.4269862402578
the_bahamas,1.636563996507353,1.636563996507353,2003-01-01,1295.432755657659,2223.178141672671,2873.456307828667,76.90203209362743
liberia,2.987274125,144.7156099455269,2003-01-01,50971.113794972785,92446.49025882172,67.10488790367647,137.49317154546566
bangladesh,64964.27099036004,86830.36181472395,2003-01-01,4875.687899519302,12665.118222107416,2461.674518253248,976.1068918438108
honduras,2096.9321005634815,2322.8744252666047,2003-01-01,36225.18599167226,80027.2746965676,3771.211561661765,240.59264054957112
nepal,22647.67695847925,23620.194213669187,2003-01-01,35312.37120640593,66843.08930904197,24873.29852061126,289.32556125827216
colombia,2008.390634075369,7133.145859084985,2003-01-01,604760.9939236301,730620.2478412745,75435.64619667082,4035.0392500936873
sierra_leone,106.32011545373771,5545.938587256252,2003-01-01,2886.846767430882,32884.88743348188,209.24695322401965,157.06018454215683
thailand,196632.74228220983,208522.354548196,2003-01-01,117864.12157296248,185916.5625764076,47940.07833495406,5191.275791909801
chile,3969.020323843749,6537.939406859371,2003-01-01,155685.7274080704,188189.38972359055,96235.8873742578,4037.1827568060016
philippines,21378.130033106456,51017.81424288208,2003-01-01,107537.69100218834,160158.67898683538,15257.940062419182,3005.0430634321074
vietnam,47435.752454044545,67967.81684414105,2003-01-01,99951.34071355117,154378.63621873272,17004.553237760356,4489.220978798588
bhutan,122.2362013435049,154.5620925503064,2003-01-01,27452.38158374422,29494.369861453484,5454.728950282102,19.505705821384804
equatorial_guinea,67.69921443750007,79.39724268750001,2003-01-01,21925.752080617513,25667.39334861395,42.27756388841912,29.64286717518383
nicaragua,3592.7658423863377,4357.569705886342,2003-01-01,34838.3169270643,60510.1148909007,5527.549017184923,185.3296110089461
latvia,7126.276729757551,8849.521477270178,2003-01-01,23278.759332461537,42238.274356895694,4106.217232503677,218.03620494001208
brunei,0,0,2003-01-01,4711.520294739509,4968.37711038785,119.43449883780636,207.72460659791668
united_kingdom,52973.283337880486,65265.73743236416,2003-01-01,15188.5493737889,18203.148046266047,40310.505102528055,9342.363529994189
finland,343.6627776046567,343.6627776046567,2003-01-01,92839.83571261252,251177.8644735013,10341.51872135496,563.5213719079658
belize,58.98664490202203,87.36146326709562,2003-01-01,15908.94485237118,18393.791941345316,1674.9035972825984,11.513385093382356
ireland,2346.1975932877463,5311.524560251414,2003-01-01,3768.6222977193625,4263.674234669731,24133.271485391077,354.6042186653163
norway,1741.6838266307595,1929.7521443806984,2003-01-01,49774.73480695303,100793.1744935409,115059.53414515444,388.2417244574142
haiti,7052.626063758625,9203.69794443466,2003-01-01,378.3207650092525,4211.73291383475,3646.308608002635,332.71347444626224
venezuela,8368.541243041685,9174.715409791195,2003-01-01,431390.60077318666,489517.1222784879,185329.05851023673,5171.58465566526
el_salvador,1435.0263109729808,3477.143607414773,2003-01-01,2387.944105265076,6997.890741256069,279.4427298186887,179.32706954136046
costa_rica,550.6823935396443,559.8950826646445,2003-01-01,21844.75707072026,39569.76562601573,2904.010173382661,423.74448495863976
gambia,4505.986902998161,4516.198288076285,2003-01-01,0,0,4839.026390958153,77.0362531540441
guatemala,3012.1261074356053,6241.824427423596,2003-01-01,42115.03001664661,76026.86804025777,3662.539008944915,361.4830199931989
malaysia,3275.419052256679,5907.696106608086,2003-01-01,250510.903364481,295093.2854301401,7591.684915213788,3998.909482951474
north_korea,33655.13663425009,34415.37298707637,2003-01-01,61299.60347396149,74350.24582922077,6840.067413905574,1800.2549549209562
mexico,144346.71202582656,162033.57318988277,2003-01-01,254801.35206202455,459213.780167966,489029.20649409766,8905.908596128942
belgium,10313.837021766914,12169.042371712254,2003-01-01,5295.607066091116,5851.201207093329,2473.1936176443623,3415.1442848870693
estonia,3620.4926582959574,4209.155893709067,2003-01-01,17244.973910602574,30864.942842484412,3977.380720847426,182.5306731790442
lithuania,17895.625605816665,18687.83151645405,2003-01-01,14115.133126104713,21239.097451276044,10200.478426471327,358.653496728309
yemen,1864.9685549062524,1872.6909816562525,2003-01-01,0,0,27926.953359731942,819.5650618766546
djibouti,0,0,2003-01-01,0,0,5390.819635587686,17.643950066850493
qatar,0,0,2003-01-01,0,0,8.731916500000002,344.47966261924074
somalia,982.609297541912,991.071764151287,2003-01-01,0.24888409375,1.6006675938112749,244192.1271834004,229.98639016151964
kenya,15287.70254074821,32047.85318654731,2003-01-01,7910.339441782715,11818.830079712732,411912.3921396422,494.84212427077347
uzbekistan,48037.74549424043,48037.74549424043,2003-01-01,0,0,195742.20118104364,10560.375651384067
china,1245443.060748747,1443829.2062919757,2003-01-01,807172.2037759634,1760854.8360693397,2850428.9487194186,116612.84876365402
belarus,57180.3724226311,60683.63194825658,2003-01-01,58143.1556431951,97483.06355915654,20592.785520564423,1391.707377378185
pakistan,164723.42742272498,165339.91596278007,2003-01-01,1353.2721119590074,5119.446023282601,118525.20402279768,6294.2287779012295
somaliland,0,0,2003-01-01,10.95613875,10.95613875,8833.224971987484,73.48473617818627
jordan,2251.484552012928,2256.980994044178,2003-01-01,0,9.493873375,1446.078213075857,806.3271154533701
mongolia,194.2716461943629,194.2716461943629,2003-01-01,9793.75175899682,37204.67320008053,984506.6879681804,988.5149704452208
turkmenistan,14368.508975930506,14368.508975930506,2003-01-01,0,0,115081.31272832782,1682.1855346177706
russia,1124296.7178315446,1208222.3306080485,2003-01-01,3786006.998414169,6286032.08280095,2268346.6001043543,29094.48746140435
france,188656.27117862465,237238.40440509896,2003-01-01,72801.70988816196,130575.2549879953,39264.31783807337,12832.311750209816
republic_of_the_congo,114.49353293749998,557.8077148134802,2003-01-01,214578.09848404615,244193.59384270376,36587.770296297604,452.5687824917895
palestine,1798.0908792868877,1801.0888818650126,2003-01-01,0,0,2074.855030382844,330.9111619841914
democratic_republic_of_the_congo,428.48331153756135,757.5036063286766,2003-01-01,1282207.6017599483,1637020.1140524023,55869.17488494547,2625.5361507053312
austria,13890.229850078964,14826.026387735154,2003-01-01,32304.51153023355,46166.82834193197,12167.910682153974,2067.9497362096818
gabon,4.7288031718750005,91.09246665624998,2003-01-01,204129.45447921337,242161.2101455455,7779.942734391487,269.1022966637254
canada,470648.84002455976,485441.099607119,2003-01-01,1623372.9062478072,3464061.0177239273,1949379.4282234793,9288.712530661403
ethiopia,163081.18477728995,165728.48713138382,2003-01-01,34030.96704121427,41150.48350865175,446426.1361442134,984.4228779485306
guinea,8360.445957335962,15007.659252132296,2003-01-01,3146.7410727014712,14171.155368775451,23241.39361624543,305.0569613121937
nigeria,311348.7079081333,376004.99258548865,2003-01-01,25696.484694161787,43892.33453324802,337388.105992704,6377.493026907601
new_zealand,1551.3336313317418,1628.6504046248178,2003-01-01,100198.05841284848,109052.91282452006,94550.14145511817,1091.4561349229166
uruguay,805.9573301591294,867.1663990390927,2003-01-01,2966.830665686337,4118.7011739398295,111631.50197826604,1070.723217625983
india,1887652.38008874,1939082.2080285084,2003-01-01,282219.96480492206,405767.922006179,300120.5843737387,34079.92043184483
iran,78493.0663081209,78625.87118098029,2003-01-01,12119.935385217244,16437.713133867404,349734.91310686636,8112.455430765193
conus_ak,1358045.4616287916,1454933.636657108,2003-01-01,1332043.1692332,2572784.1353547205,2894713.640149894,130824.1409692364
hungary,58183.39814316321,59565.57030261956,2003-01-01,10169.352658617398,13218.393274768308,9867.20531497665,3560.298609396996
united_arab_emirates,2.994077734375,2.994077734375,2003-01-01,0,0,399.1921638045957,498.57635710177703
croatia,9006.152145054422,10286.986506369436,2003-01-01,16067.089296934131,22726.609243993793,9067.157881981992,643.9422585088853
germany,130727.12324695874,142234.87091758757,2003-01-01,83560.42754043824,96662.10966349818,30064.32373426153,25053.549646176045
bosnia_and_herzegovina,5193.41922824743,8012.019250035604,2003-01-01,17041.63653394358,28406.852313613028,6479.80943653744,374.1157580930759
slovakia,16257.816623912384,16432.60613063842,2003-01-01,20919.214838738088,23803.16690839378,2812.5144855726703,1674.5753293202204
netherlands,7236.329372933205,12126.931204172351,2003-01-01,1904.200409039582,2092.037821325429,4330.733512027082,4629.561307967039
afghanistan,22849.022293029742,22849.022293029742,2003-01-01,180.2400274999999,515.9768142312499,243432.7049424391,892.5293934302699
iraq,42874.06739180959,43033.00239877833,2003-01-01,0,0,53560.929977078646,3530.302178725793
georgia,3404.773802933703,3422.0502265118253,2003-01-01,22924.513484284904,31629.608182130833,24325.96710593357,845.065985322733
rwanda,5577.691563878675,10315.256672806448,2003-01-01,1245.048952304903,1354.0986657792278,6938.153044504344,90.82593167634812
ukraine,363512.51040173305,381444.42439690896,2003-01-01,57192.90721900054,81253.74347994513,42889.08575946783,10152.69025392585
czech_republic,35015.4231425187,37401.365650482614,2003-01-01,21370.077851413007,25751.93569335992,3651.7277111698518,3415.7543144617666
israel,4816.602151440012,4816.602151440012,2003-01-01,5.496742078124999,11.242825968749996,3960.14522974516,1066.6421055271437
saudi_arabia,3097.566176796872,3097.566176796872,2003-01-01,0,0,14939.761647464024,4459.183413929407
syria,41992.19353276906,42831.1095814138,2003-01-01,191.72115104613985,232.83721507261023,8654.55950614853,2614.407527253064
romania,101959.8609539962,104390.41275905773,2003-01-01,58716.83652311754,77451.21286516443,15618.16563090404,5288.373763419237
moldova,28941.49452637306,29175.824043376557,2003-01-01,1290.053439281741,1388.2237300629288,853.3001978084562,1010.9264846335782
burundi,5229.86190089356,12080.974421607909,2003-01-01,455.7524785814947,539.2942060805143,2478.0508985678293,64.21474735937501
kazakhstan,142918.50668765185,143094.7173091632,2003-01-01,11574.196343610662,17053.99263626978,2325151.264893609,3500.964422755026
sri_lanka,2994.9828479352336,8956.36217472768,2003-01-01,9310.23975471082,32846.786581974906,4300.336394607954,352.4192784045346
angola,3903.390391306304,4798.930288617157,2003-01-01,105915.5746920489,349874.4575081677,398787.5434681458,901.5133931979778
azerbaijan,24375.87678979727,24385.138664859765,2003-01-01,4357.641122732291,6336.7161580071725,45911.03599955957,2002.689426288907
denmark,25426.14377690263,29908.137806975636,2003-01-01,2048.518075638111,2114.2836609670944,975.120519113296,825.96363931629935
tanzania,15796.261616107407,17164.22291370659,2003-01-01,80152.19794592168,106014.93316984728,375029.94760418776,991.7765420128056
sweden,13572.175913611129,14911.95240080697,2003-01-01,143874.138121068,322945.1849470404,21860.335437884343,1335.5847916800858
montenegro,46.49227893848038,57.57954327794117,2003-01-01,2460.668096916117,5518.510826030084,3651.5589651259743,95.24502620692404
morocco,76994.45730427801,77041.697642528,2003-01-01,793.2801118116425,1337.7189923985295,58914.740723095405,1829.4427869851725
eswatini,588.5435484547182,592.5360282515933,2003-01-01,1150.77621096299,1686.3011032737766,9936.794051938165,29.197230515625
zambia,2549.906485637194,2582.275284777819,2003-01-01,78959.3668047598,204356.6589425056,193947.76455634512,798.8921251553923
algeria,56731.06612743275,56792.33358352647,2003-01-01,3186.464984179542,5322.761570152775,44809.53289758895,2937.4360184929533
tunisia,26600.273072682827,26646.537054620327,2003-01-01,726.4681835932607,1205.080812475245,9619.306107719189,1217.8662459510422
albania,3516.916485143748,3615.063136983821,2003-01-01,994.3074676300856,2395.977228427943,9947.25163231819,216.30129599117657
lesotho,555.9925821165459,556.9912056321709,2003-01-01,0,0.24974690625,27789.060442898513,69.1603596370711
uganda,21654.048085396164,87986.35972982488,2003-01-01,8381.541498817645,18660.2717176813,33309.97779365484,439.52906423437446
guyana,1590.4322474067394,2026.359343803915,2003-01-01,184534.70939568017,190943.8625117158,12653.1589742679,141.36386974540454
eritrea,4159.207603562623,4161.200381812623,2003-01-01,0,0,43618.83504197417,79.8592631300858
argentina,312785.47516009933,316452.40919587767,2003-01-01,126287.628432456,227003.1377334718,885662.8096620038,17317.60840507857
paraguay,8747.023946773046,22604.961615687535,2003-01-01,45632.956376161135,108953.69741992002,27005.350910077817,1408.8662519755508
spain,138721.19976937247,140255.64837875677,2003-01-01,32561.840623130734,86539.42293046064,144574.72527167955,5168.066015203857
tajikistan,6772.826988577997,6772.826988577997,2003-01-01,3.737713344117647,4.2469962731617645,64210.5543057553,1269.3192671638492
libya,10698.101319575244,10698.600997481495,2003-01-01,0,0.499726359375,7540.685975395216,1313.663006891605
kosovo,2431.5156790033693,2501.9027371416055,2003-01-01,1642.980884008457,3539.654337616109,2056.4884621370707,128.08871226427698
south_africa,65087.362897818486,66202.88823006558,2003-01-01,18226.03992987476,30935.11720446312,562371.2490103537,9333.659576829234
republic_of_macedonia,3525.6516523259193,3530.59519866201,2003-01-01,3471.5859763054523,7313.348512189763,10427.36632162896,382.69045878039213
bulgaria,40938.53550359883,41213.524582972306,2003-01-01,23642.172500619432,38054.745954761325,21500.68960738024,2531.667865765011
kyrgyzstan,12370.270670159798,12380.785036816049,2003-01-01,334.53019328933823,439.4316737040443,144651.7033427261,1800.664008343443
italy,108931.52555663728,114648.831517531,2003-01-01,46499.58558967764,80049.84938764051,35701.60014187197,13995.7275201158
madagascar,2408.516110661895,2560.144141974395,2003-01-01,81119.57232102059,126510.51682759584,372803.93652772496,248.0986424806373
brazil,231218.38541482016,311212.4382610899,2003-01-01,3744339.608730337,4099388.07161054,1749245.0222475503,39010.5360385293
greece,30041.913564223913,30996.36839568389,2003-01-01,12264.25311140723,28005.43123240975,30719.567799619876,1863.7488734864603
turkey,206994.7909718401,210275.02893053857,2003-01-01,36311.01958505013,72038.36362556604,396202.6912204395,8715.007321941663
portugal,14415.338205612406,15150.495855844209,2003-01-01,7088.994529816123,19790.04449019301,24212.331942927907,1182.9018648129888
peru,9527.044980089337,10202.14141493309,2003-01-01,737137.8208113156,759446.4408752103,321101.3969578982,4658.685259344485
bolivia,16342.94808113652,17609.936977949008,2003-01-01,510020.9290222291,587586.7110621006,158790.91646842795,1992.71431672978
namibia,1054.5944835101668,1054.5944835101668,2003-01-01,0.498395296875,0.498395296875,227215.0164205697,266.6519168114583
malawi,24895.70863089568,25640.994456835942,2003-01-01,7738.468823133265,11709.81312956599,32017.682403870254,144.20576811568634
mozambique,6080.3100515498745,6744.795600900792,2003-01-01,97145.94160085868,176409.98119825163,155859.94855731653,1002.7073787849868
egypt,27533.83409412593,28262.21243480393,2003-01-01,0,0.99901690625,4043.630063062253,3993.919939062688
zimbabwe,18862.927707088777,18911.516076166903,2003-01-01,2737.0236592859023,4349.087294651701,299987.2192614014,513.1529132343749
east_timor,569.6727408588237,633.2653110321694,2003-01-01,2045.7510534424016,4399.867114414763,1083.1287866788607,37.8866659793505
senegal,21467.79546197618,22059.642933007435,2003-01-01,39.16702093762255,39.66509376574756,162629.66848669335,531.6869178179534
mauritania,4.72587513995098,4.72587513995098,2003-01-01,0,0,156699.63894114274,147.93602451752446
chad,116508.62467773932,117023.81140901885,2003-01-01,4731.627121508465,4731.627121508465,417090.4353876711,296.80726664062485
taiwan,3421.2114486541595,5226.326338062187,2003-01-01,20138.562248922084,22104.04690321224,496.2548316545343,2965.1111187651363
mali,21807.41760019871,21839.17719345061,2003-01-01,3.3843509932598037,6.372297352634804,463647.1845118227,437.78377075147046
switzerland,2435.707448700984,3090.2354824013473,2003-01-01,8260.674608245958,12852.20553971874,12087.681739814028,1315.9943449363354
suriname,225.53481091636004,228.521816744485,2003-01-01,137572.7353203326,139261.788739735,1342.6067797805129,114.25192373437484
australia,279045.51957924664,279545.6553331822,2003-01-01,224097.1660279397,353202.4844405423,1872600.7946768648,9921.682457452504
botswana,8.143099664705883,8.392399383455883,2003-01-01,19.440628046875,20.686830234375,367369.76683232776,420.97367388174024
french_guiana,43.56006950000009,43.56006950000009,2003-01-01,80859.76625106935,81861.37060719868,130.26209257187503,62.29627564724265
indonesia,48186.88993635396,132891.68815916844,2003-01-01,1246448.1059288434,1517205.7543293813,30622.336331616614,12533.800463227382
armenia,3088.135887425735,3088.88687331636,2003-01-01,1558.6655515481004,2245.3138370580286,20943.783983916503,852.2822875645229
papua_new_guinea,444.4694287001223,1417.4977347533093,2003-01-01,389106.2849035397,420227.72504866595,6634.072845979532,202.4472079063112
serbia,26130.402966197027,37037.78457680719,2003-01-01,12414.435035227329,26764.461175552715,1762.4524331349878,1780.4698574387255
oman,220.3899068099264,220.3899068099264,2003-01-01,0,0,4326.54189366397,280.31014420036763
lebanon,2277.0049492831536,2277.5048534706534,2003-01-01,34.491056468749996,48.7368981875,3852.811473127701,416.89373237113927
slovenia,1197.0647694776355,1986.143319678,2003-01-01,10857.646669518756,14414.520082913976,1000.162062374264,366.8313226264092
ecuador,4686.896812532887,10658.922226068757,2003-01-01,130079.96993056402,150644.77016150497,18825.891820801546,2560.951704359432
ivory_coast,185.79579301697305,5558.957811832174,2003-01-01,18262.759908904096,41267.706896398515,37344.47930487717,1627.3813785469365
central_african_republic,1956.5125119032473,1988.126669793872,2003-01-01,224843.52330140193,261997.04883939927,41121.82339215058,280.32067329142166
south_sudan,22033.822490414503,22034.86297088411,2003-01-01,10129.06811020962,12239.256030824205,272159.0568500446,76.4133784209559
ghana,25548.3280969196,34323.82913534697,2003-01-01,12485.53494604179,30160.01014850851,84222.9075067635,2234.5624144349854
togo,4390.490439471819,4740.84063794357,2003-01-01,429.6743161787992,907.4405880212004,22665.535262695805,399.6219160929535
cameroon,59253.91107483305,71878.27896239303,2003-01-01,211380.27756142075,244316.76879260596,10917.489066543452,761.4015974216913
benin,46056.64451207268,55690.273836102715,2003-01-01,839.4268063598032,858.6177702475482,29962.841552066508,530.1717083565569
sudan,76720.64273582956,77751.5524285101,2003-01-01,16.9297506875,16.9297506875,638640.5279165006,2879.3750570136685
niger,26114.16205509904,65412.5153435262,2003-01-01,0,0,221903.3070413611,467.31979002536787
burkina_faso,15549.275183107164,16551.6504627612,2003-01-01,0.497989875,0.497989875,254101.16488502503,360.33069070526955
cayman_islands,3.372166944914216,3.372166944914216,2003-01-01,19.50107651642157,36.59673159803921,12.248314012071075,16.25578525520834
british_virgin_islands,0.24921621875,0.24921621875,2004-01-01,19.957830285355392,35.5734110008579,11.001958841421567,1.2460789062500002
montserrat,3.712958553921569,3.712958553921569,2004-01-01,23.251946641850505,24.27203658412992,28.579042218137268,2.8345442230392157
poland,144975.98489638494,150574.08569742783,2004-01-01,67743.67751107,89415.59568214764,26989.62789828753,8134.633658953501
guadeloupe,211.7606174112133,319.64049330183826,2004-01-01,767.8558429204052,1182.4246671583956,609.1455495490818,68.33826491060049
saint_kitts_and_nevis,0,0,2004-01-01,76.38106388118871,85.31034848731618,74.66984474969364,5.321649821446078
barbados,144.77910445441154,145.02815931378657,2004-01-01,5.728304484375002,5.728304484375002,178.1946137389706,21.180380431678913
myanmar,131232.25843145588,131979.04522351458,2004-01-01,350477.35338431323,449769.86791587697,35963.77376625136,1495.1231768848645
japan,24792.826333467052,33814.546502882346,2004-01-01,236846.43982871043,263712.9319831115,13886.55184565648,28485.920373958616
trinidad_and_tobago,36.85079715625001,37.09978542187501,2004-01-01,3012.51676910226,3405.9794659628633,656.1144383626233,359.7196985884802
luxembourg,439.0166095828438,620.2432560592533,2004-01-01,574.9309805556366,783.0188664041049,258.0183801738358,162.05280788235294
iceland,1.50949034375,1.50949034375,2004-01-01,36.32232047751225,38.446952196200975,54232.27539132711,46.36704679712009
cambodia,42782.26886852894,45311.98690687789,2004-01-01,71806.99528271239,85168.39396397433,13790.06390061636,373.9668603985906
guinea-bissau,48.74297628811276,48.74297628811276,2004-01-01,1744.70711130533,2727.947418762682,2269.0685381640333,37.80328272450979
jamaica,510.5071199629292,639.8157543566786,2004-01-01,4272.310528228432,8593.753993225188,536.9867581818019,349.28685835306413
puerto_rico,694.6653075624399,893.7801059374386,2004-01-01,2355.4240203303266,5375.236156605029,847.8824412434444,1157.1780643326
south_korea,18597.010942587025,19417.75363876614,2004-01-01,43959.6713950953,65408.869702017975,2962.694832118934,4852.7686174649425
dominican_republic,1904.9454406041075,3569.968176067826,2004-01-01,8967.498654515315,25153.172507172425,3698.992791564215,719.5404536256738
cuba,16273.713595714564,36034.05724906595,2004-01-01,19960.822316195034,32715.042241413965,2829.9915688446094,654.7199073709559
laos,3084.139202424936,3152.390416198406,2004-01-01,155644.61646570094,197148.82864295164,14564.453080107767,165.82134959399525
panama,248.6920813018383,263.13143877058826,2004-01-01,36448.486346910264,46425.18935775642,2233.1301033375,401.9249177558828
the_bahamas,1.636563996507353,1.636563996507353,2004-01-01,1244.1480546272053,2206.6540534095584,2967.335338502564,77.15151201550242
liberia,2.4894224062499997,138.66602649105388,2004-01-01,53044.396978194774,92579.10495825933,44.70257663805148,146.95221365484073
bangladesh,64791.52153912738,86560.78968072719,2004-01-01,4755.664287600184,12633.84210350453,2401.2272623737754,980.3471669375606
honduras,1933.620887815381,2173.0130890653795,2004-01-01,36071.45849937487,80069.5123826689,3989.588610365502,242.58542339332112
nepal,22530.986332672914,23496.291997045897,2004-01-01,35118.712159259856,67234.99676983438,24863.69928288805,290.07432577389716
colombia,1918.0491487003687,7128.172929944356,2004-01-01,601306.834889754,732825.2853870483,74429.7833904964,4040.5152370624382
sierra_leone,102.6650286179534,5255.660064273412,2004-01-01,2824.500225288723,33367.38152242752,217.4541535232844,158.05598732340684
thailand,198015.1334380028,209643.38689085192,2004-01-01,117114.30217033754,185588.15450670733,48067.35264714155,5237.851759378553
chile,3955.796099937498,6549.249240781249,2004-01-01,155177.77021442345,187529.32253990948,95944.7476739374,4042.676084774752
philippines,20666.113800356732,50094.95042729237,2004-01-01,106634.82244777822,161206.23133757428,14895.979794925504,3009.2773165727326
vietnam,47528.914398362416,67959.61878870378,2004-01-01,97331.24140146164,153581.08234074494,17403.357926305795,4553.012087564216
bhutan,115.16873713082109,147.7520359904412,2004-01-01,27473.570917831425,29556.176395309496,5468.057412691475,19.505705821384804
equatorial_guinea,50.27665025,59.734603171875,2004-01-01,22378.09196511996,25603.642183486012,36.30397973216911,30.140639112683832
nicaragua,3472.178173489464,4203.11126325509,2004-01-01,34214.975390548505,60229.782153489046,5499.01714241458,185.3296110089461
latvia,7067.903298523791,8935.961971173916,2004-01-01,22792.817734386415,42104.02681336889,3878.599748273348,218.03620494001208
brunei,0,0,2004-01-01,4706.949230474434,4977.227388483255,111.41877703247546,207.97351351979165
united_kingdom,51572.743420992905,64653.56923435861,2004-01-01,15209.510215254102,18379.606487575787,40468.09527268214,9350.898241822311
finland,164.227017890625,164.227017890625,2004-01-01,92084.52500029192,251404.90092012493,10452.624349260224,564.5271531579658
belize,50.76271418327205,76.39622056397057,2004-01-01,15814.45280550605,18346.924451235933,1678.8950234577203,11.513385093382356
ireland,2184.96283195582,5432.35091577641,2004-01-01,4111.466612008396,4650.6632979149535,23449.70957209134,358.87159147781625
norway,1689.7908475596812,1883.1362115507957,2004-01-01,49217.69257022963,100006.64455163864,115057.25399688022,388.9957797074142
haiti,7085.988085499615,9318.851002685691,2004-01-01,365.9805383074142,4194.87102940442,3529.900400445834,333.21195629001227
venezuela,8111.598189635436,8931.467286072442,2004-01-01,431642.96252214897,492347.0099281459,182360.34025676965,5172.580558571509
el_salvador,1426.7208759682014,3432.7738563214516,2004-01-01,2359.87854562978,7064.875479016674,288.53057060778184,180.57242471323548
costa_rica,533.5021065708946,542.4657986802695,2004-01-01,21545.627678168305,39788.87600786408,2897.3594637488964,425.23837936488985
gambia,4399.42599083566,4408.143021023159,2004-01-01,0,0,4959.745318512621,77.0362531540441
guatemala,3021.1782933715117,6206.1037852721265,2004-01-01,41327.21326701976,75867.51979953448,3772.13013112445,364.472164993199
malaysia,3139.2485931786146,5763.111624142644,2004-01-01,247229.4771664598,295751.3260926592,7203.93268252954,4129.243574574149
north_korea,33326.32682594163,34086.98398129483,2004-01-01,61007.890443939265,74210.3002346356,7096.180556647855,1801.2558891084564
mexico,142036.65245123266,159213.13527701257,2004-01-01,257064.5906716214,463353.26217284694,496217.062696156,8950.75841607919
belgium,10190.95028465264,12092.945891380206,2004-01-01,5260.427496516362,5817.46253318138,2587.0397202870095,3416.398753402694
estonia,3591.8398958159933,4215.6860718072285,2004-01-01,17194.66979964749,31045.479163618795,3639.4646332624384,182.5306731790442
lithuania,17853.999296720773,18650.855888483824,2004-01-01,13864.62863223168,21089.825750637505,10424.106011300855,359.406910540809
yemen,1914.7857503593784,1921.2626695000033,2004-01-01,0,0,27730.33042834926,819.8141757829046
djibouti,0,0,2004-01-01,0,0,5391.7512539365825,17.643950066850493
qatar,0,0,2004-01-01,0,0,9.480365093750002,344.7291560879907
somalia,977.4841956565568,988.1866077815564,2004-01-01,0.24888409375,1.6006675938112749,245314.83043232904,230.9822567396446
kenya,14839.331619492334,31598.104228925997,2004-01-01,7711.23191284356,11736.673471346863,413044.31346730713,497.5799071457735
uzbekistan,47945.69642414472,47945.69642414472,2004-01-01,0,0,194934.00996510152,10566.132446227815
china,1246109.6303255523,1449425.4549365037,2004-01-01,816124.6312971287,1768054.8961078457,2847095.770069702,118306.75144904306
belarus,56481.28161678537,60123.728134356454,2004-01-01,57964.22947310513,97639.10123223516,20645.35356520096,1392.2093261594343
pakistan,166351.8127318137,166944.31022494694,2004-01-01,1335.1482488297181,5158.395357175678,117980.50143625063,6301.222879369979
somaliland,0,0,2004-01-01,16.932220734375,16.932220734375,8704.521657206235,73.73374856881125
jordan,2189.309734603063,2194.3064873218127,2004-01-01,0,9.74368975,1389.7148553787376,806.8266352189951
mongolia,194.2008063224266,194.2008063224266,2004-01-01,9765.220749165748,36856.5210255435,983511.0353728808,988.7656968827208
turkmenistan,14164.468989389872,14164.468989389872,2004-01-01,0,0,113593.14356861012,1682.4356798365209
russia,1126014.410840006,1211570.3930262192,2004-01-01,3802818.598230479,6299291.856068826,2274995.2054445194,29118.86097183634
france,188034.41703999203,236922.12879526985,2004-01-01,72441.14958945625,130577.76771302197,40623.4876822001,12838.60018686606
republic_of_the_congo,69.44314775000001,394.0319197041055,2004-01-01,214191.77635899113,243918.3925155168,35733.8549403956,464.2671747105394
palestine,1741.001053361826,1744.998391314951,2004-01-01,0,0,2082.255596209252,332.65980921856635
democratic_republic_of_the_congo,373.8547099635415,731.9112794028184,2004-01-01,1278570.5305910138,1635749.930061614,56108.61562470078,2638.4808021740814
austria,13692.752660607037,14677.873457352309,2004-01-01,32036.403573416756,46144.05266169036,12192.219884188227,2068.451110084682
gabon,1.493315203125,92.33692729687505,2004-01-01,212119.8811297537,241625.9557003048,7809.597581125116,277.91860775931366
canada,474859.86802925577,490458.2946155869,2004-01-01,1621217.0162802455,3463434.001596311,1942414.5893427113,9317.904861566796
ethiopia,159744.2470286708,162271.30836045192,2004-01-01,34198.5623340268,41674.052066886165,451772.95501911367,986.6634364641554
guinea,7745.859169035289,14216.394912449929,2004-01-01,3184.906886109193,14530.7453870317,23156.54299379744,307.54669767156867
nigeria,305211.7417123003,371609.80543164816,2004-01-01,25092.31384092861,42768.14085736027,341875.54776372114,6550.095916420463
new_zealand,1484.2565861256753,1566.0816618718777,2004-01-01,100555.50077253064,109496.09607706088,94070.39957146932,1094.334239132292
uruguay,857.6743445071689,921.1317786996324,2004-01-01,2852.1733109835172,3700.81863972506,112589.8872297077,1071.4730636259828
india,1905256.7777436704,1956545.0796953407,2004-01-01,287582.97981299716,412896.8786321737,280458.6086543086,34128.246660828845
iran,77697.21970867267,77831.7731313758,2004-01-01,11939.623176498497,16473.296935398655,350952.764074368,8119.695010226775
conus_ak,1359802.8840810878,1458742.0087329114,2004-01-01,1330913.963447945,2574256.8768891552,2900135.8143673125,131229.74068067697
hungary,57929.286392174974,59296.81392202814,2004-01-01,10301.687823398765,13478.33587774232,9871.14848246378,3562.053483334497
united_arab_emirates,2.994077734375,2.994077734375,2004-01-01,0,0,335.9302656925244,501.9398852086398
croatia,9003.949153318086,10254.667139934263,2004-01-01,16035.39254431035,22889.229539168176,8972.821057963854,644.3175875704048
germany,128171.49207139328,140548.11921393988,2004-01-01,82989.43917117418,96360.6403125587,30581.31856850741,25058.5680694573
bosnia_and_herzegovina,5150.933529273655,7949.163719647062,2004-01-01,16881.620981899025,28565.4970643346,6599.790739831252,374.1157580930759
slovakia,16045.503496186286,16232.96674510816,2004-01-01,20822.022731844405,23866.977866658952,2982.6023682587615,1674.5753293202204
netherlands,7018.70369285006,11973.356086131913,2004-01-01,1919.7718209078423,2107.6082102249393,4437.09373347598,4637.592642310789
afghanistan,21572.456962526765,21572.456962526765,2004-01-01,172.99033396874992,522.2265641687502,245925.8545438835,892.5293934302699
iraq,41253.61833835767,41434.54273590454,2004-01-01,0,0,53836.78471228614,3538.800026022668
georgia,3091.747851788852,3108.7740689919738,2004-01-01,22599.995548115097,31700.271371954143,24653.702638377013,845.5667436821079
rwanda,5335.089457605266,10286.940870428867,2004-01-01,1234.1769172583347,1344.3549575110908,7210.623602896139,93.06590484822314
ukraine,362154.47149756766,380259.4641641566,2004-01-01,57002.832632639416,81700.23819993724,42865.497462438885,10159.962408285228
czech_republic,34521.377811639904,37088.90717199187,2004-01-01,21158.10931941259,25664.847688807964,3759.436831944361,3416.256010461767
israel,4780.477817617404,4780.477817617404,2004-01-01,6.496049546874999,11.74258190625,3904.761520839399,1068.1411024490187
saudi_arabia,3123.324828265619,3123.324828265619,2004-01-01,0,0,14668.76569250141,4467.1667492419065
syria,41111.94778124975,41953.05675203272,2004-01-01,185.2200803117647,225.6135751973651,8433.946747637316,2620.8100154834565
romania,101005.62817095056,103603.58902991837,2004-01-01,58925.98689339009,78226.91968153323,15783.967445416789,5289.626584481739
moldova,28847.038104976134,29075.6149634102,2004-01-01,1280.776522236888,1385.9464206271443,925.1513214211394,1010.9264846335782
burundi,5709.418789080889,12096.017083827152,2004-01-01,418.4182807221197,504.2001719867646,3030.9633826062477,65.21032368750002
kazakhstan,139445.7397127978,139606.51461207942,2004-01-01,10951.620733520973,17083.55976527726,2327981.1396253286,3504.9768376144016
sri_lanka,2866.6280904975515,8959.19484166512,2004-01-01,9115.434329481355,32800.410274523434,4353.309902538348,355.4064521076597
angola,3684.2554125719303,4645.9276746517135,2004-01-01,106707.27055630508,346250.7228442844,402606.0892380052,907.9867777917276
azerbaijan,23708.50991195447,23715.268710595097,2004-01-01,4243.574546381555,6384.011430412068,46486.62151960174,2004.9421495076565
denmark,25063.19983595697,29810.25441084383,2004-01-01,1985.300727489888,2053.7899980166653,998.3406755870096,827.7219492381744
tanzania,15726.40445942959,17529.263814951217,2004-01-01,80017.96230934645,106177.05446495306,379156.87577389344,994.7089915072912
sweden,13315.785975426195,14778.28430128945,2004-01-01,143666.65795327374,322566.5598766541,22055.369374254096,1337.74408419087
montenegro,47.008804704534306,58.09999129025734,2004-01-01,2358.1309610621956,5453.994516080638,3722.717286725547,95.24502620692408
morocco,76730.45000145305,76775.43981364057,2004-01-01,797.5249223428928,1381.190947483455,58968.598866445755,1831.6913796570475
eswatini,605.7724859691175,609.0163758597425,2004-01-01,1326.5042451501831,1814.5889575740823,9806.73794444656,29.197230515625
zambia,2481.3557485498777,2513.9733408311276,2004-01-01,81396.71278634034,203873.9868827899,194891.5058920153,802.6285982022673
algeria,58050.045638504336,58120.31530919182,2004-01-01,3397.7992589792366,5471.568934433718,48056.79877770743,2939.686540196078
tunisia,26843.521549789264,26892.036130195513,2004-01-01,745.4027079510427,1210.1724753253056,9741.797962047009,1218.2731914611522
albania,3472.9791313691153,3581.8900414748136,2004-01-01,974.1199192712008,2410.5334015096837,10107.960528157097,216.30129599117657
lesotho,634.3908736477965,635.6391804134215,2004-01-01,0,0.24974690625,27610.83816387186,69.1603596370711
uganda,22325.497932836253,87949.55455847475,2004-01-01,8010.835377195216,18516.68490025801,33701.79665770026,447.99107403124935
guyana,1511.4637556328432,1999.6749157430088,2004-01-01,184423.7855060268,190836.66344296397,12619.519996141738,141.58156104730406
eritrea,4047.783078016665,4054.508698422917,2004-01-01,0,0,43637.76499811931,80.1084155519608
argentina,318148.4306611109,321636.9121377615,2004-01-01,128346.337840444,224922.11412988085,891561.0553772302,17320.107550625446
paraguay,9385.313661885852,23579.468126793952,2004-01-01,47602.6786327081,109631.5301959938,28240.74838890027,1408.8662519755508
spain,135786.4688081472,137235.64170662212,2004-01-01,32337.76243474442,86047.8790287435,147595.31956299074,5184.154779511454
tajikistan,6839.477997264396,6839.477997264396,2004-01-01,3.487486125367647,3.996769054411765,64136.84101816819,1269.3192671638492
libya,10657.977567166296,10658.22740611942,2004-01-01,0,0.749591578125,7789.885968103003,1314.1627353916049
kosovo,2438.132192303983,2511.774585098469,2004-01-01,1628.0934072307605,3585.423920387126,2081.7051024509183,128.08871226427698
south_africa,66871.18431714637,68030.76159622266,2004-01-01,18762.486079177037,31225.101465323223,560561.820092726,9367.35006640681
republic_of_macedonia,3489.5443189321704,3493.736834190136,2004-01-01,3551.5690279587607,7465.195746578914,10353.581187945809,382.69045878039213
bulgaria,39904.67346952596,40222.21383747694,2004-01-01,24151.2546512684,38973.556061376294,21467.839605610156,2532.1687063431355
kyrgyzstan,12335.64849323045,12343.909764433574,2004-01-01,306.1428131398897,431.01584765674016,144701.1428879197,1802.416785671568
italy,108877.22928188258,114788.3068327394,2004-01-01,46184.24797447818,80346.674354697,35892.38940832525,14006.496187037676
madagascar,2412.663623377149,2571.023987470898,2004-01-01,80121.32937065205,125775.54199297552,374016.5302531096,248.0986424806373
brazil,234825.59867835176,315854.732208785,2004-01-01,3724635.0218679192,4083121.953872165,1757895.85396259,39021.50377629493
greece,29719.871826681432,30729.244039489808,2004-01-01,12838.672972765067,28750.09297191637,30353.973269336595,1865.768730791791
turkey,206619.75915126165,210047.2678899156,2004-01-01,36378.68410266864,73347.22747607726,394695.8687660022,8727.153994451466
portugal,14068.06330807876,14760.434301169937,2004-01-01,6656.016836203132,19287.336992308446,25343.254910318832,1186.33182863468
peru,9076.377153554586,9760.184758117086,2004-01-01,735438.9603526653,758910.9354314144,321763.6981364235,4660.927172688235
bolivia,17202.400225092333,18363.496737514222,2004-01-01,511223.53110767313,587664.5374405383,158948.14634830412,1993.46186085478
namibia,999.0266610414172,999.2758631976671,2004-01-01,1.4952024375,1.4952024375,224921.63552577764,266.6519168114583
malawi,24842.907720055933,25546.44685494135,2004-01-01,7921.952129463292,11773.78828327046,32888.39164722752,151.67811706881145
mozambique,6163.177550365619,6826.38859495269,2004-01-01,101631.0582113036,177838.96824060695,160481.64029493302,1010.4416364099872
egypt,27577.78564450963,28312.40977774695,2004-01-01,0,1.24877309375,4207.220939140129,4005.906277593938
zimbabwe,19296.880307864816,19338.99058567731,2004-01-01,3159.225867234497,4552.329124992938,300542.5641413534,514.39889071875
east_timor,557.6302918880517,608.4622049409315,2004-01-01,2053.345579616911,4571.3764387910505,1131.7307900226103,37.8866659793505
senegal,20210.994593782383,20695.981016719892,2004-01-01,150.09447473167896,150.34351152855393,163258.91542472955,532.1851091460783
mauritania,4.72584554620098,4.72584554620098,2004-01-01,0,0,159256.64093661998,148.4345387831495
chad,114478.23500196404,115086.93453854218,2004-01-01,5309.109487480827,5309.109487480827,419335.3178122326,297.3053270624998
taiwan,3378.120546268498,5226.298480087981,2004-01-01,20083.083012003775,22172.827459219283,501.8521792553921,2980.326762671386
mali,20680.401251952193,20714.67310281518,2004-01-01,3.882344618259804,7.119294712009804,466575.1084944659,440.27418332959536
switzerland,2374.771365386646,3119.1468546866417,2004-01-01,7990.675578822188,12816.718789616722,12001.177195833336,1317.2477474363354
suriname,224.5391292757351,227.52613515073503,2004-01-01,137569.8409665367,139256.67688489993,1315.912232981187,114.74975681249984
australia,279147.13477086206,279691.1675313758,2004-01-01,228098.76945886927,356527.39705645276,1888415.3014245231,9943.063378937492
botswana,8.867271657904412,9.116571376654411,2004-01-01,20.936090203125005,22.182315359375004,364747.5956335205,423.7169133661153
french_guiana,41.07091992187503,41.07091992187503,2004-01-01,80862.49165031903,81863.15401308275,134.77774210300245,62.29627564724265
indonesia,47727.09762538135,132327.23961637003,2004-01-01,1238097.3842763796,1518803.4567460422,29644.73378439709,12609.75266183878
armenia,3067.5713436358465,3068.322329526471,2004-01-01,1538.9605869764089,2264.09137950092,21002.62712788353,852.2822875645228
papua_new_guinea,395.4061044697914,1376.9126821819857,2004-01-01,389162.40305713133,420396.71618429286,6380.541623173953,202.6961285469362
serbia,26015.829912439545,36952.640360311,2004-01-01,12453.025277578616,27080.561394375585,1785.3657361139096,1780.4698574387255
oman,206.1870525286763,206.1870525286763,2004-01-01,0,0,4308.169741748279,281.55722257536763
lebanon,2243.833227985543,2244.3331321730434,2004-01-01,32.991405703125,47.9871848125,3826.532167488913,417.3935790898893
slovenia,1202.4453560817412,1969.6493193553888,2004-01-01,10827.780566203628,14478.58095933622,1027.715649070098,366.8313226264092
ecuador,3712.282636371309,9521.009837043215,2004-01-01,128678.77343546282,153123.51952509378,19061.192032265106,2578.373731890682
ivory_coast,178.10836988241417,5863.247586681254,2004-01-01,17845.803729402385,42855.32714827715,37739.23360609423,1641.8183250469372
central_african_republic,1265.6870187049622,1297.3011774393372,2004-01-01,228656.30826504176,266540.2677584909,41272.02603137859,281.31628001017174
south_sudan,20880.75335992062,20881.76101185481,2004-01-01,11531.980162959926,13533.08973990848,270934.82464138145,76.4133784209559
ghana,23272.991847474495,32044.627764645553,2004-01-01,12415.015188503854,31366.124441227217,86429.91360671689,2264.9302324506107
togo,3840.6502278683224,4198.385201892159,2004-01-01,373.0368242602328,889.5947086938716,23288.457892789986,402.60898148357865
cameroon,58341.915032767065,70480.08004809634,2004-01-01,212109.74179072256,244309.21456950827,11688.520515303144,779.571249093566
benin,44717.26502572756,54293.22058375437,2004-01-01,863.454574312377,877.1780115953427,31219.21402916336,546.2134572775744
sudan,73271.42707556777,74483.2770531451,2004-01-01,19.170524187500003,19.170524187500003,642669.3235974534,2884.6064060605427
niger,25175.465482146417,67629.92905370287,2004-01-01,0,0,221617.8916042505,467.81792021286793
burkina_faso,14009.324002919846,15502.312548601156,2004-01-01,0.497989875,0.7469747656250001,255211.08069953212,361.0777721427695
cayman_islands,3.372166773039216,3.372166773039216,2004-01-01,20.651519491237742,37.69246717984068,14.780847960845584,16.25578525520834
british_virgin_islands,0.24921621875,0.24921621875,2005-01-01,20.113224025061275,35.5734110008579,10.761517159068628,1.2460789062500002
montserrat,2.9654832257965684,2.9654832257965684,2005-01-01,23.75319626795345,24.524125757107864,30.32022088890933,2.8345442230392157
poland,144064.45844971604,150094.1221167647,2005-01-01,67380.30177004135,88927.43470809782,26657.616126420697,8141.158969797249
guadeloupe,154.036133698652,295.55068668302715,2005-01-01,764.124408724388,1196.3798034618876,595.3516021122557,68.33826491060049
saint_kitts_and_nevis,0,0,2005-01-01,77.57905734417892,86.81418257604166,68.23128528848036,5.321649821446078
barbados,127.18409602757342,128.42937069944838,2005-01-01,6.475475593750002,6.475475593750002,185.82740708768392,21.180380431678913
myanmar,131769.90732194227,132480.152810288,2005-01-01,345954.4697077353,448978.17006297695,36180.94590166376,1496.3696958067394
japan,24806.751028858467,33883.0562879513,2005-01-01,234519.4360147804,262976.0352091207,14245.092713355074,28509.132950553183
trinidad_and_tobago,26.393227421874997,26.6422156875,2005-01-01,2991.078186167394,3417.4841585486456,607.5211711124398,359.96868511973014
luxembourg,427.95649080894657,614.0088569050255,2005-01-01,564.0297517258574,777.8820943335777,260.6771003601715,162.30362847610292
iceland,0.50317646875,0.50317646875,2005-01-01,26.123676406617648,27.493453922181367,54246.70496902849,46.36704679712009
cambodia,43520.32060668014,45825.088624178374,2005-01-01,70840.71732935715,84065.4118856644,14126.365969821069,375.7100622110906
guinea-bissau,50.10632034754904,50.10632034754904,2005-01-01,2057.7505823852925,2999.4675563771452,2245.9840170895236,38.05230638075979
jamaica,510.5072570098041,646.5441074348034,2005-01-01,4308.9945864468145,8559.30940276483,534.489750861949,349.7070758294734
puerto_rico,661.8025288831507,857.6367111837013,2005-01-01,2362.932078750856,5407.1507904228565,836.6021502745107,1159.420944941975
south_korea,18498.37477303206,19337.701313168214,2005-01-01,44110.09044178645,65351.15103860653,3120.0943564393997,4865.5225133399435
dominican_republic,1885.4329494152587,3603.207777776402,2005-01-01,8997.383839092892,25207.045848410417,3570.3923677590096,721.5401615721811
cuba,16569.362653097898,36004.54595051177,2005-01-01,20780.523126806555,33333.232821205704,2821.1988612026976,654.9751203626839
laos,3188.905067804655,3246.9611940958935,2005-01-01,152768.96773494757,196543.38270230076,15109.193427814324,166.56885785962024
panama,235.80013245845583,250.73739428658087,2005-01-01,36163.810456515035,46874.8695678037,2219.9825524856624,402.42285374025784
the_bahamas,1.636600590257353,1.636600590257353,2005-01-01,1236.8786458974266,2225.967482888113,3016.297699364022,77.15249037763479
liberia,3.2362605,154.3167109292893,2005-01-01,53136.31814402536,92467.61748980577,40.47065287242647,149.64159412849267
bangladesh,65160.14979249139,86903.76642381049,2005-01-01,4614.057033176839,12610.4443552818,2296.5323809356623,981.5943135469356
honduras,1929.693838810663,2177.3049182950363,2005-01-01,35694.66243130428,80223.48753766452,4147.981930270282,244.0801198933211
nepal,22469.867436746452,23439.65895465583,2005-01-01,35085.875819505585,67601.20962112906,24828.277314694133,290.8231308051471
colombia,1820.982788137869,7083.624442553731,2005-01-01,599158.7157343824,736359.2004370594,73057.06654791367,4046.2403363749368
sierra_leone,92.95625822732842,5037.8337343524545,2005-01-01,2791.9824414813097,33650.536474840526,240.802057466054,159.54971068278184
thailand,198972.92126733705,210271.10355379657,2005-01-01,116128.82868311967,186527.20920010365,47464.91232136943,5263.504318972303
chile,3868.001673490625,6434.22451138125,2005-01-01,154084.51196693289,186138.64745192535,95181.18672387626,4050.532776544239
philippines,20218.933302296515,49282.90674827736,2005-01-01,105891.04497149849,162183.1887623444,14654.355258552756,3013.5112583852338
vietnam,47477.911108964145,67726.99514120215,2005-01-01,95413.85962577992,153317.39379647723,17656.29532984711,4610.813898064217
bhutan,115.5983555757353,145.0821324064951,2005-01-01,27544.065573312728,29652.362678886395,5445.908069518743,19.505705821384804
equatorial_guinea,46.045433781250026,55.50334240625002,2005-01-01,22473.71816980467,25521.3730627786,31.543790959068623,31.88284123768384
nicaragua,3383.302019631806,4087.835765084932,2005-01-01,33104.89833908758,60501.943530354656,5301.690862747736,186.07673175894607
latvia,7012.1952088915,9060.795256023614,2005-01-01,22435.38358464038,41986.46642436708,3614.015080953554,218.7899241743871
brunei,0,0,2005-01-01,4704.615379452622,4979.656897868734,105.24006438155637,208.22242075416665
united_kingdom,50839.66465407824,64509.12775179297,2005-01-01,14976.124886571211,18312.644734404472,40361.00282379834,9365.475614900868
finland,95.43448421403188,95.43448421403188,2005-01-01,90556.5245409148,251098.19712882923,10557.921862620951,567.0421891267158
belize,50.76268821452206,75.15012889209558,2005-01-01,15760.428603009108,18301.98814577448,1692.0187680784309,11.513385093382356
ireland,2103.0066790312485,5463.731273362562,2005-01-01,4263.081098879536,4849.373198900674,23322.209469308546,361.47243648375985
norway,1632.214250903432,1840.6405165664216,2005-01-01,48724.91257941768,99292.26138221864,114647.67788311312,391.51089726991427
haiti,7136.402675062974,9428.284284790105,2005-01-01,361.28513970845586,4169.482533075989,3373.6962581847447,333.4612148212623
venezuela,7923.061621223671,8798.2052268013,2005-01-01,430774.17043777823,494884.863673604,180179.372224223,5175.070217540259
el_salvador,1415.5309458511056,3387.3003693806418,2005-01-01,2265.297154750553,7150.032115739038,288.9089614000613,180.82149376011049
costa_rica,504.12109813339464,514.8277325865196,2005-01-01,21134.506662244767,40023.94458505815,2857.117785135048,426.48328636489
gambia,4283.593734106741,4292.061702794241,2005-01-01,0,0,5087.341763767215,77.2853116384191
guatemala,3065.467215546818,6222.487930125555,2005-01-01,40074.564414447625,75375.38405272951,3869.2033133408095,367.461374415074
malaysia,3056.183846415871,5685.884024721196,2005-01-01,244705.700013918,296415.18910325377,6657.080805692895,4205.538965485181
north_korea,33009.711005394434,33777.25138268536,2005-01-01,60974.09098704292,74211.01162658552,7176.280306102512,1803.4642593033095
mexico,141272.78313299763,157822.47663406376,2005-01-01,258022.48512870105,465030.8849689113,503507.0361605675,9002.251341419198
belgium,10098.790146400312,12044.903424321448,2005-01-01,5231.593108459989,5802.201417704112,2585.666573546017,3418.9077585589444
estonia,3581.7881423472422,4256.938196505696,2005-01-01,17035.133042001533,31059.504012790778,3447.3842375800864,183.03339224154425
lithuania,17854.17064196494,18684.241380479343,2005-01-01,13817.520378394303,21104.041260122485,10306.94480623554,360.40851230992666
yemen,2064.4905069062543,2070.9674948906295,2005-01-01,0,0,27513.791536913803,822.0561600329046
djibouti,0,0,2005-01-01,0,0,5414.868635239279,17.643950066850493
qatar,0,0,2005-01-01,0,0,9.230881359375,344.7291560879907
somalia,817.8489718398898,835.5201049023898,2005-01-01,0.24888409375,1.6006678906862748,244981.27408299575,232.9735376146446
kenya,14609.670767167272,31344.765559741023,2005-01-01,7619.980443075299,11679.875303330866,413872.14931945864,498.8243694895235
uzbekistan,47660.266334372354,47660.266334372354,2005-01-01,0,0,193629.7996785792,10568.385041618443
china,1241160.415080654,1446446.4661285044,2005-01-01,821655.3242817975,1771568.099589775,2847382.4256182783,119851.15856105236
belarus,56093.10515433722,60090.26779841535,2005-01-01,58370.355140892825,97965.7571820897,20096.033590893603,1394.2177341125594
pakistan,169396.3971776891,169960.65666654106,2005-01-01,1306.840448999082,5033.280459834441,117688.49981721277,6306.216755885605
somaliland,0,0,2005-01-01,24.651328953124995,24.651328953124995,9358.573031394655,74.72970008443627
jordan,2147.307576554472,2151.304964882597,2005-01-01,0,7.24530446875,1304.79928155435,807.0764608908701
mongolia,204.34434503995095,204.34434503995095,2005-01-01,9579.19531714786,36116.97986694653,982282.8641091728,989.0164238514708
turkmenistan,14106.240087502929,14106.240087502929,2005-01-01,0,0,111299.0284847064,1682.6858324771458
russia,1127163.6973359135,1214399.0753815311,2005-01-01,3829379.576114166,6323043.910025004,2275184.013507383,29159.30197970675
france,187888.52628512957,236751.60969620573,2005-01-01,72053.88538639776,130004.05673290818,41459.87098216843,12848.125842131689
republic_of_the_congo,67.45196756250004,262.51304617769614,2005-01-01,216245.29933805944,243565.3903731901,35069.41198551391,475.9655651011645
palestine,1669.1162481830272,1674.3627704330272,2005-01-01,0,0,2084.560220741423,333.4092537029413
democratic_republic_of_the_congo,349.6138473170344,751.6074844518381,2005-01-01,1275243.790882293,1632903.1874989318,56031.97042946564,2648.4384149709563
austria,13630.00352843148,14681.815076942876,2005-01-01,31858.675961942434,46099.38258241345,12013.429185668736,2069.704776178432
gabon,1.74222009375,97.50119636832116,2005-01-01,216059.4555087549,241288.9779526697,7835.169691548408,278.66525607181364
canada,475089.92714804714,491248.9556410461,2005-01-01,1630163.8595902452,3468378.8405035846,1950558.3078220617,9360.103595244183
ethiopia,158410.44514240333,160806.80705201268,2005-01-01,34145.78546122991,41814.18760515176,456420.0865350773,991.3937341360306
guinea,7503.563250316295,13838.516820578365,2005-01-01,3237.5299264057,14858.015289198553,22815.28812529243,311.0323801559437
nigeria,304564.38226345315,370340.05019182607,2005-01-01,24695.709389525535,42222.762763136416,344173.972717935,6653.411470393997
new_zealand,1427.40357688848,1516.7297356325382,2005-01-01,101166.1817459225,110341.37205481488,92619.5001064362,1097.3047616563729
uruguay,985.5887921392158,1041.0509925973045,2005-01-01,3005.1908132245717,3657.5733287465073,111090.13084334631,1071.7230368447326
india,1912089.5687529997,1963601.2557235784,2005-01-01,292109.8630912696,418117.66516026045,273355.975730188,34211.83877379923
iran,76690.39885714091,76808.69480378153,2005-01-01,11658.105774122698,16461.230642212937,352308.3605360835,8127.194343820525
conus_ak,1353059.826791156,1453167.5035691937,2005-01-01,1319726.250840362,2573855.062914499,2916065.6938378816,131656.3939023695
hungary,57505.14328662905,58924.44396472024,2005-01-01,10347.878422115122,13641.906263845822,9949.106447598033,3563.808316662622
united_arab_emirates,2.744572046875,2.744572046875,2005-01-01,0,0,302.49309788578427,507.2317014533702
croatia,8990.08915675951,10198.002493203872,2005-01-01,16118.85909878886,23070.858922155796,8771.59420102758,644.81869986728
germany,125964.67247156336,139377.35385940605,2005-01-01,82353.59773710382,95846.46035843474,30292.902925186445,25065.471165327453
bosnia_and_herzegovina,5082.255199605463,7861.659215872249,2005-01-01,16903.239702359504,28786.71994654289,6516.354445107479,374.1157580930759
slovakia,15911.337812815387,16109.227771084445,2005-01-01,20660.50030347283,23876.304564295053,3016.741972121138,1674.8261329139705
netherlands,6844.345747310106,11835.12980590342,2005-01-01,1935.2444688098033,2124.6388314530036,4469.999169056496,4646.62747565454
afghanistan,21091.983019182466,21091.983019182466,2005-01-01,164.99115412499992,526.2265709187502,248707.1746380384,893.279168852145
iraq,39106.194307522805,39289.61689933531,2005-01-01,0,0,51699.35289601211,3543.7981531632936
georgia,2934.02127948248,2952.0491149512272,2005-01-01,22429.60113893496,31951.75874931352,24658.305390918995,846.3178977602329
rwanda,5006.180318074256,10274.804913363309,2005-01-01,1226.975781382048,1341.9627137731009,7344.529247683392,95.05699575447316
ukraine,361204.3912298367,379387.7754421952,2005-01-01,57340.96867564056,82474.84576726997,41966.69400929891,10168.739000394602
czech_republic,34071.70760115743,36958.75148919101,2005-01-01,21058.254077207683,25585.74463871488,3587.827847760846,3417.008500618017
israel,4757.4188899170995,4757.4188899170995,2005-01-01,6.995813640624999,13.991417171875,3826.616631876411,1069.3901976990187
saudi_arabia,3209.211326296869,3209.211326296869,2005-01-01,0,0,14489.187433125117,4475.149336929408
syria,39800.77848537639,40643.56217048019,2005-01-01,181.7194332336397,225.6130588379901,7780.220406605644,2627.057452561582
romania,100069.56690114636,102864.64006150616,2005-01-01,59234.43248467086,78962.05043885167,16028.12782247175,5291.631453544238
moldova,28698.30375594175,28938.486264791267,2005-01-01,1272.5998173023288,1404.0919183175854,1020.8832930982838,1010.9264846335782
burundi,5919.71858034296,12040.639345646763,2005-01-01,401.8683225206493,485.93823616292855,3582.5982976597384,66.45481685937503
kazakhstan,140056.00055536476,140229.67636064044,2005-01-01,10768.214634996886,17416.613648644547,2324730.4086275916,3510.2427150206513
sri_lanka,2760.578952008457,8953.4640510979,2005-01-01,8967.239860447158,32848.61585554733,4390.368765241167,359.6470791574146
angola,3546.0695112594294,4569.43527529418,2005-01-01,109610.47361102492,343301.6952337987,404808.5290472423,912.966552479228
azerbaijan,23163.017337269062,23170.777446472188,2005-01-01,4063.5691592778794,6373.726970079534,47010.13255826042,2006.9446337107815
denmark,24676.01241052536,29789.54218647471,2005-01-01,1898.5242353118235,1965.007703345464,1006.2879688359682,831.2385698319241
tanzania,15866.823062058877,17942.480460128718,2005-01-01,81519.21520580401,107451.0160377006,381233.6488198013,998.691653491666
sweden,13073.6755456425,14649.957998446736,2005-01-01,142332.07501565127,322661.9985300152,22098.1192971032,1341.514245925245
montenegro,42.99211441715686,55.58595517475489,2005-01-01,2318.477964818997,5443.613910320283,3673.8164886648856,95.24502620692408
morocco,75360.94803111676,75392.94089327301,2005-01-01,775.2896489642164,1421.9399983235294,59293.676958108656,1837.4386534851724
eswatini,605.0233785003674,608.7663433909922,2005-01-01,1372.221490867953,1816.1694042930772,9803.453089752624,29.197230515625
zambia,2573.184796598223,2608.043240113848,2005-01-01,81868.54005628508,202085.11945787285,195695.8735566124,809.3534622960176
algeria,57779.35821046158,57847.1274334772,2005-01-01,3450.510208812203,5628.702048440273,48970.62094286767,2941.186971446078
tunisia,26550.81279559208,26594.575788576454,2005-01-01,760.7737281267778,1235.3605554406856,9746.229010375751,1218.5230925861522
albania,3406.6782191784914,3523.554319743687,2005-01-01,941.982994102696,2381.0477399000624,10225.364597682645,216.80192902242655
lesotho,635.215854008826,636.713816602576,2005-01-01,0,0.24967921875,27504.480871695756,69.65973241832108
uganda,22780.81573153293,88343.76408637535,2005-01-01,7762.290831803303,18291.61381288766,33721.581892941686,456.9508504843743
guyana,1440.5469649958334,1973.453251069296,2005-01-01,184359.21831015553,190814.02839067875,12539.793364084811,141.83048675042906
eritrea,4029.6754954906824,4035.4047134750576,2005-01-01,0,0,43792.03991132656,80.1084155519608
argentina,319413.6898780757,322588.7932897993,2005-01-01,127097.7042003828,220317.6795542352,892713.9871866088,17321.35724526607
paraguay,9874.181026264216,24291.445390709727,2005-01-01,48767.876994518025,108720.20407781815,29317.816253432997,1408.8662519755508
spain,131197.68391452142,132598.77828993642,2005-01-01,31681.360512458315,85531.73415332571,150996.0847996934,5204.252514069725
tajikistan,6636.062879107968,6636.062879107968,2005-01-01,3.237258390992647,3.4963156481617648,64319.86017039307,1269.3192671638492
libya,10623.139455158886,10623.38929411201,2005-01-01,0,0.749591578125,7748.564921071627,1314.662465579105
kosovo,2407.832712772732,2480.452826038358,2005-01-01,1585.7177983849886,3599.724103274811,2105.4366371316783,128.08871226427698
south_africa,66907.63842316695,68180.34620582119,2005-01-01,19441.297623374143,31638.76297446999,560313.6401461484,9405.135178179977
republic_of_macedonia,3400.8397816064357,3404.856539825492,2005-01-01,3562.039887971874,7519.620103928605,10327.340441712537,382.69045878039213
bulgaria,39067.90920499966,39439.73060990689,2005-01-01,24277.907033258045,39458.13573496139,21471.14054468045,2533.4207390931365
kyrgyzstan,12161.436293410532,12168.195451394908,2005-01-01,286.86458378051475,420.17914398406856,144928.38047879378,1804.169818921568
italy,107989.7733776819,114109.91718896064,2005-01-01,46100.840874202026,80726.91817802153,36048.06254236277,14019.5235149802
madagascar,2520.690727536706,2683.288182942956,2005-01-01,79798.7558597301,125658.8984332884,374805.74333250266,248.5970829806373
brazil,239288.87276591573,321038.7999492146,2005-01-01,3695270.213959987,4061303.366039575,1765957.3720999,39037.21124088869
greece,29499.318372313897,30555.03453074938,2005-01-01,13239.64648378842,29269.699235311324,30279.087770563805,1868.020557479291
turkey,205489.5491525801,208966.47032846615,2005-01-01,37118.6491357456,75436.71998286659,394135.6489082225,8748.11812764583
portugal,13627.741492207066,14289.592642204492,2005-01-01,5849.010752584871,18933.660657837067,26423.268540005905,1188.3741272376826
peru,9335.902446077142,10034.14640743652,2005-01-01,733908.3131983507,758675.89809113,321792.6968525958,4665.909155610109
bolivia,17848.089386668576,18939.422113746707,2005-01-01,511604.1183041305,588146.7201652164,158402.39605180663,1994.2094010110304
namibia,965.4157035890888,968.9044524328392,2005-01-01,1.9936087812499996,1.9936087812499996,223262.70407638047,266.9011009989583
malawi,24903.67959547436,25541.566419797786,2005-01-01,7956.742228864822,11703.974831575364,33554.92384257392,155.66335067818648
mozambique,6221.705466440747,6840.618705638111,2005-01-01,103740.6356241545,176831.19678448417,167187.0308001385,1016.1794130037372
egypt,27640.08556383389,28377.940607087006,2005-01-01,0,0.7492648749999999,4422.089826691112,4022.385807750187
zimbabwe,19814.153425567572,19849.28843047382,2005-01-01,3302.159578097303,4512.59539835176,301270.0406230423,516.3925352499998
east_timor,558.788456233885,605.4992762947304,2005-01-01,2026.776062922976,4705.309474133454,1158.3208341517154,37.8866659793505
senegal,19437.618377896957,19800.051872537573,2005-01-01,232.0272520024511,232.77436636182608,163893.76355437707,534.9251690835783
mauritania,5.2700713359681375,5.2700713359681375,2005-01-01,0,0,163650.30434718492,148.93295262689946
chad,113720.63161403712,114336.04872277733,2005-01-01,5794.646137399819,5794.646137399819,421948.1194709868,298.30144606249985
taiwan,3298.5458350484614,5197.421418168928,2005-01-01,20093.76561213313,22284.00853071707,506.96731152757343,2993.796143952637
mali,20053.26356775048,20087.07891582947,2005-01-01,5.127312196384804,8.862253477634804,469023.4377502015,443.0136371577203
switzerland,2357.419073463361,3176.823847316542,2005-01-01,7855.055703236098,12809.454144343868,11836.078302929109,1318.2268889205268
suriname,215.282312695037,219.01607149191193,2005-01-01,137585.59085423843,139252.17668928104,1237.5810147822913,115.24759015624984
australia,277757.37489592563,278357.30552106164,2005-01-01,230823.19320317535,362318.5503255816,1886505.361499016,9970.297371624996
botswana,8.432721746568626,8.432721746568626,2005-01-01,17.446921843750005,18.443865640625003,358978.7362267698,425.7126076161153
french_guiana,37.33719940625,37.33719940625,2005-01-01,80854.55098495158,81861.49266467025,136.34250955625,62.29627564724265
indonesia,46929.21774543088,131722.11648488304,2005-01-01,1230022.916285939,1520569.6602719305,28439.330451225353,12684.67452783878
armenia,2982.1110280234693,2983.112341757844,2005-01-01,1511.835522525428,2297.639444121998,21082.52272276232,852.2822875645227
papua_new_guinea,337.3791571014091,1332.845078536337,2005-01-01,389669.29370869487,420839.8755713028,5858.702821754352,202.6961285469362
serbia,25895.29570520781,36895.302504770414,2005-01-01,12456.803482506186,27298.40893973478,1793.995683396079,1780.7204041887255
oman,187.97002746249976,187.97002746249976,2005-01-01,0,0,4295.463937345155,282.3054448878677
lebanon,2225.934086009685,2226.6839474471853,2005-01-01,32.24156804687501,52.7358903125,3785.434622097676,417.3935790898893
slovenia,1205.7890245704666,1974.6096938576568,2005-01-01,10813.908210187874,14515.223318129842,998.0520224366416,366.8313226264092
ecuador,3729.465142818799,8724.089466240694,2005-01-01,126969.01685473448,154288.7624020157,19259.601582253305,2588.0802918125573
ivory_coast,156.06128104656855,6114.777218816117,2005-01-01,17210.316684115853,43385.397559811376,38059.35608830915,1646.7966717344375
central_african_republic,1071.3865834850487,1102.7518109694236,2005-01-01,227123.8300148694,265302.18757239025,41104.56128510385,283.05859716642175
south_sudan,21661.411258762455,21662.950136607054,2005-01-01,12133.140113232535,14019.634254364724,267969.01888586895,76.91129413970589
ghana,23321.70429418748,31993.70942240795,2005-01-01,11740.72313274938,31971.37260543587,86709.46207965662,2291.3477290076576
togo,3837.487159351654,4149.678880533149,2005-01-01,290.9769271473039,875.6596598479152,23826.765690400767,405.5199847729169
cameroon,57966.42454574638,69933.42876476562,2005-01-01,212757.55184006403,243398.12293347216,11990.199307866496,789.5273190466912
benin,44346.81749751049,53811.43099356702,2005-01-01,726.4061477523277,738.1061217835778,32162.556183704717,559.1577066056997
sudan,72985.03173661817,74159.88094035933,2005-01-01,23.4030888125,23.4030888125,645148.8869703466,2891.0832315449175
niger,25220.269865891027,68409.15551956242,2005-01-01,0,0,224691.7987293602,468.06698399411795
burkina_faso,13864.974386709306,15432.882617393374,2005-01-01,0.497989875,0.497989875,255400.02608428744,363.31910025214455
cayman_islands,3.621412960539217,3.621412960539217,2005-01-01,20.12173758786765,40.29638287794117,15.030099242095586,16.25578525520834
british_virgin_islands,0.24921621875,0.24921621875,2006-01-01,19.864008915686274,35.8226280164829,10.370583410906864,1.2460789062500002
montserrat,3.2146418195465687,3.2146418195465687,2006-01-01,22.258244439828445,23.98868337830885,31.10482386145835,2.8345442230392157
poland,142442.84800176462,148646.56273301534,2006-01-01,68402.32705718011,88950.50916428897,27036.915091706167,8152.201941031623
guadeloupe,138.84899821709558,295.56144331084573,2006-01-01,741.4965567719985,1205.5279672131746,579.9879400019616,68.33826491060049
saint_kitts_and_nevis,0,0,2006-01-01,76.30973101936274,87.36432718308824,61.27674330686269,5.321649821446078
barbados,123.36330954123774,125.1066940568627,2006-01-01,6.724531156250002,6.724531156250002,183.17275282401957,21.180380431678913
myanmar,131583.30161608866,132310.86444719884,2006-01-01,341788.74026775523,447988.7303581487,36777.24232360827,1497.388038053124
japan,24831.98204162966,33937.13494548046,2006-01-01,233578.58793922592,262606.6237019165,14286.572076733211,28540.352523535417
trinidad_and_tobago,24.152357718749997,24.40134496875,2006-01-01,2951.542208189148,3407.901470890558,584.5897951205898,359.96868511973014
luxembourg,429.45978518621376,617.2895700066799,2006-01-01,566.8914554042885,781.4077746067396,254.02719402408084,162.30362847610292
iceland,0,0,2006-01-01,23.60732312536765,24.11064968786765,54247.03526443706,46.61864771899509
cambodia,43598.18722793868,45848.1652469675,2006-01-01,69045.3456857111,82466.23674987769,14534.49959819302,378.9474572423406
guinea-bissau,50.76057607175247,50.76057607175247,2006-01-01,2365.717976308268,3274.392550530697,2235.819110106986,38.79937702138479
jamaica,478.7121536228556,631.9437613759801,2006-01-01,4267.933115254168,8586.585325731374,500.2946000752454,349.9562761732234
puerto_rico,605.4659416550866,810.2715351118882,2006-01-01,2319.919775798709,5487.983511970646,764.8079474431379,1160.41776361385
south_korea,18365.101155003384,19229.934257858287,2006-01-01,44039.10371311056,65306.765016778874,3261.6525897340075,4883.276755511817
dominican_republic,1819.888150202452,3570.9895273393327,2006-01-01,8725.71743961856,25398.8020838307,3491.6296176738365,724.5309095253064
cuba,15555.633189038526,35219.150677593054,2006-01-01,21473.23053841323,34390.003690610945,2780.6594832743895,656.2217414720589
laos,3277.526220687683,3328.355264432045,2006-01-01,149902.46303427944,195902.74899833143,15511.986522669908,167.06725810962024
panama,237.54278136470583,256.2143750834559,2006-01-01,35602.76368227262,47112.076957502315,2202.4739673745707,402.67181905275777
the_bahamas,1.9898235509803923,1.9898235509803923,2006-01-01,1261.5946487128065,2253.4550064276336,3022.255688684671,77.92944756672793
liberia,3.982935,174.0434953814338,2006-01-01,52689.660899977294,92281.01674654488,51.19436622830884,152.15717367450986
bangladesh,65831.13537485476,87329.88717007077,2006-01-01,4463.602154687132,12583.722188612865,2230.731559003554,985.0862979531856
honduras,1908.7518494350509,2165.331180575674,2006-01-01,34941.21576962138,80512.93899238712,4333.232106752512,247.56767333082112
nepal,22397.053924387754,23379.68440185172,2006-01-01,35116.394306750735,67689.86315983668,24656.405155453467,292.0711468207721
colombia,1748.804886559743,7063.96686511623,2006-01-01,597134.565733985,736940.5944561329,71610.9868522283,4051.218584421812
sierra_leone,103.65442577990196,4960.895929366793,2006-01-01,2525.1644463955263,33557.6309861192,287.0661943314951,160.29657797965683
thailand,198891.0641483695,210156.35527378303,2006-01-01,114931.7458781992,187935.8239910701,46878.12440650194,5298.663286466666
chile,3749.2184160843767,6314.983970459378,2006-01-01,153887.2845215513,186049.848448204,93712.79122525436,4058.0264330598648
philippines,19152.445882478743,48479.19483901548,2006-01-01,104828.38526949345,163373.30674341018,14441.17183155228,3019.488949088359
vietnam,46989.65910179858,67439.89152716898,2006-01-01,93643.65023690904,152866.85514961195,17623.494905855576,4667.325164842407
bhutan,120.48218297738973,146.82146966366423,2006-01-01,27591.587684670452,29719.211513323477,5482.258744064824,19.755269790134804
equatorial_guinea,13.191444468750008,17.671528703125002,2006-01-01,22339.68411744432,25404.41066473823,17.139222247794116,33.376155878308836
nicaragua,3330.4881579701023,4033.776308313853,2006-01-01,31965.222278293335,61038.09336699442,5218.908543343934,187.57091335269607
latvia,6978.347673510619,9035.733443675876,2006-01-01,22509.54844043959,41969.47699076465,3520.0064621988995,219.2924332368871
brunei,0,0,2006-01-01,4705.423603560033,4979.559286886685,100.13799060533088,208.47132853541663
united_kingdom,50710.57838738849,64671.11700994373,2006-01-01,14664.174059868246,18254.84486065809,40364.230314106855,9383.13893153598
finland,68.27286257340687,68.27286257340687,2006-01-01,87888.97992294878,250432.847351552,10639.177453238171,568.6083733957109
belize,42.53883868327206,66.6770756577206,2006-01-01,15650.031362108492,18245.821258837714,1709.1161521658698,11.513385093382356
ireland,2144.8854550319224,5482.873637113173,2006-01-01,4193.059584813481,4837.604445304903,23623.29947247841,365.2377658743849
norway,1572.3816921894606,1796.643487258701,2006-01-01,47812.966604654444,98995.4813290592,115143.91473226856,392.76787758241426
haiti,6974.658119618679,9365.74423374176,2006-01-01,354.15265259522045,4211.007885180523,3276.4817182022684,334.95656782126224
venezuela,7838.594603206756,8750.837259175018,2006-01-01,429405.77571403835,495894.1184143836,180040.22501934017,5179.759487090444
el_salvador,1403.26737233646,3366.817679678498,2006-01-01,2215.9089444573547,7305.3567382459,286.11073749087006,181.56870644761048
costa_rica,482.91949895698514,496.3650392694853,2006-01-01,20694.90193746223,40246.40046590617,2809.4242613562515,428.4751497398901
gambia,4161.233134721202,4169.4520443462025,2006-01-01,0,0,5210.779611064024,78.0324934196691
guatemala,3087.4949798545995,6242.8255925222475,2006-01-01,38930.77023901014,75510.33037395075,3856.931771295958,368.95593305569906
malaysia,2983.00848354093,5705.030200842155,2006-01-01,242396.79528561467,297066.7557314717,6012.003147726715,4259.65039917097
north_korea,32905.63070870824,33684.08484921099,2006-01-01,60754.09000392029,73830.5064278402,7404.628719940685,1806.7171352408095
mexico,141074.0889345119,157452.96135308387,2006-01-01,260158.2755583577,469952.4381865355,513697.0172138539,9057.8669116621
belgium,10137.569396717096,12026.631917711213,2006-01-01,5211.940024590382,5810.008262465631,2596.8713924637245,3420.882522404532
estonia,3599.1275156284923,4248.138604083821,2006-01-01,16942.78880506569,30973.280207981425,3471.032425494118,183.03339224154425
lithuania,17898.185518546874,18685.455700370578,2006-01-01,14070.436765878923,21285.713423672976,10145.671764871937,360.91085727867664
yemen,2224.912723421878,2231.3896715312535,2006-01-01,0,0,27278.39528108004,822.8034547829045
djibouti,0,0,2006-01-01,0,0,5466.4903725501845,17.643950066850493
qatar,0,0,2006-01-01,0,0,12.47446465625,345.47763283799065
somalia,837.8897461674633,860.7872701518384,2006-01-01,0.24888409375,1.8495524063112747,244254.674560988,234.35671407818623
kenya,15071.66346448345,31815.62516839713,2006-01-01,7599.665489730759,11639.264276840237,417626.8584055114,501.3132870051484
uzbekistan,47588.92102462504,47588.92102462504,2006-01-01,0,0,192126.0500060024,10569.386145618442
china,1235065.7670537564,1442394.0383337392,2006-01-01,822349.8932647485,1773707.0729515515,2848220.4135907236,121381.54545764934
belarus,56019.7979887579,60037.03469420196,2006-01-01,59390.703614353835,98525.3154826408,19686.473719817932,1397.4814981281845
pakistan,172032.93435717217,172582.94561383632,2006-01-01,1306.4370013593148,5008.265360955335,118638.53752289664,6316.128288426414
somaliland,0,0,2006-01-01,28.88438723437499,28.88438723437499,9186.816216142211,75.22477701366421
jordan,2083.962751411885,2086.71094424001,2006-01-01,0,4.7469215625,1187.203904211826,807.8259505627451
mongolia,210.74151378676464,210.74151378676464,2006-01-01,9149.87508938609,35256.386082959354,983728.0273302476,989.0164238514708
turkmenistan,14203.915899178231,14203.915899178231,2006-01-01,0,0,106789.67561062692,1682.6858324771458
russia,1128348.72396417,1216020.409209931,2006-01-01,3847660.339074225,6346887.088001577,2279690.4551647715,29211.775694363
france,187005.3517368939,236898.61937544137,2006-01-01,72374.3843302105,129543.18983853486,41783.808657982816,12860.409344459811
republic_of_the_congo,58.24265659375002,248.85659435484067,2006-01-01,216470.79107665896,241735.565087125,34819.74875635103,479.69909113241454
palestine,1591.8469433515934,1598.592474117218,2006-01-01,0,0,2055.603367552329,334.90808178106636
democratic_republic_of_the_congo,352.6341253967525,788.2778077961397,2006-01-01,1273765.713535007,1629045.42832786,56669.73127766726,2661.520198843506
austria,13587.19293242781,14698.25228635549,2006-01-01,31669.765465129996,45885.06756530617,11997.63513809968,2071.460007647182
gabon,1.74220265625,54.518833726470575,2006-01-01,215270.2391402707,241106.4227818231,7912.706309865808,279.73203636354157
canada,474892.7826354747,491373.6615212784,2006-01-01,1636201.7391060456,3469289.9506217167,1963392.4821843177,9397.414379147069
ethiopia,158231.1719650478,160526.4595125008,2006-01-01,34465.46568824552,42309.35379643298,457047.3234181579,995.1281575422806
guinea,7361.9145381693525,13699.209039723955,2006-01-01,3372.4287629865194,15061.871169562766,22663.19839877674,315.7629554840687
nigeria,305070.4253065202,370152.5553264408,2006-01-01,23941.807882211084,40877.57065333936,344999.7739055422,6882.725447367891
new_zealand,1444.7655697587618,1535.1076255987143,2006-01-01,101047.60274387112,110588.436849681,91392.12952562708,1098.305796734498
uruguay,1257.2159938351722,1303.6838271370102,2006-01-01,3198.9235234573534,3833.557490520465,111817.04567985288,1072.4729498291076
india,1915279.476293502,1966917.4643273489,2006-01-01,295559.1058606032,422421.6468346723,271854.00080771773,34296.45548363586
iran,76204.73477041551,76313.02675739987,2006-01-01,11339.858006214916,16403.988005175124,352210.7314311448,8136.876951745893
conus_ak,1346103.4419549045,1448405.0326788998,2006-01-01,1302396.9682800528,2566848.5334434924,2929811.833452887,131998.54758838713
hungary,57352.21730385614,58660.11080921715,2006-01-01,10401.810092924674,13608.769591249373,10208.79076408645,3565.312504428247
united_arab_emirates,2.994078765625,2.994078765625,2006-01-01,0,0,290.3946102298405,511.4727555002453
croatia,8915.00458774076,10075.70106570981,2006-01-01,16254.949747380038,23337.437825488552,8552.991772512509,645.5705075860299
germany,124573.2624808234,138553.2884655388,2006-01-01,82481.2774703513,95884.49371326032,30025.87715881487,25072.998825608694
bosnia_and_herzegovina,4961.0749406228615,7671.446926724207,2006-01-01,17028.264779836587,29165.10572622131,6406.773085054415,374.36629534307593
slovakia,15864.554542273783,16046.255493565628,2006-01-01,20699.963974054444,23945.07137441504,3006.296699953187,1677.8355416483455
netherlands,6755.417249241112,11784.473335541905,2006-01-01,1911.4710028264697,2116.7784987105997,4472.996618845224,4653.937243478988
afghanistan,20537.11675752525,20537.11675752525,2006-01-01,162.74123201562492,528.417339052206,250286.13213530145,894.278970383395
iraq,37913.83802440809,38077.01932487683,2006-01-01,0,0,50491.12317655936,3551.296612210169
georgia,2812.69004051857,2828.7149067841938,2006-01-01,22176.86965921044,31887.757847196113,24727.61521943368,847.8202529008579
rwanda,4747.872932987432,10324.687240339406,2006-01-01,1219.8195849326603,1338.43343610625,7262.276418659129,96.66158173774524
ukraine,360038.09536777285,377773.7669983751,2006-01-01,57950.631052733304,83212.40702839143,42037.4501097609,10183.78514791023
czech_republic,33817.77078187276,36767.25017644379,2006-01-01,21206.93125205664,25620.815629109693,3552.6005354507365,3419.2660476805167
israel,4729.219195569366,4729.219195569366,2006-01-01,8.494796015624999,15.240596796875,3751.941383994181,1071.888569777144
saudi_arabia,3290.81880489062,3290.81880489062,2006-01-01,0,0,14681.59071771292,4484.8785283356565
syria,38819.35931516199,39602.27988304043,2006-01-01,176.7186926086397,220.3622632754901,7423.224189485179,2630.556778358457
romania,99155.9407253018,101878.98080203233,2006-01-01,59291.273023518246,79147.70013451799,17129.137811027405,5293.886696684864
moldova,28553.53247249665,28788.132359769203,2006-01-01,1251.1093331286768,1397.563004203492,1165.6820588971202,1011.4277473992032
burundi,5914.549769634995,11878.596944861838,2006-01-01,400.87265322377425,480.44209779859034,4005.325641696013,68.69487078125003
kazakhstan,141339.19973786356,141500.06284560988,2006-01-01,10542.92089627274,17342.940976743495,2322412.217963063,3517.5152696456516
sri_lanka,2672.019576703922,9005.064114451885,2006-01-01,8745.679182415906,32772.74370210303,4446.600120854218,363.87697258008626
angola,3400.144123465558,4538.734345131921,2006-01-01,111015.40202117288,341616.67547407513,406785.1091886378,919.192067901103
azerbaijan,23227.507626199706,23236.269122824702,2006-01-01,3831.924292892216,6305.205988406189,46979.412410272,2009.6978840545312
denmark,24182.5443325603,29674.02809657973,2006-01-01,1898.579121974508,1967.0713281569224,1028.7285656065562,834.1582008026965
tanzania,16570.66318903878,18667.054350436927,2006-01-01,81752.3859839458,107591.29041995776,381072.44444210455,1002.923559929166
sweden,12718.199607084038,14386.119213402617,2006-01-01,141250.34835952977,322514.7164639478,22254.362980892813,1346.2229865919114
montenegro,44.23526939099265,56.768228780453434,2006-01-01,2293.588659163238,5464.550428342464,3646.122067645952,95.24502620692408
morocco,76160.94756289142,76189.94139662577,2006-01-01,771.7901496985912,1498.4254305579038,58957.93599682896,1844.4349830164224
eswatini,601.4909544034925,604.4853360284925,2006-01-01,1361.2376167456491,1824.771851282047,9701.683544380136,29.197230515625
zambia,2768.9234218943643,2805.2757312693643,2006-01-01,84905.62167365069,204542.9549768478,193325.09572104743,814.8327819522674
algeria,58406.38595107006,58474.65558457005,2006-01-01,3604.4887665802166,5941.6608064526545,49698.81509628164,2943.4374114460784
tunisia,26314.467136012736,26350.97791957523,2006-01-01,798.816349090932,1284.4076178243863,9952.159959664905,1219.2731760549025
albania,3351.5726886144585,3476.252684143319,2006-01-01,956.6624367766548,2441.133804009131,10209.415770305806,217.80330264742653
lesotho,589.0263488369505,590.7739661494505,2006-01-01,0,0.24967921875,27491.15220585525,69.65973241832108
uganda,22887.411887741164,88903.11404747843,2006-01-01,7681.111406772974,18032.977521188895,33399.942969467105,461.4307381406242
guyana,1410.8280887897672,1979.081639347604,2006-01-01,184212.69797263664,190751.73680395947,12535.259100511586,141.83048675042906
eritrea,3967.611617074505,3969.853475574505,2006-01-01,0,0,43918.3029817293,80.3575607238358
argentina,325678.9186700261,328620.16373270587,2006-01-01,124734.34557345882,216807.7526464223,889562.7284363748,17323.85624298482
paraguay,10348.589068867412,24876.338612789445,2006-01-01,47576.28711274189,105829.31484897318,30191.18884007963,1408.8662519755508
spain,132075.87044646867,133519.10258388455,2006-01-01,31832.568114766815,86478.2482771038,149277.60739332595,5228.247292793745
tajikistan,6462.466813978373,6462.466813978373,2006-01-01,3.237258390992647,3.4963156481617648,64441.580289493395,1269.3192671638492
libya,10480.236940627636,10480.48677958076,2006-01-01,0,1.499182890625,7944.615605941605,1316.0067900341908
kosovo,2373.806723179902,2442.4172508855995,2006-01-01,1532.7946123498791,3586.6569474067956,2164.549132483332,128.08871226427698
south_africa,65991.43978265625,67430.08013270052,2006-01-01,19481.735820920338,31852.40199991832,559618.4953026214,9456.540636976852
republic_of_macedonia,3348.9454604478574,3353.4197016077837,2006-01-01,3608.848197576897,7537.836496473337,10309.677576357635,383.1911726085172
bulgaria,38599.929223346655,38945.74032726099,2006-01-01,24222.21078667613,39511.30413760024,21895.4927908558,2534.4243436445454
kyrgyzstan,11997.020541315504,12001.02596514363,2006-01-01,265.63006693523295,410.4632793887867,145166.61754010024,1804.921115734068
italy,107255.91410554732,113700.37643498227,2006-01-01,46009.89818739411,81075.80078349354,35849.48410764622,14035.485517223153
madagascar,2678.1844549352986,2851.7529584509234,2006-01-01,78208.69391313996,125438.6512106774,375405.66664685344,248.5970829806373
brazil,245076.46946751175,327119.45509432897,2006-01-01,3667159.945208932,4043575.086126368,1768169.8552254734,39053.66446412307
greece,29447.4511710934,30600.99183540245,2006-01-01,13741.38486783278,29939.439720561968,30105.131491460485,1868.520846791791
turkey,207173.70355994516,210737.68886892544,2006-01-01,37531.11773287318,76776.91256415864,391586.0163416137,8769.204192787987
portugal,13746.026453664168,14453.683130192849,2006-01-01,5851.775811987506,19049.722479726704,26329.971288226367,1191.4617966485894
peru,9855.252645955516,10562.207972502389,2006-01-01,732046.0594239255,758989.7455980346,321484.5773971174,4670.393703328859
bolivia,18439.287052378502,19477.795472612892,2006-01-01,512581.4812548963,587892.166642589,158239.07387085125,1995.20614616728
namibia,929.5806646558168,943.036881077692,2006-01-01,3.2395631406249996,3.2395631406249996,226875.2840496527,267.89841704583336
malawi,25220.03427743987,25877.32241735115,2006-01-01,7936.952825317945,11731.89371505624,33308.70893742563,158.40319869381148
mozambique,6526.501678271621,7111.055687640618,2006-01-01,106629.29882092876,179497.3262497029,167930.12557098776,1026.906215456862
egypt,27746.953092458894,28478.31491589952,2006-01-01,0,0.49951053125,4680.241525256248,4051.352317593936
zimbabwe,19984.900236135396,20022.02860413539,2006-01-01,3703.9654781609056,4927.5851627635875,300894.39567633957,518.3861288749997
east_timor,542.6166527362132,586.5936857857231,2006-01-01,2028.955012938417,4923.018353857478,1114.6677288773894,37.8866659793505
senegal,18990.146238041445,19242.481383932067,2006-01-01,318.10856279675255,319.35375062487753,164299.85598722234,538.9107053492033
mauritania,6.515718976593137,6.515718976593137,2006-01-01,0,0,166770.3010278879,148.93295262689946
chad,112737.64668456024,113328.00696870127,2006-01-01,5920.588694029664,5920.837644279664,422865.55920165847,299.29756129687485
taiwan,3200.491200539823,5136.7810408234645,2006-01-01,20153.426740544764,22363.739624979953,516.8339691306373,3011.007300265137
mali,19694.463467967944,19716.322172625052,2006-01-01,6.210184906556373,12.503444713848042,471486.1102730157,446.9983502045953
switzerland,2332.577498999086,3233.20442261109,2006-01-01,7679.66814525448,12744.005497386264,11820.177937224636,1319.4802766392768
suriname,215.28231449191196,219.5139083200369,2006-01-01,137555.41424600536,139180.41643797728,1151.122492992463,116.99000621874984
australia,269847.3478164569,270511.67417911656,2006-01-01,233259.0039323751,369516.26535685983,1895665.9828659364,9989.491725620032
botswana,13.884616224693628,13.884616224693628,2006-01-01,14.207338249999998,15.453474218749998,355642.80212695367,431.4492669129904
french_guiana,36.3415413125,36.3415413125,2006-01-01,80809.68298746798,81848.65491736357,138.0810410523284,62.29627564724265
indonesia,46881.65361939477,131384.0931379488,2006-01-01,1216587.8091316803,1519749.0581730006,28379.549147108657,12746.652496588782
armenia,2905.137479084683,2905.638134256558,2006-01-01,1505.9111877248763,2307.2455242655637,21168.850545182788,852.7828374238977
papua_new_guinea,309.70721590600465,1307.3229956252458,2006-01-01,389757.50324989745,420770.3006040373,5594.497975427264,202.6961285469362
serbia,26092.318260254313,36662.16205884579,2006-01-01,12373.335808574082,27474.710168887603,1897.9609267595583,1780.7204041887255
oman,180.49474671249973,180.49474671249973,2006-01-01,0,0,4343.796018015007,284.5501844972427
lebanon,2250.365226361095,2251.115087798595,2006-01-01,33.99112789062501,58.48424454687499,3762.3529266891614,417.3935790898893
slovenia,1179.3102798545965,1954.6828199027573,2006-01-01,10763.386627728069,14522.293617163175,956.6752660995094,367.0819692045342
ecuador,4000.938256154827,8604.316648623591,2006-01-01,125990.01459858786,153652.84527383605,19293.01732077677,2594.5513201875574
ivory_coast,155.70591395453417,6526.245569829963,2006-01-01,16386.611982388462,43968.42503320674,38280.43806129683,1650.4680269596822
central_african_republic,984.4889640561272,1016.1031098217522,2006-01-01,224713.33695560708,262164.3492681326,40838.15172992191,285.0498159632966
south_sudan,22421.947666515323,22422.91900424222,2006-01-01,12679.149913561649,14506.18254254708,263329.858204882,77.90695565533089
ghana,23285.043055643226,32101.875931351253,2006-01-01,11174.165948795826,32400.557437902557,87040.23971781979,2317.6385159367014
togo,3925.3047243678943,4280.743008108335,2006-01-01,260.7308625832108,852.2656776646431,24007.456108379018,409.0048904604169
cameroon,57695.87130116986,69706.94544030067,2006-01-01,211286.16782659147,241178.14451935905,12090.520745517792,811.4305973904411
benin,44207.77488599271,53751.91076798445,2006-01-01,745.863193239766,751.6758112060037,32621.569940733483,566.376593152575
sudan,72907.24081952144,73924.46688679118,2006-01-01,22.40724828125,22.40724828125,647339.9016415084,2896.8127126230424
niger,24815.75683791363,69086.92126055976,2006-01-01,0,0,226103.626686829,468.316048853493
burkina_faso,14325.023212208322,15665.310331048631,2006-01-01,0.746997546875,0.746997546875,255216.0366077206,365.0622914240195
cayman_islands,3.40539661887255,3.40539661887255,2006-01-01,20.775626952512255,39.56526451642156,13.726196126286764,16.25578525520834
british_virgin_islands,0.24921621875,0.24921621875,2007-01-01,19.365576946936272,35.8226280164829,10.121355176531862,1.2460789062500002
montserrat,2.9654820695465687,2.9654820695465687,2007-01-01,20.591316192830888,23.106361869485312,32.73462435465688,2.8345442230392157
poland,141609.9543931049,147841.72993320008,2007-01-01,69553.93507722976,89664.16259147166,27593.219286362484,8158.2253177035
guadeloupe,127.88533842401957,303.2834216896445,2007-01-01,715.6413669369493,1204.05706449706,564.5904686563737,68.33826491060049
saint_kitts_and_nevis,0.24917128125,0.24917128125,2007-01-01,74.56552651936273,87.86270863621323,53.77499387598034,5.570827462071078
barbados,114.73621901587022,116.4796035314952,2007-01-01,6.475475015625002,6.475475015625002,187.39596986648297,21.180380431678913
myanmar,131612.09605313942,132351.86850618408,2007-01-01,338175.7590935838,446769.4206868472,37747.880729173274,1498.883147037499
japan,24976.856865122,34200.343717176234,2007-01-01,233516.85904912377,262570.7524454025,14097.477380389208,28574.555298487365
trinidad_and_tobago,22.90745418750001,23.15644143750001,2007-01-01,2885.1198764177625,3402.199012190496,571.4998674661779,359.96868511973014
luxembourg,421.83207867757415,600.8640768621945,2007-01-01,571.9346149670336,788.397696102083,262.4625129071078,162.30362847610292
iceland,0,0,2007-01-01,20.00915641770833,21.26742337083333,54255.71587292757,46.61864771899509
cambodia,43871.730002086704,45996.55326829225,2007-01-01,67159.14132400657,80474.2613270209,15143.7445464989,382.1846886329657
guinea-bissau,52.64635957598041,52.64635957598041,2007-01-01,2383.6656118347405,3254.3068898544107,2260.3722128982854,39.54644820888479
jamaica,462.2645838259808,627.45791221973,2007-01-01,4195.2724316237145,8583.77496776342,492.7252913909316,350.7038738294734
puerto_rico,584.4300137026354,786.4946643156873,2007-01-01,2262.678303546013,5559.98641873192,688.7746481953434,1160.66696936385
south_korea,18223.050899438487,19102.754821325012,2007-01-01,44189.03529291216,65276.11796615241,3455.2407250940555,4898.263425215311
dominican_republic,1829.1276160382977,3606.4689496510946,2007-01-01,8320.697510872365,25515.68477003267,3484.0292761267783,729.5153328065563
cuba,14589.98307385936,34476.380108554484,2007-01-01,21525.46073446237,35039.255718970846,2754.124356520651,658.2788782118873
laos,3397.036754827204,3441.613312038171,2007-01-01,146947.59070195362,194980.96452184088,16258.281560999989,167.56565665649524
panama,235.85669732818624,265.73148807818626,2007-01-01,34991.353168893016,47287.8150739126,2245.0272908727925,402.9207848496328
the_bahamas,1.502625773529412,1.502625773529412,2007-01-01,1302.555830519669,2288.8982884382954,2985.2608194556265,78.42840781672791
liberia,4.480970375,183.99807937254903,2007-01-01,51882.2305572426,91809.10614032182,51.495497456862765,155.7875822768383
bangladesh,66103.16879268434,87215.2487396718,2007-01-01,4321.294376085536,12561.850069438478,2322.653706440381,988.5783207188106
honduras,1903.7508786494495,2170.793024305698,2007-01-01,34145.7343710672,80817.18021896083,4532.840723976163,250.8059244558211
nepal,22275.634214372378,23251.596291943944,2007-01-01,35285.006458780466,67946.30734074913,24441.46641530114,292.81996266452217
colombia,1689.323534809743,7335.920015779282,2007-01-01,594036.730884072,734861.7665481606,72062.47560444828,4056.9437448905614
sierra_leone,119.587443326777,4993.5804931593175,2007-01-01,2431.369295550978,33210.98974134653,319.672102403799,164.3843147155637
thailand,199275.44796593252,210426.64221214253,2007-01-01,113280.8751009349,189195.93211918103,46338.66544498356,5326.173265585969
chile,3634.4840068812487,6166.527352521882,2007-01-01,153306.42023493163,185569.08811320548,92206.33714686106,4070.004986975
philippines,18711.47548943629,48192.2562948808,2007-01-01,103255.81427963644,163591.30704898256,14676.523878559798,3023.9722216196083
vietnam,46738.24515676427,66992.60092405241,2007-01-01,92390.84355279076,152806.7087976407,17785.333630820216,4721.385512639282
bhutan,119.4975060295956,143.97925549865198,2007-01-01,27627.646788680137,29806.032295901412,5638.942764670522,20.0048335557598
equatorial_guinea,9.955808390624998,14.684780453124995,2007-01-01,22169.974755744515,25492.214778510526,16.39248124779411,34.12281406580884
nicaragua,3313.9866229245754,4018.271267643327,2007-01-01,30315.569263039462,61664.28436520793,5066.014049932049,188.06896852457103
latvia,7032.160499353022,9135.502827628086,2007-01-01,23054.5720002861,41839.73073097893,3456.481262226658,219.5436975493871
brunei,0,0,2007-01-01,4698.967738408871,4973.887180304884,93.58932260122548,208.47132853541663
united_kingdom,50632.2534158477,64513.79745910457,2007-01-01,14347.80128521997,18036.18367117658,42280.42093195539,9395.65007721055
finland,85.00790514062501,85.00790514062501,2007-01-01,88226.74894353098,250547.17012079057,10579.609218049569,569.614171051961
belize,42.289232761397066,71.4116947358456,2007-01-01,15509.654406672034,18152.01570718741,1755.0870837512257,11.513385093382356
ireland,2225.9883085935653,5316.617854758765,2007-01-01,4260.670261666666,4954.063078800062,24500.058958753605,366.9950631243849
norway,1577.908015548836,1804.1814658212008,2007-01-01,47517.452881075296,98337.86439244969,114220.03102859591,395.2816735667892
haiti,6800.695272745462,9296.895584217986,2007-01-01,333.6323992711395,4251.2141303889175,3269.895267731312,336.45190197751225
venezuela,7869.00303171007,8833.032182272074,2007-01-01,427497.29578582384,495533.4167952261,181731.9749442127,5183.562485475249
el_salvador,1400.3205343989596,3379.9493975650157,2007-01-01,2096.1961826471206,7330.021362887442,286.1773219456495,183.0631332444855
costa_rica,469.8654638450367,484.8049324700367,2007-01-01,20261.30949590286,40399.5889918348,2796.062291041176,430.71600553676507
gambia,4152.647486361153,4161.862622892403,2007-01-01,0,0,5217.726312183941,79.5268558102941
guatemala,3089.270898412626,6265.497681359928,2007-01-01,37692.79644526069,75302.88167297759,4037.0984599716903,372.9414629931991
malaysia,2922.484240004902,5832.9935735223025,2007-01-01,238807.0222712575,297044.99814287375,5800.736125839403,4293.775476289228
north_korea,32909.6456343746,33719.13297547887,2007-01-01,60502.77000047581,73244.97480839232,7734.684158810295,1808.981905833334
mexico,139946.95007694897,156432.2698588137,2007-01-01,260842.69583418325,473032.22867706366,514538.5715828709,9120.27584215095
belgium,10237.514320911409,11970.69036125766,2007-01-01,5191.2969617571725,5809.268242615387,2766.292440023222,3422.889741279532
estonia,3651.6536687066177,4248.087427463538,2007-01-01,17260.306944768137,30992.90277321806,3368.742366924448,183.03339224154425
lithuania,18126.40494030576,18898.807796230456,2007-01-01,14531.61992456238,21472.329805372545,10002.25690190919,361.6642816068016
yemen,2361.916161000003,2369.140460562503,2007-01-01,0,0,26981.848853616124,824.5472620329044
djibouti,0,0,2007-01-01,0,0,5504.497069813357,17.643950066850493
qatar,0,0,2007-01-01,0,0,10.728049484375004,346.0138029804539
somalia,725.5158111985294,746.6711113860295,2007-01-01,0.4977685625,2.3473292188112747,240206.28782510097,237.0945667188113
kenya,14424.579480148876,31271.86743441808,2007-01-01,7730.445864333024,11766.52589616672,416068.0787494171,504.3634141427709
uzbekistan,47576.94757797517,47576.94757797517,2007-01-01,0,0,190542.8367892744,10570.637734759068
china,1230532.7058194838,1439339.687253713,2007-01-01,827324.2025451115,1776166.715913257,2848346.097893721,122689.29531638674
belarus,56585.434649619616,60543.544496484945,2007-01-01,60575.182114404946,98519.2563012336,19464.162360790902,1400.4938622844345
pakistan,173725.00739597125,174280.76712797183,2007-01-01,1301.750915380822,4935.575448775126,119597.80075327631,6323.370628692038
somaliland,0,0,2007-01-01,31.37442014062499,31.37442014062499,8502.19069605998,75.97173793553921
jordan,2064.298580752694,2067.0467847214436,2007-01-01,0,3.497732765625,1125.609369224449,808.075774093995
mongolia,207.16828171397057,207.16828171397057,2007-01-01,9057.510598025185,35369.92686990708,985388.1621813052,989.7686036952208
turkmenistan,14414.305489687364,14414.305489687364,2007-01-01,0,0,102937.62136661162,1682.6858324771458
russia,1121981.0788645744,1212467.7928693804,2007-01-01,3862203.4223237513,6380296.1112349,2285831.7448725807,29281.824593113
france,185787.50562915148,236868.965502736,2007-01-01,72706.23896392265,128795.26220896943,42767.497053560175,12876.203371069189
republic_of_the_congo,53.51342878124999,359.792501313174,2007-01-01,216455.5267807101,239511.5349085559,34310.0608904215,491.1485342574143
palestine,1553.635886318996,1561.3807629127457,2007-01-01,0,0,2047.6767080978568,335.90725495294134
democratic_republic_of_the_congo,342.5617398896446,821.0642715737745,2007-01-01,1272625.0557787404,1626812.042247834,57210.55285248751,2673.220164577881
austria,13661.964583969771,14735.238982613586,2007-01-01,31391.026951975466,45579.99082033045,12163.153882620514,2072.2122445534324
gabon,3.484408625,86.26038934620102,2007-01-01,213137.37426781055,240608.2274327766,7886.458348532906,280.4962585420343
canada,475437.6546703123,492392.0079634716,2007-01-01,1649113.626148327,3471888.974695252,1975135.9888648395,9433.96200445068
ethiopia,159459.56833804655,161707.8012697811,2007-01-01,33864.77737233928,42160.22231802674,451095.571390787,998.8625049641556
guinea,7355.5662851202815,13855.410241620652,2007-01-01,3406.0296527800247,14949.805524640153,22681.15116149819,319.9955332340687
nigeria,306384.12901111157,372451.02642068826,2007-01-01,22735.417875795985,38807.605419832485,344626.3978552184,7014.352376126037
new_zealand,1430.0598014987745,1528.506721515687,2007-01-01,100856.26258158615,111058.57957510768,89497.27700507645,1100.6940842838237
uruguay,1680.3601118172182,1716.3344503846815,2007-01-01,3827.2350187126185,4502.750465601714,112776.85422064803,1072.7229247666078
india,1922561.393093623,1974007.2223648203,2007-01-01,297822.89720165334,424722.9241847021,267129.8841603989,34383.97368271798
iran,74975.22350241193,75075.01229378695,2007-01-01,11009.574712462096,16333.852367287078,351792.5557250373,8147.626104120892
conus_ak,1352581.5648118134,1458453.580910446,2007-01-01,1293553.308971622,2562180.028893013,2922523.778138178,132301.99032719978
hungary,57090.819576294554,58299.52963532733,2007-01-01,10541.425000779343,13665.748299970752,10620.166042202882,3569.072934725121
united_arab_emirates,3.243585890625,3.243585890625,2007-01-01,0,0,287.58243910863956,516.9663074867649
croatia,8916.364767830893,10009.249340488126,2007-01-01,16434.269597087263,23509.724092230845,8383.601850773599,645.8211098047798
germany,123713.63223929252,137920.5913644795,2007-01-01,82981.31644428446,96403.36440151423,30451.906806417937,25082.281815608698
bosnia_and_herzegovina,5042.8258604753755,7647.304842569853,2007-01-01,17103.237254202886,29369.113267472178,6347.566257148102,374.36629534307593
slovakia,15857.940228249454,16026.886518473417,2007-01-01,20715.499571410688,24003.97937441552,3052.458174231739,1679.0892771952203
netherlands,6762.759075289704,11738.814447351217,2007-01-01,1906.2973168577803,2131.8545273780637,4639.36191393407,4659.458456338363
afghanistan,20498.456381006738,20498.456381006738,2007-01-01,164.99092657812494,542.8062652401964,251673.05567893627,895.528658727145
iraq,36225.18685404599,36357.88004467099,2007-01-01,0,0,50336.28871270386,3558.2948360539194
georgia,2729.4982038250646,2746.524658950065,2007-01-01,22180.815160047154,31805.404645511007,24855.11496980496,849.3225671821081
rwanda,4411.8356723251145,10328.88198739958,2007-01-01,1218.6572094137875,1342.691955554718,7168.195647117645,99.6482161439953
ukraine,360463.3526259127,378083.8225605785,2007-01-01,58068.67815913273,83377.34665772998,41819.61231866542,10206.318462453975
czech_republic,33812.476824955775,36641.73567777131,2007-01-01,21327.61103457434,25651.8674907144,3694.232397032844,3420.269465977392
israel,4686.49566534921,4686.49566534921,2007-01-01,9.4940304375,16.739655125,3769.0709169779425,1075.6361409802687
saudi_arabia,3346.679150796871,3346.679150796871,2007-01-01,0,0,14892.811166053118,4495.106852991907
syria,37786.84986909682,38540.23195936472,2007-01-01,158.00697554791668,204.40056813664216,7340.32051692084,2632.805888780332
romania,98771.48723131316,101340.0267573464,2007-01-01,59071.07603279913,79428.08813235734,18221.127629081384,5296.643090372363
moldova,28426.089181698357,28661.629431891255,2007-01-01,1199.3117036598042,1386.1256542346198,1326.72786894326,1011.6783319304532
burundi,5770.75147528628,11744.132904698172,2007-01-01,406.71720855998745,488.17533668829606,4283.75897436734,71.18383415625003
kazakhstan,138167.47256525856,138319.29120414422,2007-01-01,10403.386407528991,17439.23472615012,2323005.542520998,3532.5620717394017
sri_lanka,2660.3713056267165,9130.420336579888,2007-01-01,8533.740248506228,32585.759841286603,4487.0828877653685,369.8513340332112
angola,3291.14610976403,4510.631557329289,2007-01-01,113395.8278298594,343324.71555292635,406297.99322273256,923.674159260478
azerbaijan,22937.562183727583,22951.07990649321,2007-01-01,3768.1301030762233,6278.217560752941,47237.73291462593,2013.9530383357817
denmark,23943.673549614643,29579.98121081092,2007-01-01,1904.7330424500597,1981.2909980803904,1094.3663985987134,836.1675497870713
tanzania,16379.255173877867,18559.636878474437,2007-01-01,83532.30977163663,108729.24013987584,379082.7465923506,1006.9063191010412
sweden,12639.63499062479,14304.218676087428,2007-01-01,142133.46087343857,322110.05700594175,22314.60011212696,1351.5699880545342
montenegro,45.619116111397055,57.68655102696078,2007-01-01,2242.03650643162,5431.755347717035,3654.936973246258,95.24502620692408
morocco,75158.16159133488,75187.15585127239,2007-01-01,798.0301621048413,1623.1436255735298,59358.67606602135,1852.432325047672
eswatini,590.2840438082718,594.2765217301468,2007-01-01,1305.528423241238,1747.9022785339455,9702.530603967334,29.197230515625
zambia,2878.036430172181,2913.3927899690566,2007-01-01,91040.58988047091,207499.50590526007,191240.9019868512,820.8105877803926
algeria,59426.19584871289,59497.526491588505,2007-01-01,3829.559930990085,6308.343276001796,49268.98375988968,2948.1882839617033
tunisia,26163.21415021354,26194.66363438479,2007-01-01,832.1775249838241,1328.3147126535528,9901.06865697127,1220.5232070861523
albania,3351.0886146068615,3488.400669060109,2007-01-01,935.3534559105392,2473.4865371322917,10141.226465850596,218.30398997555153
lesotho,512.1229894084571,514.8692237990822,2007-01-01,0,0.24967921875,27527.10770713712,70.40877079332108
uganda,22612.717034472906,89210.35020326366,2007-01-01,7608.407714698714,17921.30922956824,33300.347186537256,465.66175237499914
guyana,1351.8144715402575,1976.3151496563055,2007-01-01,184059.5392440316,190694.74428328767,12530.64987460111,142.07939910980406
eritrea,3909.2066297778138,3910.2030043403142,2007-01-01,0,0,43952.1864367958,80.3575607238358
argentina,333849.20862738683,336447.72922600235,2007-01-01,121983.9939993762,212980.7410471415,887228.0208503527,17325.606299422318
paraguay,11087.52363700062,25520.371631689915,2007-01-01,46135.32797147531,103721.5085309854,30510.488823507138,1408.8662519755508
spain,131551.46805737837,133090.08379048185,2007-01-01,32415.90229697884,87231.34956220374,148493.13281284476,5249.657742611148
tajikistan,6412.099895278187,6412.099895278187,2007-01-01,2.987030906617647,2.995862491911765,64439.38416022482,1269.3192671638492
libya,10395.110663355208,10395.110663355208,2007-01-01,0,2.2487735000000004,7955.667943280451,1317.286452341666
kosovo,2375.27494391152,2439.300418753616,2007-01-01,1453.2790236095598,3568.60515516758,2252.0184760601096,128.08871226427698
south_africa,64262.53425538883,65785.45177030835,2007-01-01,19125.458746371452,31431.009397753733,558924.7098857566,9503.9549831331
republic_of_macedonia,3334.176024650983,3339.401371639035,2007-01-01,3593.638513434007,7501.775055082408,10297.514546783616,383.4415528272672
bulgaria,38501.40620681266,38834.81273667712,2007-01-01,24065.477597894685,39512.934208178616,22033.279319216297,2535.4938148875603
kyrgyzstan,11973.58017090938,11977.58559578438,2007-01-01,264.62824191960794,415.5430619833333,145219.75470459668,1805.922717624693
italy,107107.00234123808,113870.81298923568,2007-01-01,45850.62471268427,80783.71924658766,35686.911349780225,14047.508633098154
madagascar,2818.240291825924,3003.0299789665496,2007-01-01,75928.39878972754,125247.65033292476,375383.8525298523,249.34478048063733
brazil,251509.92516575055,333413.94121762883,2007-01-01,3650830.2564631496,4035293.094255989,1767861.2637876803,39072.87731547546
greece,29234.83240606666,30531.20712719387,2007-01-01,14192.13775567016,30619.612327967658,29881.35382089744,1869.9608049344993
turkey,206608.62656725125,210327.57994883475,2007-01-01,38306.147120476955,78077.07439106145,390148.0997568309,8803.171268560292
portugal,13190.305991714726,13954.032712477776,2007-01-01,6145.87109062145,19147.250900878247,26194.32761917656,1194.7146455392135
peru,10159.696876318874,10897.271825443877,2007-01-01,730083.3811222971,759083.7198295073,321011.55984149984,4676.870507219484
bolivia,19051.7084918469,20048.107889518786,2007-01-01,512833.491875682,586787.2337499256,158220.08444765853,1996.202796807905
namibia,848.0570313253639,874.2217820284889,2007-01-01,10.896672224264703,10.896672224264703,224489.54060804643,269.14556273333335
malawi,25316.78444096149,25991.51190591039,2007-01-01,8002.158292139268,11812.469041346254,33243.13329087611,161.39214961568652
mozambique,6646.156479828919,7201.795322098774,2007-01-01,108450.27249635612,179675.95223547946,169363.37187260672,1035.3869849724872
egypt,27844.416292293205,28596.258484077593,2007-01-01,0,1.2487555625,4950.617756713354,4081.2957804968783
zimbabwe,19704.569637795285,19756.39828040466,2007-01-01,3688.076219833335,4952.418326356354,301167.81651065993,520.3797596718747
east_timor,535.8353945143996,579.6864924119487,2007-01-01,1979.409851661456,5041.721752398592,1103.4158206515317,38.1356349793505
senegal,19202.728917092125,19390.05082856087,2007-01-01,313.5983018694241,314.59445080692416,164208.32558161343,544.3908659898284
mauritania,7.477099590808823,7.477099590808823,2007-01-01,0,0,168362.7015389807,149.18215761127448
chad,113427.15595598031,114002.11263995754,2007-01-01,5898.921500856014,5899.668379465388,423578.7204001742,300.2937234999998
taiwan,3119.80237690018,5130.283450287068,2007-01-01,20139.83351622589,22369.345452262787,539.461446607782,3022.4815314526372
mali,20066.165159959422,20078.54380945054,2007-01-01,5.709354065196078,11.504636356862749,472143.67053539975,448.2435291420954
switzerland,2332.1463591640368,3287.0357549476093,2007-01-01,7553.678950797798,12633.566517257475,11864.819648168384,1321.4856122017768
suriname,217.2736491169119,221.75416011691192,2007-01-01,137490.6673767986,139055.79296625126,1141.6565138019607,117.23892260937484
australia,274261.3098870801,274992.93626050546,2007-01-01,236597.5909801596,374273.74277636583,1898181.5068558145,10020.881044538415
botswana,15.91085715275735,15.91085715275735,2007-01-01,15.95198809375,17.696605312500004,352022.2318739675,436.93699792861526
french_guiana,33.354565046874995,33.603479421874994,2007-01-01,80767.15372846072,81830.73746297283,141.94154122389708,62.29627564724265
indonesia,46087.00600906943,131185.4696837803,2007-01-01,1200457.846262831,1518601.20987489,29063.247008465656,12824.563155698155
armenia,3014.2938046892164,3014.544132532966,2007-01-01,1539.8086370520211,2302.9015206537993,21097.386451689585,853.0331094863977
papua_new_guinea,280.8410368003674,1292.9144068346825,2007-01-01,389630.61909265345,420504.9271886795,5591.8835850769665,202.9451015000612
serbia,26720.42447056499,36616.44842694094,2007-01-01,12193.072809187006,27647.216987879143,2008.4300003655023,1780.9710003449757
oman,172.52117130624978,172.52117130624978,2007-01-01,0,0,4382.663389826894,285.2984303253677
lebanon,2234.101757545041,2234.351714795041,2007-01-01,37.990095734375,68.48162085937497,3771.756145067472,417.89342341801427
slovenia,1164.4623032625611,1916.4139330299024,2007-01-01,10756.249015147425,14557.25548293419,934.1799181351096,367.58319636078414
ecuador,3864.621143631603,9706.801841749826,2007-01-01,125764.75182364996,151165.28779552504,19210.27312371713,2604.008939296932
ivory_coast,167.42656599172778,6459.135397061954,2007-01-01,15280.046142262918,43300.258459949306,38436.56372901013,1655.1974648971827
central_african_republic,991.7626689049638,1022.6300045612136,2007-01-01,229180.31034972263,265015.8302347889,40677.44664323379,287.28995291642167
south_sudan,22656.22698092205,22657.68473158976,2007-01-01,13079.128617983331,14880.91651222974,260461.804606526,78.6537465615809
ghana,23325.933112626873,32603.967731152756,2007-01-01,10714.954721314947,31796.080407715857,87571.18204537599,2356.0422216045313
togo,4024.154481429663,4409.640944135238,2007-01-01,249.76114270919112,815.0323708292271,24226.517761319083,410.9962625854169
cameroon,57522.49726115583,69727.04735758199,2007-01-01,210602.6383655401,241735.49271815555,12225.618703032736,818.6487219998161
benin,44294.072069811984,53705.58054434355,2007-01-01,697.6180395261636,703.0949467917884,32926.52414363064,577.6065335892782
sudan,72510.967114397,73355.66326414033,2007-01-01,20.664561656250005,20.664561656250005,649375.5667519451,2905.2826870136664
niger,23995.79927858856,69747.61613241004,2007-01-01,0,0,226936.41519117757,470.0594618222429
burkina_faso,15227.02754828694,16445.375774969536,2007-01-01,0.746997546875,0.746997546875,254454.44608171156,367.8016829083945
cayman_islands,4.085691814093138,4.085691814093138,2007-01-01,19.01913519509804,36.07482124234068,11.826071484742648,16.25578525520834
british_virgin_islands,0.24921621875,0.24921621875,2008-01-01,18.61792561881127,35.3241917821079,9.52417884160539,1.2460789062500002
montserrat,3.214638772671569,3.214638772671569,2008-01-01,19.3142516504902,22.49469760863972,33.22806269748776,2.8345442230392157
poland,140982.9548916678,147528.6538485662,2008-01-01,70462.77465101243,90313.79488298504,27549.15398729472,8163.788563148905
guadeloupe,107.97743470042886,299.1928725079043,2008-01-01,702.2898877128683,1209.3066440194868,555.3019578346828,68.33826491060049
saint_kitts_and_nevis,0.4709825786764706,0.4709825786764706,2008-01-01,72.07377044123773,86.11848937058824,56.19442147549017,5.570827462071078
barbados,105.98802484908092,107.23329928658096,2008-01-01,7.222644953125003,7.222644953125003,190.1668272363972,21.180380431678913
myanmar,131630.78280402528,132405.94771772748,2008-01-01,334079.32262880914,445336.51804673014,38967.1024668682,1500.8770519906243
japan,25161.969331580294,34518.28495059366,2008-01-01,233522.35836844525,262139.09495782692,14240.2070056108,28589.586202831113
trinidad_and_tobago,18.923602453125,20.168538265625003,2008-01-01,2822.4530281774464,3405.6828067268925,548.7542099496338,359.96868511973014
luxembourg,440.0349013854784,607.100964632476,2008-01-01,570.9416868873158,785.7878739696075,273.41355479240184,162.30362847610292
iceland,0,0,2008-01-01,16.737533636458334,17.492511136458333,54293.033867384795,46.61864771899509
cambodia,44088.470878013315,46160.94107622212,2008-01-01,64860.39741201997,78422.2479552319,15926.201770466108,386.66704980484064
guinea-bissau,46.9186282166054,46.9186282166054,2008-01-01,2364.7255494851083,3192.978017017707,2267.6293360001237,39.795471865134786
jamaica,466.0026424822306,626.4611426259801,2008-01-01,4109.125054448958,8553.34939943125,503.09016907591945,351.2022732982234
puerto_rico,545.8584117560669,750.6644621503686,2008-01-01,2228.684469485534,5644.733653455938,616.9849850323532,1161.41458773885
south_korea,18267.864278893147,19177.079219792173,2008-01-01,44065.69465184244,65020.38241903163,3635.377983135172,4916.767808730936
dominican_republic,1856.695727137256,3621.433169961819,2008-01-01,7982.411896749323,25446.25858610306,3459.1856954395225,733.5030304940562
cuba,14423.65055387683,34100.85479549384,2008-01-01,20989.47360557193,35170.59049889276,2796.2655055179566,659.7748026181373
laos,3370.33817506011,3411.705374694485,2008-01-01,144285.06263575857,194036.3724190101,16786.613033103855,169.3100597189952
panama,237.1015022031862,268.4700210000612,2008-01-01,34369.14459220311,47528.84907760289,2318.8101709578436,403.9166494433828
the_bahamas,1.253144445404412,1.253144445404412,2008-01-01,1310.6337365462623,2296.5393404318006,2965.825723792023,78.42840781672791
liberia,5.725665968749999,175.7603594594363,2008-01-01,51669.94277530048,91664.86826139595,65.960489689951,160.7758262237746
bangladesh,66358.47064688033,87349.44046704953,2008-01-01,4272.218472331982,12553.837247480262,2406.9669389617047,991.5714555469356
honduras,1890.9082480848056,2171.7899165875615,2008-01-01,33422.22610946934,80832.75229715559,4698.799186730635,253.04779329957108
nepal,22325.16344948223,23279.62083543641,2008-01-01,35431.854152566986,68197.18003683184,24462.983595921607,292.81996266452217
colombia,1593.990016887868,7367.317376429283,2008-01-01,590782.3143599771,734596.484023374,72708.94505954851,4063.415770234312
sierra_leone,127.055848498652,5007.823374205148,2008-01-01,2383.345373101836,33018.508249124454,344.6550282064338,166.1269913093137
thailand,198354.54498443764,209481.680410036,2008-01-01,111594.07877949432,190482.40739996775,46112.53143751547,5353.726049468749
chile,3746.488280443751,6265.035180240632,2008-01-01,153387.58460830772,185563.40993998272,91750.91056061468,4077.498071240624
philippines,17869.41947288861,47795.99157371166,2008-01-01,102114.39614531702,163877.79264332925,15040.093692551856,3030.447891853985
vietnam,45945.95255752181,66240.28973999833,2008-01-01,91755.05127854356,153211.2374343326,17995.44866614682,4788.6469181474295
bhutan,123.02291372751225,144.97670325790443,2008-01-01,27652.717588754524,29806.37683178186,5704.321563585472,20.0048335557598
equatorial_guinea,9.706911656249998,13.440341828124994,2008-01-01,21965.98693122043,25510.618626142204,16.16505393462009,36.36278828455883
nicaragua,3289.0825512995752,3994.612651033952,2008-01-01,28621.189928312742,62126.85364833885,4954.444563234991,188.31799386832105
latvia,7031.081340018895,9191.736165709764,2008-01-01,23260.179593332563,41474.520979067995,3454.115595612012,219.5436975493871
brunei,0,0,2008-01-01,4697.079035160587,4959.052450019774,97.62644493676474,208.96914295729164
united_kingdom,51388.45450432213,64782.77318820592,2008-01-01,13639.959853523344,17119.07763321759,44241.890218546265,9403.932921194924
finland,93.55829045312498,93.55829045312498,2008-01-01,85401.2661914772,250011.4679964763,10682.73272362873,570.871247380086
belize,48.51896351139706,76.1461537358456,2008-01-01,15310.159727563096,18002.416574583433,1826.111012685111,11.513385093382356
ireland,2378.6157969875007,5273.9889304804565,2008-01-01,4101.8018467726715,4782.555463012135,24835.020852647896,367.2461075462599
norway,1591.3834723639093,1814.2524858344975,2008-01-01,47030.84761737922,97351.2628567816,115613.38472615252,396.7899518949142
haiti,6696.711675933332,9276.889968164489,2008-01-01,298.6910075538603,4209.109445874703,3275.9067978786156,339.19341546188724
venezuela,7871.388202627041,8825.917061820297,2008-01-01,426008.716289378,495689.40312669287,182907.98823573443,5187.638865307356
el_salvador,1398.1424537977953,3403.8713950927126,2008-01-01,1931.9250562883576,7246.537532179417,291.2436625192401,184.30850669761048
costa_rica,463.8899515481617,482.5643709544118,2008-01-01,19854.951541575276,40338.70457858736,2835.144343824387,432.95686086489013
gambia,4137.290121414032,4145.509031507782,2008-01-01,0,0,5221.429600408208,80.0249791227941
guatemala,3062.9919960693046,6272.118004996387,2008-01-01,36319.218220569,74786.36777093493,4332.295902010355,375.18332819632406
malaysia,2868.0514865107843,5923.089588461885,2008-01-01,235213.5079502898,296222.0111983378,6206.3698409895205,4326.027521859082
north_korea,33223.03323768053,34018.50426381468,2008-01-01,60122.29676499931,72429.51859477135,8140.058837116728,1811.2340058020843
mexico,139164.39934480205,155866.370004597,2008-01-01,261053.9576795463,474164.6827936313,513690.33045556606,9177.435038840282
belgium,10663.51679306728,12160.735550338906,2008-01-01,5054.466574589035,5695.576551425374,2808.185291380698,3424.8969552482827
estonia,3638.3340130191177,4216.924929651037,2008-01-01,17355.568664753006,30753.294206200233,3296.468485726103,183.03339224154425
lithuania,18146.76339785141,18933.98969062666,2008-01-01,14912.93910583591,21495.754926710233,9978.89201601139,362.3655349707109
yemen,2502.901997031253,2509.1298284843783,2008-01-01,0,0,26770.33370233107,826.5401695797794
djibouti,0,0,2008-01-01,0,0,5469.245533269788,17.643950066850493
qatar,0,0,2008-01-01,0,0,10.229068734375002,346.5000689041671
somalia,734.7785727831495,750.2095247675245,2008-01-01,0,1.3449679390318627,239859.0761385698,238.5879641406863
kenya,14214.363123063467,30814.667215552035,2008-01-01,7448.06866847904,11457.479123031724,416167.1832917681,508.1933805254302
uzbekistan,47249.13020986403,47249.13020986403,2008-01-01,0,0,188608.79519071567,10571.638975368442
china,1229994.6078639831,1440320.569785365,2008-01-01,831717.4189401964,1778464.4616348264,2843026.092628142,124005.94798288762
belarus,56719.816763972885,60699.28550815976,2008-01-01,61810.68731515705,98585.94094076636,19347.63094546254,1404.2599208156844
pakistan,174097.10558200523,174675.16693996254,2008-01-01,1307.2796764345587,4876.34065105233,119877.6460753542,6332.612375395164
somaliland,0,0,2008-01-01,32.12143507812499,32.12143507812499,8899.185504654217,76.71867940428919
jordan,2028.312581252816,2031.3106248934416,2008-01-01,0,3.247890953125,1042.1718517900124,808.075774093995
mongolia,247.45784373792884,247.45784373792884,2008-01-01,8935.676590603369,34828.44093574119,989012.0676431464,989.7686036952208
turkmenistan,14270.371245088896,14270.371245088896,2008-01-01,0,0,97333.57455743394,1682.9359840865206
russia,1119290.1617685594,1211983.317822846,2008-01-01,3868883.016484264,6398800.256424058,2298077.2050275323,29344.3463581255
france,185724.68305974244,237477.8022940086,2008-01-01,73099.2282567469,128345.1402839942,42737.86824952818,12883.973625256687
republic_of_the_congo,46.54408943749999,299.69008397493866,2008-01-01,216985.36831493973,238750.9459577196,34503.73907095081,497.86886819491434
palestine,1534.3018887527585,1544.0454570340085,2008-01-01,0,0,2012.7797093833965,337.65583715606635
democratic_republic_of_the_congo,344.6584838919732,892.5217319775124,2008-01-01,1269498.7096001129,1622933.8686294153,58517.06967365506,2691.8328761265934
austria,13799.92411973534,14793.38717038637,2008-01-01,31326.014615930297,45330.53378436131,12476.829565330205,2072.713659444057
gabon,1.493317921875,70.89556500772059,2008-01-01,213017.16060782693,240316.8783113584,7943.563445419912,281.9583273984068
canada,477484.9528344602,494825.2132671424,2008-01-01,1671087.3465411053,3474531.5923319147,1979926.756368776,9473.196882893391
ethiopia,161940.3345714268,164146.49630988005,2008-01-01,32386.228849729927,41142.69000577675,450843.6642130362,1003.8414316516556
guinea,7144.061651025915,13726.28337722463,2008-01-01,3566.769888991357,14961.140253202284,22561.519512928808,323.2321451559437
nigeria,307228.1262183761,372987.3203689411,2008-01-01,22429.702880830115,38393.843905513495,345055.4551691813,7132.3473124854145
new_zealand,1444.2670320645211,1545.626426503493,2008-01-01,100775.31722428372,111487.11176105843,88090.86722552379,1101.907411660662
uruguay,2309.4075471038595,2336.8871299681973,2008-01-01,3666.1392774677065,4360.055736083089,114316.42647235944,1073.4727902822326
india,1924564.61218357,1975933.775425999,2008-01-01,298616.51243129873,425539.8858342525,267499.0936614356,34481.67150158417
iran,72031.23067763232,72127.01904210109,2008-01-01,10550.15672895137,16209.060366052703,350098.2380375492,8161.874440464642
conus_ak,1354595.5272685406,1465121.6006209415,2008-01-01,1292942.696040554,2551207.712282393,2922090.582466812,132523.7071971405
hungary,57245.6152886796,58514.09976200795,2008-01-01,10584.158204154524,13710.770979298202,10376.836968917209,3570.827806975121
united_arab_emirates,2.99408,2.99408,2008-01-01,0,0,286.0283952128061,524.0447790041669
croatia,9113.354047269437,10106.050701011716,2008-01-01,16535.875104971754,23516.777834830973,8357.649808753744,646.8224438535544
germany,124622.7569772588,138758.72497245902,2008-01-01,82647.7959790084,96152.14958297757,30557.736710109035,25087.801387499323
bosnia_and_herzegovina,5110.713756439896,7625.274576158459,2008-01-01,17253.19352737171,29460.571061782404,6255.901467325675,374.6168320618259
slovakia,15859.971882652091,16031.05157023892,2008-01-01,20745.923199808683,24035.426837105224,3018.7245866417893,1680.5937935077204
netherlands,6972.009754006002,11866.16712914711,2008-01-01,1848.6694934565553,2077.069431640563,4733.770440711396,4662.818507301047
afghanistan,20074.419117876052,20074.419117876052,2008-01-01,171.7403815156249,563.0026399514094,252079.7649740869,896.5284342583949
iraq,33511.35501455777,33617.05977576091,2008-01-01,0,0,50701.65627156886,3564.043447100794
georgia,2713.3942107595008,2729.919895181376,2008-01-01,22270.275827176745,31756.13099268081,24885.596343513895,851.3256063696081
rwanda,4334.508625112248,10378.091955789409,2008-01-01,1236.6923057682602,1352.6328786074141,7120.883257896387,101.88819581587036
ukraine,361053.34482882934,379687.878322319,2008-01-01,58197.11245228916,83508.48598888428,40567.68329034912,10217.92763056335
czech_republic,33822.22237289335,36604.93555746596,2008-01-01,21581.22564625842,25751.15900546208,3810.019352739277,3421.7322316726127
israel,4625.624204303499,4625.873993725374,2008-01-01,10.993098171875,19.737828296875005,3739.3128699507374,1078.3841950427689
saudi_arabia,3431.7331659374963,3431.7331659374963,2008-01-01,0,0,15164.671539090565,4503.838062491906
syria,36936.07958741164,37691.61333018307,2008-01-01,155.72788644938726,206.0726745681373,7249.518300331502,2634.6997609547816
romania,99528.66055151416,102172.7448537038,2008-01-01,58850.86842664623,79549.80828465709,18065.271430378485,5299.900710231737
moldova,28338.86153875192,28635.952222366872,2008-01-01,1175.2677972487138,1401.167641544363,1338.134670945957,1011.6783319304532
burundi,5763.187392099758,11747.22006083837,2008-01-01,415.1823223783697,496.3915546160537,4656.970280298465,71.93053164062503
kazakhstan,133782.8650627905,133912.96280951332,2008-01-01,10040.480592476471,17201.357235216605,2324660.9698519823,3540.837944895652
sri_lanka,2748.753994653248,9329.009471348452,2008-01-01,8351.88428560206,32408.61794152055,4477.389544194905,374.3125756027578
angola,3213.1977061859056,4612.333290162991,2008-01-01,116791.78943376508,345751.3001419652,407592.2299258552,931.143926572978
azerbaijan,22956.853274563735,22978.13128759498,2008-01-01,3696.5150237942385,6330.571059938424,47123.80838898127,2020.0122055378645
denmark,23854.355985662496,29569.560955693207,2008-01-01,1896.8393539428905,1967.0289197386016,1149.9934339919732,836.6679203350492
tanzania,16172.73938060524,18790.695590294046,2008-01-01,83084.03387977228,107318.34829723816,381048.8997541757,1011.6360507416664
sweden,12553.942212193784,14249.965813724735,2008-01-01,142060.91285872358,321567.32838463126,22424.131385550496,1354.334392429534
montenegro,47.40821540643382,59.04743755851716,2008-01-01,2254.171384916976,5471.692863104229,3568.917578093439,95.24502620692408
morocco,78228.90326598317,78258.64797662382,2008-01-01,855.2685671517163,1789.616331847976,59830.75143053253,1860.677753266422
eswatini,583.0283588909923,587.2703651253673,2008-01-01,1257.026499212929,1724.1613444859677,9593.193907773772,29.197230515625
zambia,2933.3844992653203,2969.4878132653203,2008-01-01,96625.82933588453,209154.67491209437,189101.0808531222,825.8494769447308
algeria,60585.039800237944,60659.87166061355,2008-01-01,4011.16543681772,6617.462024222021,50247.10771248349,2950.9386223992033
tunisia,25888.64265209786,25919.34198742537,2008-01-01,853.7483926245103,1364.0807713965676,9914.943924554544,1221.157545782966
albania,3336.57052587549,3491.654334406862,2008-01-01,948.8952319489588,2547.280704862929,9892.254786711756,218.30398997555153
lesotho,557.814215642833,561.808753252208,2008-01-01,0,0.499426125,27438.664184027806,70.65845605894607
uganda,23259.37028830495,90200.18148626412,2008-01-01,7365.374811965375,17573.11000476372,33656.44957659675,471.38606218749914
guyana,1324.9434866037382,1982.4582971982172,2008-01-01,183880.97422674976,190593.62582754053,12549.642698826789,142.32832795355404
eritrea,3477.1710363928273,3477.918317377202,2008-01-01,0,0,43514.98067274163,80.8558618957108
argentina,335176.79655927105,337688.63646496314,2008-01-01,116661.96149926553,207125.1692530575,895860.2910447309,17330.353560453565
paraguay,11772.956474185845,26069.700104015905,2008-01-01,43982.762940048066,101480.21473050123,30785.56565917036,1409.1157401318007
spain,130327.97069316667,131941.8556397265,2008-01-01,32887.22582773931,87568.2151169478,147876.60562822275,5268.791556650058
tajikistan,6455.078033424206,6455.078033424206,2008-01-01,2.987030906617647,2.995862491911765,64135.352259088155,1269.3192671638492
libya,10283.679625058332,10283.679625058332,2008-01-01,0,1.99890996875,7883.564492345583,1318.7854583104163
kosovo,2344.888868164339,2411.168222006434,2008-01-01,1436.168021653555,3601.4007877002396,2267.8942700024495,128.589532608027
south_africa,65133.041719104265,66721.73493280038,2008-01-01,19189.29823626685,31456.33774278389,557888.4504104418,9532.904150726848
republic_of_macedonia,3408.4856758089477,3414.4621889376244,2008-01-01,3617.754316207352,7560.690370857408,10101.357302084658,383.6919335772672
bulgaria,39143.156971342345,39548.602290547926,2008-01-01,24047.325465037706,39515.44873807052,21309.57962615141,2536.2451098719353
kyrgyzstan,11928.174214965198,11933.4313397152,2008-01-01,256.11505152898286,427.2547679664827,145276.88782653506,1806.6740054840675
italy,106726.25647391682,113890.165925228,2008-01-01,46080.79649035301,80730.00138758437,35527.57123637206,14057.026723004405
madagascar,2888.962694879662,3091.208379660912,2008-01-01,73599.75225886326,124412.08965908064,375803.2661612282,250.0924802306373
brazil,257440.3685506423,339244.8039635914,2008-01-01,3641144.4395557097,4032594.771519303,1760339.6197041946,39091.228332120976
greece,29176.428799559748,30597.368192506252,2008-01-01,14529.780114126032,31024.1269960771,29381.909831596346,1871.2115472313744
turkey,207818.69113800165,211701.65170514645,2008-01-01,39048.01969265572,78760.95608663715,386841.46443817567,8828.611293883825
portugal,12780.915414414358,13596.272166722809,2008-01-01,6398.759593703066,19414.040006061517,25235.773027167616,1197.4922537368243
peru,10579.794303882469,11333.052503382463,2008-01-01,728586.8890801428,759323.8377531167,321304.8330006573,4681.3544321726085
bolivia,19538.360044482062,20509.592149247703,2008-01-01,513032.1280561943,586355.2736725644,158079.5345379959,1996.202796807905
namibia,800.0655785858423,840.4340018202173,2008-01-01,4.417097036764706,4.417097036764706,230051.76632833935,269.8936797489584
malawi,25514.750857993236,26191.1883125387,2008-01-01,7914.318221254463,11656.80212850293,33447.91508683991,163.8830917719365
mozambique,6796.6604370580835,7324.487573753309,2008-01-01,110732.19687230594,178230.99570371356,169587.33797875958,1039.8753566599871
egypt,27980.908404938375,28749.78047636668,2008-01-01,0,2.747246125,5188.188770718805,4116.350832420285
zimbabwe,19430.469616297654,19495.503792297663,2008-01-01,3832.5702136788,5150.3488673087495,300875.35886953806,520.8781494218747
east_timor,505.11861239283104,544.0802573142771,2008-01-01,1971.408934308882,5181.479765646758,1094.8281721270828,38.1356349793505
senegal,19638.9495832134,19794.1387956509,2008-01-01,352.47477695557615,353.47092279932616,163671.68666498084,546.1345512710783
mauritania,10.090436264889703,10.090436264889703,2008-01-01,0,0,168435.4333945517,149.68067020502446
chad,113453.72754237926,114107.80418798517,2008-01-01,5635.2736951736615,5636.020550470536,422762.4087947324,300.2937234999998
taiwan,3099.1478887089415,5152.916011734432,2008-01-01,20114.4639306933,22388.50196900071,545.2399569652573,3033.207307874512
mali,20636.24697177819,20645.740775716793,2008-01-01,5.9583520183210785,12.550493966237749,470820.1558544426,451.2320266577203
switzerland,2395.782202850985,3350.047552245709,2008-01-01,7435.468967528192,12556.451859452383,12090.093247529838,1322.4883454361518
suriname,228.4749212731618,232.7065155856617,2008-01-01,137380.18989972238,138841.6067235091,1184.1347797069243,117.48783989062484
australia,275895.0919267531,276676.0420091479,2008-01-01,242581.3644743753,379184.1995115348,1896359.9110816077,10047.873415350912
botswana,21.62932171580882,21.62932171580882,2008-01-01,15.951747203125,16.948664875000002,354137.05176126014,440.4288968973653
french_guiana,32.109991640625,32.358906015624996,2008-01-01,80743.94645354073,81811.00233924095,151.71155340747546,62.29627564724265
indonesia,45015.46663924063,130074.88749245126,2008-01-01,1191665.7292036505,1517195.003685513,30664.426074999137,12904.95686564607
armenia,3217.4287091079036,3217.6790369516534,2008-01-01,1562.2391181093742,2304.1500988735916,20914.376527940323,855.0352935801477
papua_new_guinea,268.1585138370708,1303.3839301838862,2008-01-01,389533.2213194278,419948.7467245184,5834.568811498411,202.9451015000612
serbia,27110.33310485481,36795.769277913496,2008-01-01,12223.825111861524,27913.79459350421,1932.1525263968745,1780.9710003449757
oman,165.5442939624998,165.5442939624998,2008-01-01,0,0,4358.851865251467,287.7925491534927
lebanon,2226.287967240262,2227.037836302762,2008-01-01,41.489345265625005,78.47926046875,3774.359455927827,418.6431919336392
slovenia,1212.459219719486,1945.7760637280032,2008-01-01,10758.18980904375,14545.249117469117,959.0206082490804,367.8337864389091
ecuador,4159.948911454027,10614.383783134752,2008-01-01,125654.03778054164,152358.91157367357,18241.396668780948,2610.977714687557
ivory_coast,167.48945680821063,5919.961118577335,2008-01-01,14513.581150673092,44051.78522475408,38385.847212421446,1658.9312813346826
central_african_republic,951.3809303012872,983.4928542856622,2008-01-01,230246.14706975225,266329.98225180083,40711.408589584105,288.2855769164216
south_sudan,22516.183295905437,22518.095771537668,2008-01-01,12700.427831572062,14622.886215505714,260208.57372039903,79.89838657720591
ghana,23345.6073073841,32357.323436708928,2008-01-01,10700.68185229074,32992.59353804978,87882.31193384026,2380.436502495156
togo,4187.994081222677,4575.542585388791,2008-01-01,208.45499554227936,777.0398940136022,24354.493146089622,415.26407750410567
cameroon,57406.19682331557,69792.57065755583,2008-01-01,209986.95004138365,242515.27203776737,12314.31058912618,832.5870612966911
benin,44468.15563241075,53558.79513142862,2008-01-01,587.8261959096808,592.5563460034308,33399.93063925208,587.8126105424033
sudan,72659.15881040419,73395.95424478495,2008-01-01,15.4361274375,15.4361274375,648112.8657486222,2914.2508228730426
niger,23492.077816382734,69495.84349095271,2008-01-01,0,0,226503.71831843673,470.80665566599293
burkina_faso,16550.81360613246,17770.81995280531,2008-01-01,0.4980154375,0.4980154375,253104.85407181148,369.7577832553307
cayman_islands,3.836445782843138,3.836445782843138,2008-01-01,18.763012212683822,35.668193409252446,10.61601905122549,16.505031442708344
british_virgin_islands,0.24921621875,0.24921621875,2009-01-01,17.746159153370098,35.244051614460844,9.604330087377452,1.2460789062500002
montserrat,2.467162288296569,2.467162288296569,2009-01-01,18.805185912009808,21.981723187316188,33.547570837561295,2.8345442230392157
poland,141286.55320324498,148301.37347925964,2009-01-01,70268.19360167738,90430.18062377554,26627.91137634336,8167.050945273904
guadeloupe,94.475146772549,297.14702892971815,2009-01-01,699.959517056128,1215.759993020038,557.5339834580898,68.33826491060049
saint_kitts_and_nevis,0.24917128125,0.24917128125,2009-01-01,70.57872634748772,86.53183877261029,57.27024361305145,5.570827462071078
barbados,91.1560155313726,91.9031800001226,2009-01-01,8.218872203125,8.218872203125,204.50072171035552,21.180380431678913
myanmar,132599.46733931027,133373.64957219674,2009-01-01,332326.4808290941,443921.3176275905,39541.42264500339,1504.3908816833325
japan,25120.792237189817,34613.834669029595,2009-01-01,233560.91356122703,261766.7181713239,14594.579974473108,28602.5754666574
trinidad_and_tobago,16.931648734375003,18.176584546875,2009-01-01,2773.6700609244485,3398.207999563781,550.924158520651,359.96868511973014
luxembourg,456.6429112064346,606.8522979640323,2009-01-01,551.1282385115194,774.7912814107224,299.09339602432607,162.30362847610292
iceland,0,0,2009-01-01,17.384944267892156,18.13992215851716,54176.9511011589,46.87025114087009
cambodia,44453.90577543931,46445.30009971192,2009-01-01,62591.480694424805,76468.00700954377,16723.007451043628,391.1495438673407
guinea-bissau,44.717395864583345,44.717395864583345,2009-01-01,2317.8460293284925,3134.7412395002452,2259.021827749144,40.04449572450979
jamaica,467.90346117310065,622.3811090824752,2009-01-01,4028.554783861336,8494.544839629354,526.2874626047186,352.94666086072345
puerto_rico,501.43733935833416,716.320208124695,2009-01-01,2226.128214131736,5704.846987062739,597.3870870460785,1162.4114096451
south_korea,18182.60868880964,19147.09257363249,2009-01-01,43972.07546356662,64864.17263805142,3818.404798915195,4932.3408196491355
dominican_republic,1869.4069800091304,3643.5161308528127,2009-01-01,7777.928486853981,25243.756251389153,3495.5028112420964,738.2382616346813
cuba,14536.754774949695,34074.84426973856,2009-01-01,21334.701665877205,35374.2487632847,2828.313757171079,661.5201204462624
laos,3392.4831915986506,3435.1443844378045,2009-01-01,141821.28574849718,192906.08586771213,17330.785758384485,170.0576580002452
panama,224.43339021072305,264.0175766013481,2009-01-01,33976.76936196224,47738.78371930867,2429.6117966376232,405.9083872402578
the_bahamas,1.752106711029412,1.752106711029412,2009-01-01,1315.8324713507964,2278.63111676495,2939.2097722703325,78.92743714485292
liberia,5.725663296875,190.93925955710785,2009-01-01,52251.253377173416,91613.60255121946,72.71894191893384,163.31098068370108
bangladesh,66605.45034389992,87515.32849609866,2009-01-01,4256.410642820218,12585.764530833088,2479.0492896791066,997.0588429063108
honduras,1866.113327862072,2140.517400599203,2009-01-01,32965.961741175706,80633.30572765932,4835.609526114338,258.52807822144615
nepal,22353.114847030953,23286.63594594462,2009-01-01,35660.2408503395,68321.15639814292,24609.76518737113,293.8183805395222
colombia,1499.2019960740806,7400.309866707223,2009-01-01,588026.7486994683,734747.0685695026,73667.92880688647,4073.1236214374385
sierra_leone,144.17705121875002,4990.468932346819,2009-01-01,2448.9352340297773,33152.67271574321,370.1193520113357,166.8738603249387
thailand,197828.1699452364,208822.6103343708,2009-01-01,111182.80565720076,191994.53685767477,45458.312930033986,5387.849167171872
chile,3702.0166810531255,6273.577381303133,2009-01-01,154044.84845828838,185579.82696525817,91537.831400654,4085.235694740624
philippines,17851.609507750312,47717.60898291617,2009-01-01,101075.08933665731,164022.1291983095,15079.351660762994,3038.9159199946093
vietnam,45724.08936953217,65953.90106382442,2009-01-01,91297.57496151446,153531.43508087515,18011.007537602844,4844.242283400248
bhutan,128.5692172754289,147.87175639877455,2009-01-01,27674.20723018805,29850.502464568508,5691.298482776341,20.0048335557598
equatorial_guinea,9.706911656249998,14.186999468749995,2009-01-01,21579.81179766577,25444.353375190607,20.147271403370095,37.85610447205883
nicaragua,3246.244399120164,3950.031610823289,2009-01-01,27714.710590391715,62486.960946347746,4815.933912673409,188.81604536832108
latvia,7148.839219998733,9445.115139133595,2009-01-01,23436.38378135688,40914.84763487174,3365.975508620834,219.5436975493871
brunei,0,0,2009-01-01,4683.6578043807485,4939.10305129649,107.94269709613972,208.96914295729167
united_kingdom,52426.268796314165,65257.06558457915,2009-01-01,12667.904415271742,15776.096127010964,45934.41842431233,9409.706497116798
finland,100.24294756011028,100.24294756011028,2009-01-01,83107.7898019558,249665.17543203876,10700.827667345406,572.3799991144608
belize,52.37324453639707,77.75752815147058,2009-01-01,15131.823747964632,17860.88300880942,1889.518070974817,11.513385093382356
ireland,2498.6297513669742,5291.925182487746,2009-01-01,3786.68782784032,4426.786393662934,24990.439175101084,367.2461075462599
norway,1592.2484721969363,1807.8278474019,2009-01-01,47300.26994941898,96983.68241794518,116553.51046927176,399.3036899261642
haiti,6588.925858528066,9255.061898828224,2009-01-01,289.27638972549005,4138.888831749152,3299.7139273750627,341.43645497751226
venezuela,7795.274656462888,8732.957191929796,2009-01-01,424380.612051744,495640.7650704728,183315.35062736372,5190.689061306008
el_salvador,1373.2331920033714,3381.4032512221256,2009-01-01,1886.2732378113965,7189.8652507481675,303.43414637659305,184.55757694761047
costa_rica,467.12676292316183,487.0461148294119,2009-01-01,19677.151016121043,40384.606458844384,2883.0677887417287,435.9446459898902
gambia,4106.82390787586,4114.79376065711,2009-01-01,0.249055671875,0.249055671875,5233.7838718156845,80.77216184154409
guatemala,3047.817460093813,6223.1098502742025,2009-01-01,35511.432254127416,74113.34988426656,4643.83833523719,377.42518508694906
malaysia,2844.653682176471,5964.166420993867,2009-01-01,231931.70344050325,295355.08145282656,6809.854699712808,4363.341594815209
north_korea,33103.2019757344,33945.63433858999,2009-01-01,59741.08926359352,72052.8915865448,8511.945984818936,1812.6029872496945
mexico,134712.52252585845,151652.37250068603,2009-01-01,260485.59443218127,472291.96019429946,499688.55686287937,9233.69193191976
belgium,11209.656993960294,12405.539261170228,2009-01-01,4855.107961079968,5542.122590224211,2873.3345938148277,3425.403721965807
estonia,3687.493196165502,4281.873628630083,2009-01-01,17344.319075965872,30109.4414840376,3257.9828832846824,183.28476147591925
lithuania,18515.260084106125,19408.970636165253,2009-01-01,15122.980037217643,21394.367202813424,9631.4990982109,362.4886644743874
yemen,2633.180180781253,2639.657082890628,2009-01-01,0,0,26700.046104911693,829.0313197516545
djibouti,0,0,2009-01-01,0,0,5445.502587918565,17.643950066850493
qatar,0,0,2009-01-01,0,0,12.474420953125003,346.7495458104171
somalia,707.1251439605389,720.565027382414,2009-01-01,0,0.7466614375,241226.45093577067,240.08161800006127
kenya,14252.461630592186,30707.161133130274,2009-01-01,7156.7520121674615,11225.160428328918,416137.8052354317,511.4289443691802
uzbekistan,47264.725885955246,47264.725885955246,2009-01-01,0,0,186732.46771062657,10573.140540618442
china,1222969.9813140647,1433619.6502992853,2009-01-01,846924.468029811,1784444.8633502722,2841328.023921388,125640.8667230944
belarus,57391.85013681499,61627.41890857425,2009-01-01,62325.222673720586,98373.42561957784,18727.486333619418,1407.0214373156844
pakistan,174820.91343255228,175403.17341577818,2009-01-01,1319.409868809621,4916.965424960849,120855.36737820732,6338.857807707664
somaliland,0,0,2009-01-01,28.635389046875,29.382400312499996,9951.8501308356,77.2166660292892
jordan,2082.653675829104,2085.6517156884793,2009-01-01,0,2.99805271875,973.7404512672796,808.075774093995
mongolia,276.8727588990808,276.8727588990808,2009-01-01,8971.483891344915,34965.545441748924,991077.5081727152,990.5207840702208
turkmenistan,14504.53635738099,14504.53635738099,2009-01-01,0,0,95609.3233440021,1683.4362929458955
russia,1108305.7114011145,1202250.8264629291,2009-01-01,3882102.320120289,6427303.910638465,2309980.8599157096,29395.850068739896
france,186107.53647214433,237934.42269783915,2009-01-01,72006.49816598344,128346.97950310574,42007.40550732686,12890.992580319187
republic_of_the_congo,42.56165382812498,426.63386608511024,2009-01-01,216642.71653929472,238515.81899209472,34548.11981672789,505.4960076920957
palestine,1553.5177187739584,1563.2612806333336,2009-01-01,0,0,1986.7016172536769,338.1554824373163
democratic_republic_of_the_congo,351.5134056110907,1004.7722141579048,2009-01-01,1266558.1806456882,1620951.1188436726,58952.80255139332,2708.8494859419125
austria,13886.402777884174,14806.859178175657,2009-01-01,31261.845132561557,45136.48846246296,12657.095314743869,2072.713659444057
gabon,1.7421943749999995,115.43043740226724,2009-01-01,212640.10758239304,239988.7326722897,7993.757085969422,283.70051283590686
canada,479148.1531616397,496818.50890973274,2009-01-01,1694025.5042970115,3481891.6712400476,1979008.2898090496,9511.53746494027
ethiopia,162160.42533294985,164447.2450751998,2009-01-01,31318.93725354243,40724.36537840177,457402.6074347669,1010.0651052454058
guinea,6885.211847855759,13470.372054373163,2009-01-01,3708.251655499322,15096.71042809162,22544.5127294646,324.2280184215687
nigeria,306388.5295648975,370949.25397689454,2009-01-01,22880.33728377221,39152.162214755896,347049.7324021796,7271.9841792868865
new_zealand,1449.9676273669115,1553.8318321340078,2009-01-01,100567.12297883233,111535.58276265748,87779.348021133,1102.1575509575368
uruguay,2939.4513497601097,2972.177592655698,2009-01-01,3852.120711443258,4590.30598997212,114273.13683101692,1074.4725809228578
india,1930900.4386463556,1981527.7718315404,2009-01-01,302406.6996075933,427473.45469215896,265811.1883380421,34578.31661720334
iran,72444.72956213469,72561.52515229092,2009-01-01,10446.79522875278,16176.252358083952,347205.89490409463,8177.374428652142
conus_ak,1357496.8575558711,1471205.3295789994,2009-01-01,1294058.8828496076,2549806.703108269,2915992.7289552577,132704.7648820757
hungary,57199.88052945123,58593.05827192243,2009-01-01,10516.001672777256,13833.47058887486,10225.366839522108,3571.8305963657463
united_arab_emirates,2.99408,2.99408,2009-01-01,0,0,292.02978286685027,528.6419738707723
croatia,9292.224170636351,10212.293739019502,2009-01-01,16574.926444755154,23557.62593582015,8305.060485077947,647.0730328691795
germany,125943.46489171775,139566.44882898085,2009-01-01,81837.52759966148,95512.24001127784,30887.84380848651,25090.05980409307
bosnia_and_herzegovina,5173.630325958828,7627.932104324641,2009-01-01,17399.217563447077,29472.1359617166,6154.277418320344,374.6168320618259
slovakia,15856.469575543328,16042.623599911283,2009-01-01,20687.851224639744,24033.44368116871,2969.7111631303915,1681.0952779452205
netherlands,7307.504420999324,12016.603488667146,2009-01-01,1725.390401768259,1952.2701767766544,4824.965343634006,4667.080017896023
afghanistan,21089.72711658866,21089.72711658866,2009-01-01,172.99001270312496,577.81934372408125,251923.02326316244,897.52816114902
iraq,35191.886157701374,35277.100216060746,2009-01-01,0,0,49322.5442428341,3571.7912035539184
georgia,2553.6599592346192,2568.9337409533705,2009-01-01,22438.39612110401,31709.458803432382,25069.428706164505,851.8263783696082
rwanda,4432.8293430908625,10471.777337314406,2009-01-01,1240.5691213689954,1357.2212325548403,7077.817906947177,104.12817339399535
ukraine,361935.2879910921,381856.77944656863,2009-01-01,57807.530408979066,83555.18226906128,39052.74165559585,10227.45709787585
czech_republic,33832.932744944745,36670.429383246286,2009-01-01,21633.199240257494,25687.202396983474,3791.933976018322,3423.2372790476124
israel,4641.25633485313,4642.005703118755,2009-01-01,11.4928771875,20.73735378125,3684.956706844426,1080.3828138396436
saudi_arabia,3512.2835327499956,3512.2835327499956,2009-01-01,0,0,15614.269163860914,4518.556368710657
syria,37766.94185948127,38503.76936193137,2009-01-01,156.4776452931372,209.0725347556373,7034.334973454109,2635.949527782906
romania,100279.37759255269,103133.30138914796,2009-01-01,58481.19692389335,79747.78077908843,17613.779231653,5301.404230059863
moldova,28217.48466153169,28573.803451679993,2009-01-01,1162.8369583399517,1419.6289131916667,1385.7170160755516,1011.6783319304532
burundi,5832.806193588237,11822.48562394125,2009-01-01,414.4356763939947,498.3826555848035,4906.222120117824,73.42390057812503
kazakhstan,129895.36308729528,130036.3520019346,2009-01-01,9988.135333041557,17211.628293039525,2325254.567507349,3547.3596176769024
sri_lanka,2873.8991026018384,9456.215248181416,2009-01-01,8142.050139235331,32116.492972305776,4613.151346283017,381.0503172069245
angola,3180.575432935905,4737.854296385783,2009-01-01,119064.05146924817,348203.19068075455,408364.14652420505,939.359970697978
azerbaijan,23116.23142982053,23146.520873523652,2009-01-01,3709.318949328308,6368.624695450308,46880.804834889,2028.0214909284891
denmark,24478.549820274693,29733.25934546038,2009-01-01,1829.6899770877435,1889.1807037513463,1185.7588963864582,836.7939822174021
tanzania,15788.509392311924,18835.47479937336,2009-01-01,81348.1546462317,104472.62635642088,384063.4184792011,1023.5846087885416
sweden,12682.06459012767,14336.460172256104,2009-01-01,142378.14106813635,321040.03234106605,22550.00340874175,1356.345164007659
montenegro,41.73783335257353,54.81392342604168,2009-01-01,2296.1454024949167,5577.63781611771,3489.6389455981575,95.49543269129906
morocco,81816.78345317271,81856.27714365709,2009-01-01,987.7308553548409,2021.516824909741,60820.17948044519,1867.173657110172
eswatini,573.3064485463844,579.0456707495096,2009-01-01,1193.7907599876849,1707.846146810357,9480.571180704164,29.197230515625
zambia,2964.301279484621,2999.906620547121,2009-01-01,102652.15330721757,211091.0895685839,187920.51016133896,830.0838882728558
algeria,62319.873102666046,62411.459880229166,2009-01-01,4217.095942556139,6902.517764385928,51818.203992530194,2954.397260676225
tunisia,25896.7473037389,25927.94668364454,2009-01-01,885.7596461088854,1400.9608409933824,10132.362563973296,1221.907614361091
albania,3198.887147515994,3375.325931019792,2009-01-01,986.4131513170344,2643.706003650061,9680.466123026034,218.55433455367657
lesotho,574.7942918467547,580.2868125030046,2009-01-01,0,0.749114765625,27394.643031253418,71.15782369957108
uganda,24074.23974120317,91095.85232070144,2009-01-01,7151.945734532963,17263.513899328125,34066.75550143793,478.1058941406242
guyana,1338.5813754047192,2006.053322921073,2009-01-01,183744.89921269065,190535.6161801557,12564.648507168087,142.32832795355404
eritrea,3402.6600079778127,3404.403672759063,2009-01-01,0,0,43073.68234324203,81.10501373946079
argentina,333217.86061039695,335863.2883737381,2009-01-01,114692.06071094766,203289.82500880095,900012.3857669665,17334.85167901607
paraguay,12431.06862464767,26665.254814329684,2009-01-01,34572.69009826407,92276.99502588778,31006.535981232137,1409.1157401318007
spain,129979.12971634197,131652.89239421184,2009-01-01,33026.91729115954,87905.2923429138,146438.93990132303,5280.454024172852
tajikistan,6613.870989219611,6613.870989219611,2009-01-01,2.987030906617647,2.995862491911765,63861.68488742792,1269.3192671638492
libya,9974.675975769178,9974.675975769178,2009-01-01,0,0.99945559375,7677.83030263872,1321.5335133104163
kosovo,2303.656739864645,2371.4414345010414,2009-01-01,1452.1618041441188,3650.542447359921,2260.422747733761,128.83995145177698
south_africa,65788.05875946359,67444.09310610207,2009-01-01,19570.238992806117,31915.42767863692,558500.2350189636,9558.854339376669
republic_of_macedonia,3383.2354733414845,3391.3837979994496,2009-01-01,3726.6520505085177,7712.954493609308,9907.455026536134,384.1926977022672
bulgaria,39322.745008416656,39828.64085789894,2009-01-01,24271.85858762868,39744.714119827826,20736.462526367646,2536.9963311844344
kyrgyzstan,12426.131242869056,12433.641492994057,2009-01-01,269.38507451335784,487.1019942941176,144612.2372628754,1807.425295452818
italy,105314.08034050812,113227.8708226162,2009-01-01,46584.63127653511,81028.81869205665,35358.41787235384,14064.792460660658
madagascar,2901.8124280574193,3113.78555352617,2009-01-01,72310.1668137274,123411.54319967022,376418.0306567357,250.59094373063732
brazil,260288.27469043343,342827.32669164357,2009-01-01,3633699.457879842,4029954.243153435,1751854.804314051,39112.41941262098
greece,28764.823270861212,30328.45407551287,2009-01-01,15253.293115826533,31797.513726290657,28940.07795606546,1871.711844840749
turkey,211571.78084092267,215604.3476227723,2009-01-01,40594.17231886996,80139.01432440185,382973.68640396866,8855.66087985429
portugal,12565.835880922135,13414.476340714966,2009-01-01,6537.121939525244,19879.443143599867,24195.553757799807,1200.0311670089443
peru,10672.21854884129,11433.44368488816,2009-01-01,727447.3547320887,759434.0216640427,321097.33806064114,4683.597066563233
bolivia,20149.158886800815,21082.26728951957,2009-01-01,509162.22724737733,583059.2093835166,158624.9766311342,1997.6978444485303
namibia,763.4358121327177,812.2768754608426,2009-01-01,5.4822595624999995,5.4822595624999995,232080.8332205854,270.39234412395837
malawi,25720.358545537187,26421.234670226884,2009-01-01,8007.044557392883,11585.444392509062,33402.68915722404,166.12480385006148
mozambique,6986.3189361985305,7541.789939010543,2009-01-01,115362.19979557586,179372.80374044902,166464.9105364748,1047.7067004602322
egypt,28096.950821868093,28882.303079608904,2009-01-01,0,2.7472659375000004,5511.83839222604,4165.693021520835
zimbabwe,19157.68158840312,19237.167128090616,2009-01-01,4288.767246095771,5678.200870945203,300034.9736816243,522.6226214374998
east_timor,439.39504562616423,476.2360943672183,2009-01-01,1990.7386224950349,5327.213743647984,1079.4924000548403,38.1356349793505
senegal,19926.184559017573,20086.853971580076,2009-01-01,333.70901686145845,334.70516084583346,163073.64672996776,548.8745696617034
mauritania,13.827470780514703,13.827470780514703,2009-01-01,0,0,168671.41301540815,149.68067020502446
chad,112989.80961972738,113671.32429740584,2009-01-01,5528.996266725073,5529.245216975072,423276.0477989458,301.04081353124985
taiwan,3136.407586583818,5195.42645276936,2009-01-01,20039.596888869328,22372.93312081475,549.8654391063725,3041.983510263973
mali,20282.9382578327,20293.179042943175,2009-01-01,7.058856365379903,14.14901370392157,470660.893044048,453.22429673584537
switzerland,2438.005215583461,3381.873634442707,2009-01-01,7459.370811825373,12524.26006210594,12218.050043280631,1322.989751467402
suriname,253.41348066636004,257.645076588235,2009-01-01,137262.13451771994,138672.87240711303,1227.4436907346812,117.98567365624982
australia,280150.1093938111,280951.67749594786,2009-01-01,246814.0055968232,383731.8319127225,1915107.1871822013,10084.329393798704
botswana,24.91134596109068,24.91134596109068,2009-01-01,16.699452421874998,19.191795609375003,354916.42102204164,441.4265102098652
french_guiana,30.616503984374994,30.865418359374992,2009-01-01,80729.13402230639,81802.50521945243,152.7531212751225,62.29627564724265
indonesia,43934.2945346116,127977.49540398434,2009-01-01,1186926.5195059015,1517211.364975562,32279.78127346929,12980.127796521076
armenia,3249.6105503627455,3250.111180206495,2009-01-01,1592.2659650795335,2288.1819908034336,20917.294056014896,856.7872152207726
papua_new_guinea,265.0727895967523,1305.9820759424642,2009-01-01,389447.3689959828,419645.32103315875,5972.781989854597,202.9451015000612
serbia,27292.824306797767,36893.95601878213,2009-01-01,12312.266409142589,28174.76904403675,1865.602590938296,1780.9710003449757
oman,164.79675880624984,164.79675880624984,2009-01-01,0,0,4348.870696103368,289.5384280753677
lebanon,2307.6474077687535,2308.6472262218786,2009-01-01,45.73827343750001,88.47674918749998,3705.893988845474,419.64283233988925
slovenia,1267.9646951558225,1997.1022404064315,2009-01-01,10740.371254101226,14514.35701556777,980.1508383218132,368.0844029232842
ecuador,4100.7107700577035,11993.765907486526,2009-01-01,124462.40542024332,151019.82279263175,18313.850249754083,2621.369394682042
ivory_coast,140.56663459724257,7046.979631961644,2009-01-01,13393.935895775308,44827.66869094083,38325.33236132146,1664.9052165221829
central_african_republic,917.3049514955886,950.9104674018386,2009-01-01,231459.4890945783,269058.3110982497,40897.01440498578,289.53008663517164
south_sudan,21470.796466301017,21473.605941157817,2009-01-01,12228.276413966309,14355.680951474033,262460.86771028774,81.1429463584559
ghana,22962.863522515127,32235.579483597252,2009-01-01,10378.99111570588,33785.453673338125,88278.79300603751,2417.757316471258
togo,4108.978474776169,4517.302221699146,2009-01-01,195.13433352328437,801.5083231292269,25007.71874789036,418.2511805666056
cameroon,57254.24393750982,69864.26661726681,2009-01-01,209793.05721030885,243485.4183047561,12528.947571304,842.5578268389704
benin,44125.35752522516,52949.07619544229,2009-01-01,517.533911511274,519.7745791362742,34555.80931828764,593.7870006361534
sudan,72601.91568175705,73194.9288187333,2009-01-01,15.187138078125,15.187138078125,647057.7742390897,2922.222612232418
niger,23089.847350064523,69122.07152406641,2009-01-01,0,0,225230.622631115,471.05567963474294
burkina_faso,16802.025426693803,18223.75966952763,2009-01-01,0.4980154375,0.4980154375,252614.02160720955,371.75003861470583
cayman_islands,3.973286805759805,3.973286805759805,2009-01-01,19.79127933480392,37.05620857567401,10.229948668933824,16.505031442708344
british_virgin_islands,0.24921621875,0.24921621875,2010-01-01,16.656448180943624,35.24405005196084,8.85667224362745,1.2460789062500002
montserrat,1.719684788296569,1.719684788296569,2010-01-01,19.372873600428928,23.32131707150737,33.250533333578446,2.8345442230392157
poland,141616.51642015125,148919.04330463146,2010-01-01,70043.20921328994,90762.50772337322,25787.817493925773,8168.807879336406
guadeloupe,90.09268447598036,292.0170887893994,2010-01-01,696.4314651062505,1232.0280847971833,552.1052121909328,68.33826491060049
saint_kitts_and_nevis,0.47391600674019607,0.47391600674019607,2010-01-01,70.82791425373772,88.32885869901958,59.266564031066146,5.570827462071078
barbados,81.56202246078435,82.06013217953435,2010-01-01,8.218873359375,8.716987859375001,218.0932557485909,21.180380431678913
myanmar,133625.48941656307,134408.64259012137,2010-01-01,331230.3498644163,443197.6831734499,39315.48301890121,1508.559835306739
japan,25028.67637110178,34579.32109787459,2010-01-01,233456.8982536209,261145.9563042934,15191.69737679517,28620.269879639567
trinidad_and_tobago,14.939693312500005,16.184629125000004,2010-01-01,2724.644185691603,3383.783765968498,563.5692624433838,359.96868511973014
luxembourg,458.689307955393,587.0744818040444,2010-01-01,524.0982435935665,751.3668011061261,334.3813866201595,162.30362847610292
iceland,1.257913359375,1.257913359375,2010-01-01,23.676102439767153,25.68960498664215,54059.50968567457,46.87025114087009
cambodia,45168.61166688059,47054.7727671219,2010-01-01,61026.2920885296,74833.47617368674,17493.020028302082,396.9688716683824
guinea-bissau,42.49759319515932,42.49759319515932,2010-01-01,2353.6785303731,3215.835902893261,2246.5265524922197,40.29351969325979
jamaica,472.1398009856007,618.6430163012251,2010-01-01,4001.828010990808,8454.749072984623,543.4716055776353,353.6942545482234
puerto_rico,484.15722361678974,691.314724383151,2010-01-01,2231.6528358206447,5760.328830280693,577.944488730331,1163.1590394576
south_korea,18176.5648334494,19232.672311628503,2010-01-01,43820.270916878195,64695.039779908104,3890.213866134005,4949.560382969049
dominican_republic,1945.1630096344372,3668.4397055979703,2010-01-01,7731.20614365821,25060.916398533758,3509.580762558274,740.4812894003062
cuba,14349.616310111947,34048.2976543852,2010-01-01,21951.869687082493,35980.42293135441,2765.2052573595597,662.5173516337624
laos,3461.5664631476707,3505.675089063296,2010-01-01,139948.48027388554,191955.45787271857,17724.38324920643,172.05126125024523
panama,211.34355452598044,248.68701126035543,2010-01-01,33771.00221780443,48139.016264045065,2424.719441660355,407.4021756621328
the_bahamas,1.0036637110294118,1.0036637110294118,2010-01-01,1323.4462650348648,2286.6712027408694,2916.6485788428813,78.92743714485292
liberia,6.472508125,190.70727279534316,2010-01-01,52913.001015716814,91573.57851191702,94.88513674620096,173.59001914736535
bangladesh,66964.13353869077,87406.1811084939,2010-01-01,4195.305301203427,12606.092494399569,2595.731013460907,1002.2967038438107
honduras,1823.150984694916,2096.3080364164216,2010-01-01,32812.09782199338,80499.95936526865,4861.910692279724,259.52448204957113
nepal,22257.927660842837,23171.008924130703,2010-01-01,35692.788783609416,68403.01306587493,24694.46406644722,295.3160091645222
colombia,1438.460176011581,7341.45867798106,2010-01-01,587424.0012991875,735162.6279767725,73695.15736417267,4079.844706906187
sierra_leone,153.139353203125,4901.735180743445,2010-01-01,2549.574005873221,33506.885481178564,386.6239892582721,168.1186295905637
thailand,198292.02679928817,208722.68432248905,2010-01-01,111166.3707187956,193659.30835636688,43987.539763557055,5437.477595028555
chile,3678.526214182722,6361.865410588978,2010-01-01,155031.8468105367,185715.74610590417,92417.86804552573,4091.2301325062494
philippines,18481.738508211107,47531.90077706211,2010-01-01,99556.89058740114,164081.24481013813,15119.456200950735,3046.4183127063743
vietnam,45947.147145316005,65756.73063569894,2010-01-01,91213.29012672573,154192.43265428426,17980.897431799127,4897.05432188462
bhutan,129.7526113090073,147.70848891789217,2010-01-01,27614.946826939205,29840.812215883034,5700.815851238109,20.0048335557598
equatorial_guinea,8.213542296874998,12.693623046874992,2010-01-01,20601.46378054161,25250.476243383444,88.84145476274504,38.60276239393383
nicaragua,3161.0291624947963,3868.302496869797,2010-01-01,27331.583858448623,63251.07743011728,4541.460911465017,190.06118955582107
latvia,7171.717824499283,9485.04605074769,2010-01-01,23724.67104366369,40833.56295856818,3301.592741357722,219.5436975493871
brunei,0,0,2010-01-01,4677.31617376212,4921.611439362912,118.88078356488973,208.96914295729164
united_kingdom,52484.50644174105,65355.08530859242,2010-01-01,12305.471584248577,15083.001132981362,47141.283128342344,9420.248008398046
finland,91.79550474999998,91.79550474999998,2010-01-01,83050.51092069533,250801.57114988516,10615.172171073957,573.6373109738358
belize,49.13339520827207,75.01610466709558,2010-01-01,14956.541403871985,17705.6918052642,1940.208576480086,11.762569468382354
ireland,2544.538971147612,5271.226969763604,2010-01-01,3671.7721022726096,4270.668126645285,25072.618866076875,367.2461075462599
norway,1605.78063850576,1806.7831354539219,2010-01-01,47647.54260378985,97238.00848328778,117983.50089141817,401.56595408241424
haiti,6537.883153259377,9284.171549904442,2010-01-01,286.7885880374385,4074.7051143691288,3272.987833269242,343.9286793212622
venezuela,7757.768745221346,8678.769699032004,2010-01-01,423912.13804742345,496397.08137521945,182634.3954476331,5193.676585149758
el_salvador,1349.0086215862143,3403.578205398167,2010-01-01,1820.4452251308824,7175.483181162014,305.1650913317401,185.0557175726105
costa_rica,457.183860011152,473.8662721830271,2010-01-01,19778.66904997545,40620.525892746315,2774.7592806545968,437.68752291176526
gambia,4072.34871515086,4080.318573072735,2010-01-01,0,0,5246.983591636645,82.2665285759191
guatemala,3028.8422014305174,6260.467091612499,2010-01-01,34978.86477263807,73657.87484828735,4776.3170995594965,378.42163980569904
malaysia,2840.0398761890315,5936.331084008695,2010-01-01,228739.67623151743,294435.00562106573,7471.405014306432,4409.138604424584
north_korea,33057.940686167974,34015.205394459466,2010-01-01,59666.14695038452,72046.65089198077,8448.052945362131,1814.1043582809443
mexico,132498.33140131427,149915.34438154005,2010-01-01,257215.12996293075,468013.97300108895,491394.2644835738,9291.428338190466
belgium,11319.849568505391,12431.02865298769,2010-01-01,4701.859541788424,5418.372041184444,2938.1799725773276,3428.1636983095577
estonia,3716.401252002941,4320.76434293235,2010-01-01,17385.11483160442,29820.59557016946,3249.881198912011,183.5213385788604
lithuania,18659.53353433044,19593.61260923352,2010-01-01,15300.108005123098,21485.201857240452,9451.308443720032,362.7397789275125
yemen,2917.664944664035,2924.3909593671597,2010-01-01,0,0,26756.596095964334,831.5222889079045
djibouti,0,0,2010-01-01,0,0,5383.420590411026,17.643950066850493
qatar,0,0,2010-01-01,0,0,12.723901687500003,347.45202847469403
somalia,618.0246417886642,630.2200008980392,2010-01-01,0,0.995545671875,244735.81575520508,241.0771925156863
kenya,14253.475644164871,31039.634443330157,2010-01-01,7274.514122471681,11434.094120547354,416749.5724001277,513.6718731805772
uzbekistan,47084.5464485617,47084.5464485617,2010-01-01,0,0,185157.9875263589,10575.142574087193
china,1225139.5591285103,1434851.6606148845,2010-01-01,867917.4899851853,1792350.191072796,2834762.5772972344,126955.53714345345
belarus,57205.606076614975,61421.130473523466,2010-01-01,62736.58664610223,99359.45615847938,18234.644916637535,1410.033839690684
pakistan,176179.6735715594,176787.0811292381,2010-01-01,1351.5272797056996,5091.732243090751,122206.13504929774,6345.603172676412
somaliland,0,0,2010-01-01,24.15332965624999,26.892367765624996,10817.837295180576,77.80932536360294
jordan,2161.2838532511632,2162.782873641788,2010-01-01,0,2.99805271875,981.8467446558216,808.57541170337
mongolia,299.11183894895817,299.11183894895817,2010-01-01,10208.170562796691,36336.77176816134,992852.7840491898,990.5207840702208
turkmenistan,14487.173256328297,14487.173256328297,2010-01-01,0,0,94636.87563237284,1683.6864407271455
russia,1097184.1768646964,1185268.1337314756,2010-01-01,3900458.018233082,6473875.924937407,2315516.1285187425,29443.993952964105
france,184642.0833791478,237324.27856870575,2010-01-01,72073.26132119096,129271.73872179708,41788.40987268729,12897.396236819432
republic_of_the_congo,37.085874734375,432.5645690965685,2010-01-01,215982.79735148256,238054.41371174928,34908.71038111845,515.9498461139707
palestine,1587.285409491912,1597.028974210662,2010-01-01,0,0,2008.53535959136,338.40527678106633
democratic_republic_of_the_congo,363.06596382818634,1077.0917492195465,2010-01-01,1266014.7965307198,1620519.8120743963,58944.502040273655,2723.7864253481625
austria,13947.795209950778,14845.359479994777,2010-01-01,31262.311665524787,45143.19441773116,12733.320856785716,2073.716527506557
gabon,1.244426875,169.11798313903188,2010-01-01,207926.69182378944,239541.7837536164,8160.818801931677,287.32738607138475
canada,484496.7456063798,502415.54797726753,2010-01-01,1710834.351028398,3495684.2049263013,1973117.7300886335,9542.343623615328
ethiopia,161134.25938170165,163459.91382032676,2010-01-01,31355.85532965266,41084.14322648079,468903.9590570379,1016.6915510117047
guinea,6726.901834091907,13335.157851884314,2010-01-01,3588.5474451129276,15062.916126913744,22615.26188277305,326.71772567156876
nigeria,305291.6045183117,368420.65197613527,2010-01-01,23140.050326824432,40074.137004697695,349743.0331318181,7382.669606645645
new_zealand,1437.5353727773286,1537.970909572305,2010-01-01,100633.61465512132,111843.12921587538,87701.74984701881,1103.3917243804535
uruguay,3177.5345487260424,3215.7570626060046,2010-01-01,4295.761144937311,5082.830426943196,113014.67462849562,1075.9722668603576
india,1950400.1136754577,2000587.4149251191,2010-01-01,305695.11229202815,430723.83090574655,257254.8209983547,34685.08293041902
iran,72942.20357763831,73065.00168024769,2010-01-01,10337.756692924651,16140.901060495717,345268.0516094186,8188.2885766992
conus_ak,1360099.2069947915,1474299.5559155908,2010-01-01,1280177.8172839496,2544171.466593888,2918214.7352140057,132886.48132583048
hungary,57468.80568845295,58977.741034031635,2010-01-01,10475.260425036018,13863.522310151078,9793.64202053106,3573.3347851938715
united_arab_emirates,2.99408,2.99408,2010-01-01,0,0,292.56643630159306,532.3842337145223
croatia,9525.680593127769,10362.062084193642,2010-01-01,16512.136720090086,23524.01443385358,8323.205582652088,647.5583812189343
germany,126950.89064051944,139981.8388359042,2010-01-01,81318.86097969228,95213.18519585973,31212.01342222241,25093.823433811827
bosnia_and_herzegovina,5330.505057369739,7651.391164674822,2010-01-01,17366.990741956255,29235.484973705516,6244.160081911647,375.11787909307594
slovakia,15954.18083705424,16148.547437255827,2010-01-01,20600.850172443967,24002.516178081692,2890.305025355577,1682.0982646952205
netherlands,7535.869702887558,12046.742617758073,2010-01-01,1652.2286228962605,1854.275166607292,5001.532166935907,4669.589627411647
afghanistan,20146.748662897975,20146.748662897975,2010-01-01,184.23952498437492,605.3288586161158,251414.4945969062,901.027281727145
iraq,36707.44209234018,36790.65726732454,2010-01-01,0,0,49605.32125113592,3583.537332303918
georgia,2553.2487692740797,2568.7729383209553,2010-01-01,22478.47896152552,31710.04518165304,25132.56454200316,851.8263783696082
rwanda,4459.155657153057,10554.87316894841,2010-01-01,1252.1087334525128,1368.4075238930145,7061.925851284496,106.11926422212036
ukraine,361501.3090579346,382478.1948218368,2010-01-01,57590.560344125246,84228.68756210539,37774.17527495191,10237.644656352868
czech_republic,33967.14052370389,36817.07229318217,2010-01-01,21594.301722538487,25521.47688256863,3751.416187309252,3424.240577797613
israel,4656.136430077824,4656.636008921574,2010-01-01,11.99260925,21.98654090625,3668.1071703257385,1082.6313056677686
saudi_arabia,3600.8568755949727,3600.8568755949727,2010-01-01,0,0,16271.71099741727,4526.039451163782
syria,38367.98402965001,39125.21849055907,2010-01-01,157.72735165251228,210.57223600563736,7105.544777828562,2637.199754704781
romania,101215.19764370432,104460.60826949446,2010-01-01,58330.159827437266,79724.77723265173,16767.476557967828,5302.2060458504875
moldova,28163.181962061055,28622.564502457742,2010-01-01,1172.6143763311895,1461.736550741421,1248.171855659252,1012.1796728679532
burundi,5914.701601966362,11928.046833458648,2010-01-01,404.466323508762,492.9069758035536,5157.332304294231,75.66394540625004
kazakhstan,123808.42152762823,123940.62314381434,2010-01-01,9965.047332408334,17101.1790805383,2327094.769746754,3554.3827615362775
sri_lanka,2976.3858416107846,9537.15373060991,2010-01-01,8227.976043251818,31957.938140388367,4666.165969410041,386.02895944129943
angola,3148.7725034062455,4740.721564229902,2010-01-01,119230.5878350152,348806.9717609284,409028.57794442365,947.0781079167278
azerbaijan,23374.73854149724,23414.03991441912,2010-01-01,3633.192334080084,6357.427467571328,46691.508905539726,2036.531574100364
denmark,25136.655714962508,29875.78361245676,2010-01-01,1802.5069660941772,1846.8553796036751,1215.4140238857838,836.7939822174021
tanzania,15645.775339401269,18913.76735516763,2010-01-01,80272.13370907043,102496.19349081557,385211.7684072017,1037.7734086635412
sweden,12737.503139541092,14371.590164439747,2010-01-01,144117.44065473857,321729.12946252845,22705.30704825908,1358.6076697420335
montenegro,37.38464910459559,50.75929238511029,2010-01-01,2295.0381678455906,5547.885708601227,3515.397314499691,95.74583944129904
morocco,81827.76155064364,81876.50347153425,2010-01-01,1109.6917244798408,2252.684396550368,60897.0628741312,1875.169710110172
eswatini,571.0666691081493,577.5544808112743,2010-01-01,1339.8709776879286,1872.5783503276368,9360.58453039301,29.197230515625
zambia,2944.2153468892766,2978.8247371705265,2010-01-01,105719.7346836846,211032.18070167603,187709.2645724774,834.5672929759809
algeria,61026.17956030133,61125.01830906757,2010-01-01,4314.388453503686,7082.926259702598,50052.62069901551,2958.898086394975
tunisia,25669.000978114032,25700.700487910297,2010-01-01,896.0165417522063,1423.569600535417,10029.085928728991,1223.657963079841
albania,3071.2673624384192,3264.952898619425,2010-01-01,1011.7568614999389,2682.595021427391,9615.324446526827,219.30532920992653
lesotho,588.2766825959579,594.2685643615829,2010-01-01,0,0.74910025,27336.95187914331,71.15782369957108
uganda,24445.427297440074,91897.1906654906,2010-01-01,7138.375962273039,17188.726473634513,33503.32801087486,482.58579043749927
guyana,1351.3466247014717,2013.3482141984011,2010-01-01,183771.19495376415,190547.3570264693,12552.730511997866,142.57725696917905
eritrea,3457.9237873377415,3460.1656414471163,2010-01-01,0,0,42676.55475082956,81.3541693019608
argentina,343523.0181621425,346403.4869411913,2010-01-01,114759.6384547243,202838.72868078545,886829.0115260024,17338.348862187944
paraguay,13110.452669440436,27300.374369781777,2010-01-01,29843.27526948888,87827.40805195415,31422.691321227096,1409.1157401318007
spain,130113.96634760407,131826.0731821651,2010-01-01,33331.58800946199,88732.59062609916,144505.75010332323,5291.464431500978
tajikistan,6680.268884759991,6680.268884759991,2010-01-01,2.987030906617647,2.995862491911765,63816.5241658332,1269.819809741974
libya,9827.337980476535,9827.337980476535,2010-01-01,0,0.24986378125,7512.448308343864,1322.0331625135411
kosovo,2291.1362022396434,2351.658801782291,2010-01-01,1449.4975431453438,3628.411552320154,2289.954141676775,129.09035188927697
south_africa,65771.15363778538,67483.73049392363,2010-01-01,20064.888336286633,32517.112042321707,560574.4683009336,9588.80388701729
republic_of_macedonia,3354.4209878113993,3361.928161761828,2010-01-01,3776.6520806396447,7761.456835412433,9791.90279877884,384.44307818664225
bulgaria,40000.75579494082,40572.95577121434,2010-01-01,24558.89974242678,39939.50668614858,19905.94450501488,2537.246753981309
kyrgyzstan,12469.98067491838,12479.243365449627,2010-01-01,285.1595698883578,535.4247304659928,144548.59193988793,1807.425295452818
italy,104215.12313275949,112803.78854433626,2010-01-01,47092.14866410395,81743.95474886206,35170.48160829979,14072.30641667628
madagascar,2944.201127946147,3165.652736289898,2010-01-01,70489.65951571871,121756.54551324889,377989.3567765148,251.3386134181373
brazil,263603.45640008897,346525.40547922754,2010-01-01,3623070.21225129,4019863.0443281415,1762112.314382748,39140.01202061675
greece,28405.59981328993,30056.529698054335,2010-01-01,15672.97831165423,32309.054910923485,28588.626369458823,1872.9625614813745
turkey,212334.20387687272,216453.05311428197,2010-01-01,41545.075688450466,81000.80832695481,382580.9157624258,8881.504549915871
portugal,12675.309919637451,13565.173143134882,2010-01-01,6683.516699064833,20294.30712207357,23220.90426162615,1202.2836363995696
peru,10648.350527466291,11389.663022450666,2010-01-01,726252.8708043066,759458.1567101751,320711.42007949454,4687.334146922609
bolivia,21123.303203216128,21960.23404621612,2010-01-01,503360.34140636417,577601.3369736944,160527.00920035347,2000.1895638079056
namibia,744.6716026678897,800.4897501991395,2010-01-01,7.725179468749999,7.725179468749999,232831.91320583207,271.63940165520836
malawi,25759.464480590243,26463.017275758262,2010-01-01,8016.086397340253,11433.28284748088,33574.29690537655,167.37018033443644
mozambique,6913.834948050861,7488.299942280644,2010-01-01,117030.12772791236,177617.43067656053,165121.44614053005,1056.9353486789823
egypt,28167.05283255719,28957.39839850112,2010-01-01,0,3.246739140625,5813.90801756728,4217.126334286457
zimbabwe,18751.105804492232,18827.352330085992,2010-01-01,4266.726379650856,5694.621019887297,300221.4016744348,525.1146688124998
east_timor,354.902895543995,389.4514747979779,2010-01-01,1982.510416726836,5579.123129482726,1020.5959512770218,38.1356349793505
senegal,20630.500849404056,20765.76221390406,2010-01-01,363.3644367413607,364.8586592882356,162025.20640361588,552.8601744898284
mauritania,19.109907786887252,19.109907786887252,2010-01-01,0,0,168598.70415935147,150.17907876752446
chad,113381.56810022288,114056.55645922937,2010-01-01,5837.946834231509,5838.444724778383,424592.3309755622,302.53491992187486
taiwan,3213.8739492476047,5272.647527714394,2010-01-01,20072.881880029625,22389.203584779447,543.1333532012254,3048.219128638973
mali,19342.919590481673,19354.6549026234,2010-01-01,8.44839589332108,19.273561419362743,472466.0502149633,457.2089667670953
switzerland,2466.345529420224,3383.3576439186863,2010-01-01,7551.119996437196,12624.407159396997,12257.754443706735,1323.490984717402
suriname,260.38316549448507,263.37017501011,2010-01-01,137185.6946901619,138572.14652249098,1272.62317033125,119.2302571562498
australia,279883.5591281146,280751.1627460981,2010-01-01,250278.84559061253,382147.32056119986,1952132.6036675272,10127.806274897788
botswana,22.263168175796565,22.263168175796565,2010-01-01,13.708602125,17.447196984375,355304.9243977498,442.6735385223653
french_guiana,29.123015999999993,29.62084479687499,2010-01-01,80728.816689633,81793.15701327387,148.42602355251225,62.29627564724265
indonesia,42265.98884524841,125093.10072001362,2010-01-01,1184615.5248553602,1519760.067631679,32442.215208175992,13075.303491185288
armenia,3443.1302027199145,3443.630832563664,2010-01-01,1571.9604224262855,2281.6721928503084,20762.52500080369,857.2877611738975
papua_new_guinea,271.91140555704624,1287.7848579698527,2010-01-01,389270.56410661206,419481.6340926821,6071.853847107229,202.9451015000612
serbia,27554.210538860138,36982.19843235859,2010-01-01,12319.39344582886,28168.35123514177,1862.150213966789,1781.1714278199754
oman,156.07567060312476,156.07567060312476,2010-01-01,0,0,4357.4305962606595,292.2819842784927
lebanon,2299.963316506437,2301.962925443938,2010-01-01,48.23772515625001,94.47514810937498,3701.97372033138,419.8927599648893
slovenia,1313.3015674716316,2013.8496170082085,2010-01-01,10691.06834214056,14456.911393929471,1027.6278646594358,368.0844029232842
ecuador,3841.6667606853393,11654.934334824706,2010-01-01,123354.50429032484,151674.86240963405,18367.893115015653,2632.3203638226673
ivory_coast,136.98738752291663,7129.809364563113,2010-01-01,12438.97032609694,45537.65648088996,38510.466251832666,1671.3770751628078
central_african_republic,927.4426666208952,963.0396191365202,2010-01-01,236999.4061132421,275470.5441754621,41210.48462740379,291.0235136976716
south_sudan,21583.076082871303,21587.407235759965,2010-01-01,12555.240985944793,14854.403018643268,263186.95073197776,81.88973457720591
ghana,22536.08376224648,31804.703911508317,2010-01-01,10222.317555144971,35020.32617677947,88918.75724988338,2454.078244898646
togo,3998.961995846149,4439.201491222987,2010-01-01,160.92684935643385,813.1943763120704,25592.143993728765,420.98934230098064
cameroon,57252.19934667304,69731.02393597993,2010-01-01,209745.0658198995,244072.18592335377,12794.127441184266,852.2650821514704
benin,43673.10972840222,52475.396396175354,2010-01-01,410.74375009497504,412.23746043872507,35590.7699715344,597.7699867455283
sudan,75087.49736491956,75577.83339918144,2010-01-01,30.87673252138481,30.87673252138481,644971.1603699977,2930.6921255449183
niger,23086.28494051753,69299.98882387139,2010-01-01,0,0,225959.39619795265,471.802874665993
burkina_faso,16407.869461089882,17803.43701935036,2010-01-01,0.746996921875,0.746996921875,253009.22372888244,373.24418939595586
cayman_islands,4.020203676348039,4.020203676348039,2010-01-01,21.25548414895833,39.00619182052696,10.317924534375,16.505031442708344
british_virgin_islands,0.24921621875,0.24921621875,2011-01-01,16.276269880821076,34.99483463008584,8.607436399877452,1.2460789062500002
montserrat,1.9688414914215688,1.9688414914215688,2011-01-01,19.44224662549021,24.916912460661788,31.704772381372567,2.8345442230392157
poland,141744.30012670296,149068.54807744877,2011-01-01,70666.29756440423,92432.17184376776,25255.205691517487,8180.46716487023
guadeloupe,78.16276877242647,281.33288292959566,2011-01-01,693.1566471938119,1264.2387916430769,537.5226835834573,68.33826491060049
saint_kitts_and_nevis,0.47391600674019607,0.47391600674019607,2011-01-01,69.58202540998772,88.76857909178919,57.92003757187497,5.570827462071078
barbados,60.11592069068622,60.61403040943622,2011-01-01,10.211328796875002,10.9585011875,230.83607438020863,21.180380431678913
myanmar,133098.4337776274,134000.74411314045,2011-01-01,330782.7025776912,443417.89308386773,38677.806572338195,1513.641462076776
japan,24946.631984249947,34526.98323034412,2011-01-01,233069.5588261495,260463.82565758593,16157.349602334669,28649.61263224496
trinidad_and_tobago,10.706787921874998,12.449698515624998,2011-01-01,2694.924364513111,3418.312144710408,527.806389842893,360.2176928853551
luxembourg,447.0183806490204,581.2189181074144,2011-01-01,522.5251340341913,776.1249181328425,312.58077494221817,162.41969931348038
iceland,0.50316965625,0.50316965625,2011-01-01,25.8791278641544,28.899302770404404,54110.68311332248,46.87025114087009
cambodia,45492.220085306384,47365.66325617392,2011-01-01,59552.194255948205,73227.20993460403,18642.00327591231,404.6885207152573
guinea-bissau,41.318832214828426,41.318832214828426,2011-01-01,2382.931438232106,3270.8902981354163,2230.406529420283,40.542543458884786
jamaica,456.68931821997575,603.1925361606001,2011-01-01,3955.1126472353544,8442.056142334379,543.5125736037992,354.44186981384837
puerto_rico,478.4305276525742,676.7572850000015,2011-01-01,2207.4367726272008,5772.683750448401,574.5317651957109,1163.4082398013502
south_korea,18085.48345134229,19213.054899471703,2011-01-01,43498.59939490098,64574.741441736514,3958.575495193199,4972.058470264393
dominican_republic,1996.149759798347,3681.532307519845,2011-01-01,7642.058399391789,24826.860793909676,3584.3652831868303,742.7243158065561
cuba,13997.699543721945,34126.366990159346,2011-01-01,22627.556074642056,36786.18182466642,2666.9784903751847,663.0160310400124
laos,3458.838673994481,3506.4364391288555,2011-01-01,138914.06979522502,191631.9549602265,17886.624856493137,173.5464651721202
panama,220.3057971822305,245.45023704160545,2011-01-01,33641.67202564197,48334.01832821035,2405.4548821418502,408.14906002150775
the_bahamas,1.0036637110294118,1.0036637110294118,2011-01-01,1304.3932590424631,2284.7102546645824,2900.9019740206395,78.92743714485292
liberia,7.717240078124998,183.16730000410536,2011-01-01,52720.557859619345,91634.57244841596,98.072589127451,180.55980869424036
bangladesh,66665.47076768373,87058.24434053905,2011-01-01,4190.38191111844,12662.044248329228,2685.563986246631,1009.031260343811
honduras,1840.2989012660553,2100.2522368469363,2011-01-01,32502.95696763104,80384.10067516028,4827.522800013606,260.5208415495711
nepal,22116.194429593463,23033.999056551915,2011-01-01,35987.80922389657,68386.42800454161,24686.202405253574,296.3144283363972
colombia,1411.565929792831,7241.177362401401,2011-01-01,586893.9285063839,735738.8293085593,73425.0034756098,4090.5483935624384
sierra_leone,172.557460296875,4871.9459724201,2011-01-01,2622.579204172425,33863.089846037205,429.9409929613971,169.6123282780637
thailand,197415.3487006329,207890.67005350903,2011-01-01,111079.57971109654,195161.29100159524,42824.10672678329,5475.834040466054
chile,3692.247102803127,6512.361164303132,2011-01-01,155908.99368340254,185913.60675255832,93608.60060657392,4101.96496285
philippines,17862.100826557973,47014.65670157063,2011-01-01,98753.40869733883,165718.90671969307,14474.871709305338,3059.370641081375
vietnam,45736.94997918733,65837.11576199115,2011-01-01,90928.80957894416,155199.81170258793,17753.745176833647,4947.624452449388
bhutan,130.00211080900732,147.45202882990196,2011-01-01,27571.32519021783,29833.326870170713,5734.703921093619,20.0048335557598
equatorial_guinea,8.960232078124998,13.191413593749996,2011-01-01,20464.22918015619,25297.450223436143,38.813817340870074,41.091619268933826
nicaragua,3178.2429219134224,3885.2670922571738,2011-01-01,26862.240999415288,64160.23206812618,4389.241147950123,191.05730322769605
latvia,7327.461376701489,9537.059202651491,2011-01-01,23913.895251642894,40796.86911051683,3473.23358258456,219.7949401275121
brunei,0,0,2011-01-01,4650.907047009732,4899.738234384912,137.9486769337622,209.21804983229163
united_kingdom,51998.951610445845,65457.21043654145,2011-01-01,12869.845693880372,15569.493307700295,46428.04615563255,9429.78688700742
finland,82.99197798437498,82.99197798437498,2011-01-01,85807.11033377302,252186.73170513293,10616.33696445735,574.8945364113358
belize,47.38890641139706,71.77636271397058,2011-01-01,14792.673504439144,17600.538217372356,1983.367347412684,11.762569468382354
ireland,2459.2623943433823,5231.385598896263,2011-01-01,4098.3707155827215,4718.21712711293,24584.050558974057,367.4970674212599
norway,1624.7646818951594,1816.717886749571,2011-01-01,48473.26035221188,97827.8184599146,118602.6686532739,403.8285065511642
haiti,6524.36610352843,9341.577701498558,2011-01-01,273.72093391697285,3939.2417406408817,3256.735733113849,346.42084036813714
venezuela,7654.058167468774,8572.557480122072,2011-01-01,422972.2889966845,498274.17397225497,180358.01133666007,5196.673181822369
el_salvador,1345.0330733515946,3419.302152280335,2011-01-01,1769.9119206064963,7127.587236805763,314.34494008958325,185.80293038511047
costa_rica,470.6293388861521,485.56883063615214,2011-01-01,19615.204629908734,40682.5264437968,2731.8943813693018,442.1692049898903
gambia,4043.169093224208,4051.637060177333,2011-01-01,0,0,5258.014186042588,83.51183248216911
guatemala,3042.5637096503697,6261.96890718848,2011-01-01,34382.55431813925,73350.81871897398,4736.259836105576,380.4144819775741
malaysia,2805.3391076105377,5858.397886669604,2011-01-01,226430.6596163162,293830.96501577535,7893.897559916905,4452.593847731139
north_korea,33176.19583394186,34187.17898903754,2011-01-01,58998.847269419,71600.49549906582,8524.092511967894,1815.8558154996945
mexico,129227.30152493456,146860.27362259536,2011-01-01,255073.03237828956,464700.2406785378,481406.88170418853,9337.557497221716
belgium,11201.343247048711,12496.74359883512,2011-01-01,4767.773194442346,5626.392106233279,2647.0454037779396,3431.4255854345574
estonia,3741.728300303371,4313.024017583881,2011-01-01,17551.236694841547,29819.146726088024,3384.2434937249377,183.77264881323535
lithuania,18948.64143423744,19881.517371810845,2011-01-01,15406.34946120784,21654.84956832623,9436.361620676038,362.9909623806375
yemen,2953.0394048046596,2962.0073878515345,2011-01-01,0,0,26817.099200935547,833.5151316110295
djibouti,0,0,2011-01-01,0,0,5279.246383498281,17.643950066850493
qatar,0,0,2011-01-01,0,0,13.971291546875005,349.4479265371941
somalia,603.690365086581,618.5609737304536,2011-01-01,0.2488846875,1.244430359375,250406.714536434,241.82385434381132
kenya,14724.044854438933,31429.5540493455,2011-01-01,7177.789966952503,11376.222265601282,420557.4077335849,516.8225516719374
uzbekistan,46746.59569490538,46746.59569490538,2011-01-01,0,0,184069.05286895996,10577.395252821563
china,1226618.5257587533,1438057.6073560212,2011-01-01,878490.9717565692,1794198.2017909775,2828921.8490042095,128245.36905568295
belarus,57043.833922699654,60885.925452470365,2011-01-01,63444.44538452376,100364.67587467008,18755.81435975532,1414.552833784434
pakistan,176496.77153058565,177186.79544519144,2011-01-01,1381.5509377785547,5261.527066826288,121569.72109864578,6354.596921520161
somaliland,0,0,2011-01-01,19.42226665625,24.651333140624992,11426.838619348408,77.80932536360294
jordan,2157.541259059435,2158.540604871935,2011-01-01,0,1.998701421875,975.9189732761032,809.3248610314951
mongolia,258.3222980556985,258.3222980556985,2011-01-01,10653.698367741166,36559.732410921526,995475.7968007532,990.7715107733457
turkmenistan,14554.30215983823,14554.30215983823,2011-01-01,0,0,92131.42470026288,1683.9368125552703
russia,1088803.5840586885,1172528.7588967253,2011-01-01,3897234.9903796143,6523324.227732705,2320767.8744495134,29494.212522995345
france,182433.3179709197,236690.20279998856,2011-01-01,73386.42132631844,131662.63683817044,40564.09439776968,12904.414399710056
republic_of_the_congo,37.83251859375,298.4391844842525,2011-01-01,216336.23933276167,239246.40942905855,35477.476326268545,527.8971018483458
palestine,1601.6265509110906,1611.1202861923407,2011-01-01,0,0,2001.8141677878057,339.40455579669134
democratic_republic_of_the_congo,404.0425740466299,1133.6174647784312,2011-01-01,1265846.9075022356,1619554.1212305909,58696.421312993465,2741.2431517615205
austria,13973.494474619043,14866.080176946922,2011-01-01,31411.250270882258,45455.71559212835,12686.87317070962,2075.973212397182
gabon,1.742192578125,75.17657603897058,2011-01-01,207571.3944852501,240330.62350027883,8302.141247045887,290.06510483700976
canada,484597.0230474891,502627.01358899986,2011-01-01,1720203.5757099874,3499152.862571656,1969630.984500083,9576.699038731442
ethiopia,161627.48001006633,163845.59254412877,2011-01-01,31586.894792299085,41362.48416648661,479127.48781746224,1021.6706207617048
guinea,6547.419231114459,13209.19040227715,2011-01-01,3622.738675477204,15166.158489218333,22857.780931732643,329.70538499969376
nigeria,304183.8179101364,366247.6270708529,2011-01-01,24081.557620780084,41605.06760672537,352031.47963753174,7542.090494708153
new_zealand,1389.1353460086395,1484.1631290931375,2011-01-01,100816.84490448216,112286.90743833604,88331.70111835508,1104.6425158335785
uruguay,3608.5454908075376,3660.259333484376,2011-01-01,4346.047109229162,5232.766010187802,112100.97924725788,1076.9721520791077
india,1944221.5798503328,1996105.3348043752,2011-01-01,304412.1033239592,430523.11684751365,261865.88960204076,34843.292874153536
iran,71159.08871018217,71281.8861402134,2011-01-01,10286.239110502782,16195.709712995713,344430.7902315444,8205.786656460234
conus_ak,1353370.1903457495,1467250.9708659502,2011-01-01,1276963.5941818815,2543147.372524381,2918124.114452885,133062.97883306604
hungary,57688.77333616362,59185.99115108947,2011-01-01,10472.434929847606,13790.368224081354,9692.59549600202,3576.593893100121
united_arab_emirates,2.74457328125,2.74457328125,2011-01-01,0,0,278.6597352773285,535.3780922301473
croatia,9660.28842611882,10452.40430061882,2011-01-01,16429.689798940573,23643.47314580205,8295.786263756003,647.8088960158093
germany,127047.507732689,140247.12202475974,2011-01-01,82923.77606655222,97718.44303321785,30014.25379063538,25105.50056916703
bosnia_and_herzegovina,5390.106098080709,7606.237682598477,2011-01-01,17223.80719515503,29285.243433384818,6367.096515881559,375.11787909307594
slovakia,16040.117381139464,16224.419637352948,2011-01-01,20554.80280806395,24079.445339430604,2810.899213230761,1683.6027873358455
netherlands,7503.478212990985,12019.258321077616,2011-01-01,1749.654033484312,1978.1758558231015,4990.887769712498,4675.361962599146
afghanistan,18590.58471890042,18590.58471890042,2011-01-01,187.73925278124992,610.4076282383583,249938.55895893768,903.0267165396448
iraq,37161.65213043098,37240.11873889974,2011-01-01,0,0,49917.609579755255,3599.7838327414183
georgia,2465.362245609312,2481.3871974218123,2011-01-01,22469.003440300512,31749.474309740555,25378.460467872897,852.3271327914831
rwanda,4352.374669591781,10598.734328991188,2011-01-01,1261.2482967881745,1377.9140785948518,7040.8043317263455,108.32898088688754
ukraine,360803.8477324936,382127.77037482715,2011-01-01,57995.2936474422,85345.60542725484,37650.040812579704,10250.182970259122
czech_republic,33973.88247273919,36793.45809703077,2011-01-01,21970.74706951049,25976.25150935232,3681.4921473168497,3426.7489408288625
israel,4721.541527984321,4721.791317406196,2011-01-01,13.99155115625,24.485252390625,3615.298221166178,1085.3794507771438
saudi_arabia,3686.234167579344,3686.234167579344,2011-01-01,0,0,17089.459997762067,4539.46524471078
syria,37972.24071276034,38777.977607229506,2011-01-01,158.2738388210784,207.6182325492035,7229.389978694919,2638.4684559682005
romania,101862.0851902656,105115.47810375816,2011-01-01,57761.842741412,79530.24205341618,17019.75867856579,5305.299546028002
moldova,28106.92699557484,28598.256585274656,2011-01-01,1168.2366284436894,1458.0242171427087,1268.5058932170953,1012.1796728679532
burundi,5735.735804850554,11914.506648043578,2011-01-01,396.999450758762,486.9334581004286,5309.525965787552,76.16173307812504
kazakhstan,127418.21010675564,127576.03368640535,2011-01-01,10013.713063892652,17345.94802692299,2315820.897981111,3561.4049250050275
sri_lanka,3060.776652346019,9671.47143752204,2011-01-01,8230.115705112172,31853.03849410044,4695.199377500483,395.7372699881745
angola,3165.9606066874976,4700.97013203499,2011-01-01,119412.96688634325,346999.3858805731,411195.37779858854,955.2942634479778
azerbaijan,22932.035550268258,22979.84838233075,2011-01-01,3583.3881863670335,6327.857700074148,47037.41152577891,2044.791259069114
denmark,25486.857176132173,29899.06391189376,2011-01-01,1899.9738893796557,1945.941876522548,1176.5842992566788,838.6133343432601
tanzania,15429.523156025654,18942.52247204483,2011-01-01,77345.39205803792,98894.20354620734,385967.84734938823,1047.232717601041
sweden,12833.06280950426,14418.317644933988,2011-01-01,148001.41661131987,323302.1430707865,22744.031083268408,1360.8690009295335
montenegro,36.035425757169115,50.912717959558826,2011-01-01,2272.7553730745735,5529.2501074468155,3580.54353897371,95.74583944129904
morocco,80278.75670010675,80335.49587563798,2011-01-01,1152.415941003983,2371.4048088313725,60341.52033777419,1883.914875750797
eswatini,576.1466022005512,584.3810932474262,2011-01-01,1289.921878846936,1834.1213042007985,9322.606101470954,29.197230515625
zambia,3094.5488309327784,3128.909233432779,2011-01-01,105298.30074290949,209447.69119176816,189189.77829846297,843.783133054106
algeria,60373.62094824095,60476.46083888221,2011-01-01,4255.844385612265,7156.0771758296205,48223.83158560111,2965.3993205043507
tunisia,25869.68421214882,25906.635274320088,2011-01-01,902.9935653129294,1457.8319231291678,9713.790087922443,1225.539371359559
albania,3002.8683783484685,3201.3744663772072,2011-01-01,1003.6435046781864,2673.4878386941177,9686.65761905103,220.30658835055155
lesotho,590.843863963421,598.0841296196709,2011-01-01,0,0.998767625,27317.931601236327,71.15782369957108
uganda,25080.598392299744,92773.28267944118,2011-01-01,7181.912882425855,16916.695297521714,33070.28506633477,489.8033880781242
guyana,1338.2236743216313,2018.3852087962568,2011-01-01,183619.8071725449,190437.3377861522,12570.30854239725,142.82618260980405
eritrea,3455.6103099180114,3464.57771973051,2011-01-01,0,0,42112.15039655449,81.3541693019608
argentina,344861.15682431764,347992.63539898983,2011-01-01,113662.71049781484,201743.5211738248,888932.4214182023,17341.845963844196
paraguay,13680.579043691288,27809.153018029458,2011-01-01,29717.052550591314,87694.04978930915,31447.938957636623,1409.6147200849257
spain,130355.91442806294,132088.8064584633,2011-01-01,33688.158269733314,89951.82715113576,141954.42452779462,5301.422577449936
tajikistan,6515.829958715447,6515.829958715447,2011-01-01,2.736803687867647,2.736803687867647,63920.00304367707,1270.3202598200992
libya,10040.685175986951,10040.685175986951,2011-01-01,0,0.24986378125,7658.985597679718,1323.2824447322912
kosovo,2301.90368900527,2357.1674935635406,2011-01-01,1415.0752436825987,3612.923092730695,2329.805895096567,129.34075470177697
south_africa,66156.44719303501,68004.9043879825,2011-01-01,20562.75100532157,33443.52453294773,560781.9640232748,9621.49758054854
republic_of_macedonia,3308.6792230869496,3315.8712250054546,2011-01-01,3769.003786358088,7796.963885971316,9749.596754800164,384.4430781866422
bulgaria,40624.70170599643,41224.17784643706,2011-01-01,24728.176839503936,39899.31024851782,19497.86446722708,2537.497099871934
kyrgyzstan,12183.259410724511,12194.024023193262,2011-01-01,288.16408957585776,572.5744227832722,144895.26969567742,1808.1765872496928
italy,103346.72487863716,112476.59089683944,2011-01-01,47373.74451291756,82552.21475087268,34932.04998208466,14081.573679770032
madagascar,3003.1098536414293,3239.774453360179,2011-01-01,68517.2596833547,121044.03966273452,379171.5398814928,252.08630882438723
brazil,269956.69118792575,352880.7801610846,2011-01-01,3609151.6640664656,4006097.9071674007,1761212.767496444,39161.67017815467
greece,28243.55915266678,29897.685444673527,2011-01-01,15901.737513419424,32570.984069010512,28596.93950987846,1873.212660137624
turkey,213964.78356149103,218196.44488888572,2011-01-01,42438.66961829487,81912.59790792846,381654.3835657612,8906.24604202764
portugal,12556.892329447744,13504.303827464964,2011-01-01,6811.012528785611,20636.314226681072,22564.516134773945,1203.0345870714443
peru,10630.69199464368,11363.04584283118,2011-01-01,724996.9384253914,759209.2417502464,320650.39832447335,4692.316061516359
bolivia,21815.15930844485,22625.929192460488,2011-01-01,501436.4862073251,576467.9046656094,161177.09042597326,2001.4353977297808
namibia,758.292724745096,829.5603177450959,2011-01-01,5.482295390625,5.482295390625,235555.66280296256,272.38752107708336
malawi,25913.174291800533,26601.91035017007,2011-01-01,7698.394494849815,11027.26957054374,33784.70845894286,169.61195822506147
mozambique,6868.038714133702,7447.361747415629,2011-01-01,113492.79342589676,171448.50297195543,167664.73298717156,1066.1655704133575
egypt,28319.651429522382,29110.99408690381,2011-01-01,0,5.494446609375,6181.743163088661,4246.020855421813
zimbabwe,18832.18905419945,18898.469515683828,2011-01-01,4028.6552163501233,5455.323349056906,300711.33371629677,527.6066371406248
east_timor,347.70922172156844,377.7930461943014,2011-01-01,1977.432394878797,5642.65963312145,1051.3843013746937,38.3845914793505
senegal,20674.384881388138,20798.93497059126,2011-01-01,337.9468217004291,340.75458684197326,161555.28750341482,556.8458173179534
mauritania,21.41859632077206,21.41859632077206,2011-01-01,0,0,167706.55099377318,150.6775908925245
chad,111757.09441712886,112576.831441093,2011-01-01,6007.686197366125,6007.935137663,426808.63794534554,304.2780514218749
taiwan,3261.886051399323,5333.147186237983,2011-01-01,20135.652928089792,22475.992916308984,528.3167013186886,3054.205565357723
mali,17957.18127737978,17973.24196595974,2011-01-01,8.451243281556373,21.019402573223037,474451.5397192165,459.9484099233453
switzerland,2403.229831885053,3367.202885896628,2011-01-01,7767.996284093634,12898.27236500006,12191.298505550738,1324.242910998652
suriname,270.83768122886005,273.575772556985,2011-01-01,137055.86549241235,138458.69072124964,1318.2647061589462,119.9770046406248
australia,269445.37678143417,270352.7249843273,2011-01-01,252762.607847417,383704.3158094256,1958702.7980590132,10150.89688686096
botswana,15.532770160171568,15.532770160171568,2011-01-01,10.468856,13.70898053125,358529.0829102571,445.4176162723653
french_guiana,22.900149890624977,23.397978687499972,2011-01-01,80712.2412861801,81775.0637357368,157.54592412261033,62.29627564724265
indonesia,43044.65984250102,124111.9311777576,2011-01-01,1175507.6856812814,1518781.5105754237,33233.607423503476,13178.04460488504
armenia,3439.936988598775,3440.4376171300246,2011-01-01,1548.9330998950363,2311.8325046952223,20752.999500582853,858.0385763457725
papua_new_guinea,255.01021724932585,1254.9527879121322,2011-01-01,388644.3261519933,419424.53653451626,6170.361131731805,202.9451015000612
serbia,27927.634874681466,37053.74191949737,2011-01-01,12023.270677023713,27980.88329051462,1940.8334989897671,1781.1714278199756
oman,151.0482247647057,151.0482247647057,2011-01-01,0,0,4346.377528536518,294.2773053722427
lebanon,2288.7845642196103,2291.0341301727353,2011-01-01,51.98678395312499,98.72396207812498,3697.476579348658,423.14176588676423
slovenia,1316.9233035125017,2007.1043535813096,2011-01-01,10627.851466022124,14483.683332141543,992.909772483333,368.33501386078416
ecuador,3720.3893198337473,9719.767347708772,2011-01-01,123360.921066404,153685.81975231782,18612.993011791565,2642.5246636507923
ivory_coast,122.40880724093138,6215.220724259866,2011-01-01,11835.861241634928,46049.21139210135,39087.107191332514,1677.6000080221827
central_african_republic,1006.0089134456504,1044.841947305025,2011-01-01,242356.890562518,280152.5899317228,41333.11119164469,291.52131686954664
south_sudan,21268.8117936254,21275.865178341395,2011-01-01,12873.484069440508,15212.759816578746,262455.6652208543,82.38754760845592
ghana,21870.358794849588,31385.225856013752,2011-01-01,10334.983490325423,35422.86724464559,90066.28753220462,2502.465360187064
togo,3677.9406826238414,4075.863693937199,2011-01-01,132.5260733628064,832.0100970194243,26169.58630672628,427.21238786348073
cameroon,57300.9828983151,69687.25878809237,2011-01-01,210479.6346472576,245499.28506328652,12744.766553929176,863.3972549799017
benin,43085.36401927168,51929.31374632592,2011-01-01,308.6762709690563,309.6720779534313,36665.38481342276,606.9802509955284
sudan,74237.31863510358,74678.94245172427,2011-01-01,47.01549419852939,47.01549419852939,645628.6256180297,2939.909456404293
niger,23394.17986115849,70276.40792354036,2011-01-01,0,0,226257.08886886385,472.051938931618
burkina_faso,15863.085969599008,17162.923316921253,2011-01-01,0.746996921875,0.746996921875,253608.2173059152,374.73834448970587
cayman_islands,4.025094335539215,4.025094335539215,2011-01-01,25.769307089889704,42.53081376188725,9.77055615,16.505031442708344
british_virgin_islands,0,0,2012-01-01,15.777839197303916,34.52767764779418,8.855661539460783,1.2460789062500002
montserrat,1.49495284375,1.49495284375,2012-01-01,18.629302631985304,26.40991010263483,30.436503355821095,2.8345442230392157
poland,141440.5900015836,148553.2235023038,2012-01-01,71116.93073075592,93448.34433993592,25889.46180473157,8187.494483604603
guadeloupe,79.16043443670343,280.83566132824757,2012-01-01,684.3495964207727,1269.1425701590697,531.3674601172193,68.33826491060049
saint_kitts_and_nevis,0.24917128125,0.24917128125,2012-01-01,70.51620659748771,89.2610766898284,54.6153005285539,5.570827462071078
barbados,58.349097611090635,58.84720732984064,2012-01-01,10.709440734375,11.954727984375,229.61423545980423,21.180380431678913
myanmar,133378.90741905748,134436.33859566177,2012-01-01,331023.5046555855,442947.87451775675,38342.19921334993,1518.378541623651
japan,24849.475825135414,34448.0000797921,2012-01-01,233050.46523287785,259814.0586410599,17010.348982329786,28678.743067813404
trinidad_and_tobago,8.963824765624999,11.453705749999996,2012-01-01,2657.2249838395824,3422.4733769843065,527.9315471939957,360.2176928853551
luxembourg,442.3114605047188,580.2282684356621,2012-01-01,514.2796710780023,765.8513392915431,337.5288950399511,162.6705196572304
iceland,1.509527078125,1.509527078125,2012-01-01,29.687326641237743,31.700744141237745,54313.40290686646,46.87025114087009
cambodia,45897.19813581291,47811.83182813815,2012-01-01,56663.613583370105,70482.13034268744,19632.27234740888,410.4160679808823
guinea-bissau,41.31880723045343,41.31880723045343,2012-01-01,2413.843512796324,3283.4332740598043,2233.1201771045353,40.542543458884786
jamaica,448.96392398560073,596.4639804418501,2012-01-01,3819.581064640992,8420.02454105062,534.6595173100493,355.4386560169734
puerto_rico,465.1300293766549,667.534710565075,2012-01-01,2177.5681311241988,5802.988164040375,542.8912231820468,1163.4082398013502
south_korea,18060.83731245271,19266.175313979744,2012-01-01,43264.89118065915,64404.37696344608,3985.171677253858,4989.590203181307
dominican_republic,2022.312862877329,3688.4225711738864,2012-01-01,7508.402279881801,24576.316032001272,3660.43908797151,745.4657510565562
cuba,13390.922526392096,34032.99990292325,2012-01-01,22662.89336742024,37232.25632467685,2660.9670545541044,663.2653281962624
laos,3545.635667554102,3600.083309802265,2012-01-01,138202.01483258163,191210.72028621423,17897.831131362862,174.5432602502452
panama,230.3848712452818,257.5209663390318,2012-01-01,33518.05756747432,48221.18523650756,2420.2177750889095,409.3938866308827
the_bahamas,1.0036637110294118,1.0036637110294118,2012-01-01,1299.0646335519002,2267.460921071997,2867.9768407854062,79.1769176761029
liberia,9.21093075,182.09413159724272,2012-01-01,51256.31489718291,91679.33839509312,125.71709204926472,183.2979631786154
bangladesh,66960.03975247394,87217.67341074457,2012-01-01,4231.013365547301,12700.450774602752,2805.586878837807,1013.770372890686
honduras,1830.0181395946704,2084.2408036443016,2012-01-01,32212.64141373271,80320.57472280465,4730.2789724937475,262.26448423707114
nepal,21967.95713966582,22903.997683070364,2012-01-01,36133.48426317792,68253.0864324699,24699.07863130627,297.5624573207721
colombia,1475.7809985584572,7178.945498469231,2012-01-01,586922.74426913145,734312.3887999471,75609.88574811652,4097.767170828063
sierra_leone,201.7033889306373,4860.993399185357,2012-01-01,2505.557195057229,34126.50887506318,470.2339637098653,170.3591927936887
thailand,197719.57023999677,208112.17456099865,2012-01-01,110784.11802365168,196163.8223766288,41190.66360992601,5527.7834158402575
chile,3796.3340218187504,6699.7064754750045,2012-01-01,156481.1077925283,186518.92464908637,94732.38215338669,4110.952426178125
philippines,17914.412003128495,46866.06491634109,2012-01-01,97139.57535796988,166657.01044165326,14307.327393738293,3067.501854951779
vietnam,45614.499672078426,66261.93575924505,2012-01-01,90069.39938014228,155296.2087719218,17704.99316782031,4969.547156933763
bhutan,126.03622780557596,144.4844025452206,2012-01-01,27525.498062715378,29815.67389677708,5799.341797493065,20.0048335557598
equatorial_guinea,8.711335515624997,12.444745171874995,2012-01-01,20559.60589602688,25402.42860230298,36.5934830920956,42.83381655018384
nicaragua,3265.1633563863397,3971.191032464465,2012-01-01,26333.224888358385,64688.76378795475,4404.23504759614,192.55149208707107
latvia,7568.761014732798,9609.811342810555,2012-01-01,23895.445176925008,40694.019921532104,3959.700801331189,219.7949401275121
brunei,0,0,2012-01-01,4630.205066667023,4888.935768792264,151.184502565196,209.21804983229163
united_kingdom,51924.30446640194,65434.39682740572,2012-01-01,13376.623887148526,16048.607426246454,45980.94323813792,9437.819419538671
finland,73.68460156249998,73.68460156249998,2012-01-01,89612.84034442258,252419.5435751386,10977.823903607414,575.1459606769608
belize,42.15544169264707,67.03447463069853,2012-01-01,14611.809200698326,17536.943748438473,1977.313953466115,12.011753702757357
ireland,2456.6874971327215,5277.886814186152,2012-01-01,4814.905015259252,5517.154610258638,23399.352500620633,367.7480667806349
norway,1641.5677590244486,1831.4978018822303,2012-01-01,48336.13064134127,97420.87020457831,118051.96351244982,405.33684011366427
haiti,6491.324226125059,9402.775258431282,2012-01-01,259.3089361997548,3747.374558376662,3280.1562113588866,350.65763900876226
venezuela,7689.918425281272,8605.686364131821,2012-01-01,421452.8950873731,497424.28432543133,181406.73290451863,5201.189813206742
el_salvador,1352.0411249955896,3445.520985386278,2012-01-01,1756.8550457140943,7013.049075686769,328.65250717604164,186.3010696663605
costa_rica,486.8138261361521,502.9982776205273,2012-01-01,19438.93571474802,40582.21350413331,2758.8360183969353,444.6590282711403
gambia,4105.150214190077,4113.867237393202,2012-01-01,0,0,5183.050691356008,86.50056184154411
guatemala,3071.9248904786164,6232.581995180146,2012-01-01,34116.16837942582,73152.87322601984,4590.409380518507,382.9054432588241
malaysia,2813.505694244852,5794.590159594851,2012-01-01,223366.61964655423,292828.01343696576,8628.773926261701,4477.601837971766
north_korea,32984.077893721165,34156.45807948864,2012-01-01,57989.32367086325,71637.53761818209,8400.50458461415,1818.608214640319
mexico,129455.72521588091,147708.72030125267,2012-01-01,254769.9943709546,465475.1439911827,480743.55083128565,9383.937262877973
belgium,11148.90702880074,12519.702961553625,2012-01-01,4756.873577046021,5624.769207976599,2670.2237963295947,3432.9310751533076
estonia,3796.920718000184,4284.270872468195,2012-01-01,17686.600818330022,29794.22954473142,3866.87755348021,183.77264881323535
lithuania,19048.53619097236,19948.326125749452,2012-01-01,15439.708548837742,21665.60970847905,9844.696609662373,363.2420930681375
yemen,2879.445158912135,2888.911363849635,2012-01-01,0,0,26832.865531065,835.1758675224878
djibouti,0,0,2012-01-01,0,0,5190.202379826223,17.643950066850493
qatar,0.24947871875,0.24947871875,2012-01-01,0,0,12.973389890625004,350.69436077530685
somalia,610.8959519064946,635.7218825347422,2012-01-01,0.2488846875,1.244430359375,255026.62124745268,243.06841209381128
kenya,15108.433955397326,31875.111700019486,2012-01-01,7165.369163610838,11433.230536852809,418723.45368516806,520.0572172408098
uzbekistan,47003.89007713962,47003.89007713962,2012-01-01,0,0,183151.8625114766,10581.650202915316
china,1226786.4158583726,1444093.5739439805,2012-01-01,887704.7353061591,1801675.487719804,2819598.8451055735,129453.24723745938
belarus,56592.49241140687,59937.97159747952,2012-01-01,63645.134166184165,100447.85637510626,20471.195871212058,1417.0635587688091
pakistan,176496.21937000114,177291.1417292551,2012-01-01,1422.296295719548,5437.94171403634,118466.92315933527,6366.3378730982895
somaliland,0,0,2012-01-01,17.430236765625004,26.892357203124988,11908.965828185412,77.80932536360294
jordan,2217.484414637747,2217.7342585908723,2012-01-01,0,0.74951021875,967.4962239550248,810.5739847658701
mongolia,247.0903458363971,247.0903458363971,2012-01-01,11098.06759043982,36645.69412500169,997252.095226678,991.0222377420956
turkmenistan,14715.268492277626,14715.268492277626,2012-01-01,0,0,91123.50414086008,1684.1869600865205
russia,1075527.785881097,1153475.7028801718,2012-01-01,3874718.2248801566,6558828.828810228,2333906.989735031,29559.986710329904
france,182444.16322051335,236957.30682502972,2012-01-01,74545.18404510607,132918.4098577403,41325.38259423056,12908.61285026269
republic_of_the_congo,36.090299953125,313.053028687745,2012-01-01,214985.06598106844,240036.65740559573,36782.106529171535,533.7438155186892
palestine,1668.631419465259,1679.1245072465083,2012-01-01,0,0,1964.3577478149523,340.4037744998164
democratic_republic_of_the_congo,396.70173472732847,1147.520639637132,2012-01-01,1264414.7207744103,1618172.1798306282,59046.94076611113,2752.571434921815
austria,13947.322276059418,14854.95150461211,2012-01-01,31311.32742063017,45230.89300626198,12965.319930694848,2077.978913647182
gabon,2.23996646875,62.95958846323528,2012-01-01,208101.03867032175,240440.71789632807,8764.13510259491,291.7223712090685
canada,485435.1099625264,502796.5019592312,2012-01-01,1721918.059704614,3497614.724466847,1963611.988469937,9613.063974750434
ethiopia,162478.09405307725,164640.690849874,2012-01-01,31445.95518058035,41361.691209642835,485119.22962076776,1024.657841074205
guinea,6481.584352840687,13325.375927105017,2012-01-01,3554.2597916313703,15191.005958492664,22999.81221282124,332.19510018719376
nigeria,303981.126841169,365306.319407946,2012-01-01,24366.911652650913,42423.87375352403,352501.58798679686,7676.512074948407
new_zealand,1383.261802235049,1472.836896634314,2012-01-01,100898.14446897156,112312.7143936903,88860.11831603717,1105.8417458259803
uruguay,3916.3037134115193,3987.7300457116417,2012-01-01,5140.792478732287,6125.815344095526,109576.16891842744,1077.699490249696
india,1941821.050204774,1995054.451167291,2012-01-01,303289.7587034547,429775.12234468426,258859.94899030623,34977.17305467027
iran,70773.75171174714,70902.80031116902,2012-01-01,10344.754052455906,16232.224994823837,342904.10352193157,8220.704458534863
conus_ak,1355077.4728605575,1468658.457802717,2012-01-01,1287111.327923423,2544606.356983712,2917399.7825893965,133261.79276743715
hungary,57708.15499246714,59247.532603894055,2012-01-01,10370.737808491223,13650.170000059175,9699.32917063087,3580.605085162621
united_arab_emirates,2.9940152656250003,2.9940152656250003,2012-01-01,0,0,235.65332478878685,537.1244753082723
croatia,9775.416698649336,10564.72033158218,2012-01-01,16269.323341358951,23724.835870143103,8395.637310140068,647.8088960158093
germany,127049.67151656192,140226.48480713516,2012-01-01,83812.59472649654,98262.59165208504,30483.092706211588,25111.522558948287
bosnia_and_herzegovina,5350.105669905523,7514.342696057787,2012-01-01,16939.94277623187,29340.41816936255,6598.320040511156,375.8694620462009
slovakia,15973.972049183947,16157.895296505028,2012-01-01,20461.45610950697,24091.58776723152,2902.86543779032,1684.3550543670956
netherlands,7562.780426146746,11999.288855849009,2012-01-01,1814.0323143776948,2010.8337888039227,5106.204264854533,4678.1225947241455
afghanistan,18457.77592150264,18457.77592150264,2012-01-01,187.4893861874999,616.7191036500618,248939.92707185552,905.2764174458952
iraq,39050.96389486608,39141.67454992858,2012-01-01,0,0,50942.286755673944,3618.531177210169
georgia,2351.412353264459,2376.9521281238344,2012-01-01,22666.800881942818,31899.245519895,25383.293709018137,852.827886166483
rwanda,4465.523675475361,10735.499657575563,2012-01-01,1259.614446776226,1378.512388969055,7087.08640532905,108.82675232438754
ukraine,360431.4541528818,382204.01091000985,2012-01-01,57958.60739690491,85410.43619491716,37783.193440692165,10264.727846071622
czech_republic,33861.99600394176,36622.460566814174,2012-01-01,22198.27126970429,26257.21183117518,3821.385987747059,3428.0031167976126
israel,4779.807259576108,4779.807259576108,2012-01-01,14.241422375,22.736287546875,3590.0424943987155,1089.3768404958937
saudi_arabia,3739.5266008109,3739.5266008109,2012-01-01,0,0,18016.321939315854,4546.8127025711965
syria,38441.811875134415,39239.667379268234,2012-01-01,122.91793729417898,171.20803876029413,7397.525836637074,2642.240532428249
romania,102084.28423576165,105305.94732927074,2012-01-01,56944.75972601568,79384.86076651988,17314.778547853257,5309.058700528001
moldova,28050.41874297165,28580.041785978956,2012-01-01,1141.3311852500617,1425.5863683418506,1280.1703887162987,1012.1796728679532
burundi,5841.596794260358,11967.79737782213,2012-01-01,392.7682723837619,478.71999411605344,5368.631279809919,76.90841154687503
kazakhstan,124191.8773305244,124362.61613495545,2012-01-01,9858.668058165931,17454.24612062439,2315290.937743327,3566.6696435519025
sri_lanka,3194.986147377329,9760.856981396186,2012-01-01,8057.031984645811,31716.267533697253,4765.58306483988,401.4382793803314
angola,3155.2538613169068,4798.715551561275,2012-01-01,117303.07315141532,340627.47923980886,414269.4813639175,964.2582947917276
azerbaijan,22646.83212221298,22706.16021230673,2012-01-01,3554.500488563785,6330.947365809441,47165.56736666844,2051.70239813382
denmark,25741.74245565575,29912.37967623512,2012-01-01,1950.2907713970576,1996.3081522308191,1186.9491281045953,839.115695515135
tanzania,15580.513861725236,19382.75413750702,2012-01-01,75272.32830323419,96096.10081715106,385776.45781208656,1059.679135616666
sweden,12954.782030258371,14441.04761134704,2012-01-01,147847.7915550371,323071.40603940794,22936.65430536519,1365.531860687438
montenegro,33.740351871875,46.833119471200966,2012-01-01,2178.1568404586433,5457.820548813664,3689.868955904224,95.74583944129904
morocco,79315.5308336856,79375.01919223247,2012-01-01,1152.4126887696086,2419.3936738157477,60204.82133381882,1892.909931188297
eswatini,588.8776242114584,597.1121518520833,2012-01-01,1233.788957341912,1735.2003616412387,9324.899834637496,29.197230515625
zambia,3220.329608938971,3254.6899459389715,2012-01-01,102919.16177342688,207314.52172060657,191627.77185227684,852.9988140384811
algeria,60842.132393357155,60949.22344402965,2012-01-01,4081.120942966433,7124.789057769324,47357.124502554085,2970.6505410512254
tunisia,26131.51639082213,26171.218255477772,2012-01-01,902.8238455666062,1487.646535427268,9520.707138031332,1226.7896060626842
albania,2908.075990864706,3128.0620447141546,2012-01-01,961.7504069058214,2612.843645216177,9804.45992502382,221.30787839742652
lesotho,605.8145213271465,620.7944970458966,2012-01-01,0,1.24846528125,27278.423039579033,72.15656119957109
uganda,25607.14284997921,93886.7683275698,2012-01-01,7078.352764872913,16479.946452365963,32717.541491183187,501.00310678124913
guyana,1396.522164876655,2026.7332627430696,2012-01-01,183304.99797494133,190295.695517066,12673.305562894491,143.07511162542906
eritrea,3582.973437836328,3603.3991897894543,2012-01-01,0,0,41639.090039707735,81.3541693019608
argentina,344064.64939512854,347466.3119284795,2012-01-01,108363.52856931389,196964.44025761375,894340.7573636249,17348.093479828567
paraguay,14071.037280301469,28254.23608921347,2012-01-01,28173.40438475616,85182.8215602885,30743.924680765056,1409.6147200849257
spain,131863.74570992854,133584.24414358794,2012-01-01,33991.76844745975,91686.95988478692,138848.55297236,5308.595987972606
tajikistan,6670.5201442060725,6670.5201442060725,2012-01-01,2.486576203492647,2.486576203492647,63816.28324364125,1270.5705318825992
libya,10411.422531106744,10411.422531106744,2012-01-01,0,0.24986378125,7607.167495284496,1324.2818264666662
kosovo,2284.0697270178307,2337.4047683797794,2012-01-01,1321.368992928309,3551.2033071366386,2364.734380792339,129.34075470177697
south_africa,65742.66112812799,67641.96967440551,2012-01-01,20603.482183156255,33553.37889537375,559804.4222735539,9664.419626454794
republic_of_macedonia,3283.4529419242067,3290.897237731621,2012-01-01,3620.049749375244,7741.058679917824,9728.033036493302,384.9437920147672
bulgaria,41054.28228173757,41654.48685194064,2012-01-01,24523.23324547079,39778.654445021784,19154.18239925521,2538.248346090684
kyrgyzstan,11856.17104121967,11869.689440422791,2012-01-01,282.4032738414828,590.5382120729166,145281.52878465844,1809.4287372653175
italy,103235.50443115114,112768.60897295634,2012-01-01,47675.66694341423,83194.11273939798,34809.493230441054,14092.845829675973
madagascar,3134.604456453807,3383.739229125683,2012-01-01,66633.24186734177,120111.62328673652,380495.0683367929,252.08630882438723
brazil,274166.8098602552,357365.3515768282,2012-01-01,3590300.6466741976,3982245.816379192,1775713.3576312242,39186.10288009218
greece,28088.636303743697,29703.42833431164,2012-01-01,16055.919883580382,33179.692851422,28821.01725505765,1873.4627189032492
turkey,213272.36430587736,217545.1625425787,2012-01-01,42579.89705094312,82549.92881593417,382977.4711839029,8933.197262494183
portugal,12592.048364633043,13592.34807996129,2012-01-01,6924.69565489707,21296.56370212131,21856.278203833393,1203.7894843666038
peru,10793.097486050114,11515.740856471994,2012-01-01,724109.288724461,758984.5995853759,320557.862545215,4698.045966172608
bolivia,21905.225597948636,22781.03003207365,2012-01-01,499592.32043720945,575696.7888291207,162129.89413482609,2003.428752839155
namibia,782.214161588847,860.2097799482218,2012-01-01,3.987164734375,3.987164734375,230557.67616055752,272.38752107708336
malawi,25776.5416155202,26435.86640921481,2012-01-01,7489.412303308205,10754.661865200487,34143.99125159802,172.35193149068644
mozambique,6744.289280468318,7286.299191974571,2012-01-01,109840.86625455046,166457.4453437833,170110.23794431938,1075.6438925539824
egypt,28468.901865035492,29251.2515532763,2012-01-01,0,8.990870109374999,6611.102781986883,4270.98787881244
zimbabwe,18890.482173855948,18957.01235252783,2012-01-01,3799.033249555087,5205.315166900967,301625.87614818476,530.3479516562498
east_timor,372.6307825236519,400.4348619207108,2012-01-01,2058.5554699207087,5675.942383936524,1057.4819323478553,38.3845914793505
senegal,20596.038731030592,20709.379621358723,2012-01-01,342.795816296814,346.7091114778802,161485.8999613821,559.5858949898285
mauritania,31.95250574301471,31.95250574301471,2012-01-01,0,0,168798.16856099342,150.9267941737745
chad,110302.587640483,111252.89118816744,2012-01-01,6134.96979349805,6135.46768531055,428742.8012016619,305.5230202968749
taiwan,3298.3395169668456,5384.817543916415,2012-01-01,20161.05245453992,22509.511866834968,524.789723344424,3057.697670013973
mali,17725.69205803266,17748.227892455823,2012-01-01,9.945195765931372,22.066169068872544,475106.9532648537,461.9407407827203
switzerland,2409.1692993609113,3362.598133920831,2012-01-01,7761.149078236527,12883.989160531915,12380.916939511695,1324.994967076777
suriname,283.53245410386,286.2705473069851,2012-01-01,136923.5258368075,138338.0921083471,1388.7408979535537,120.7237543906248
australia,275664.1510693412,276592.17485707806,2012-01-01,253566.558400604,386934.86208245746,1893262.3413745824,10168.641041845338
botswana,9.137039470833336,9.137039470833336,2012-01-01,7.478283515625001,10.46915771875,360191.5393044621,449.15860385049024
french_guiana,10.205505062499997,10.454419484374997,2012-01-01,80684.07181223006,81748.62769490854,173.82278464834573,62.29627564724265
indonesia,44402.93010839848,123583.23315155965,2012-01-01,1165176.9138313476,1516369.4463848798,35364.38290915336,13279.724353081983
armenia,3509.851622099695,3510.1019486309447,2012-01-01,1536.800151507169,2345.0343006143394,20640.098559249574,859.0396703457725
papua_new_guinea,260.23790521807587,1236.033823005882,2012-01-01,387848.2358691727,419140.16854675126,6400.34824540532,203.1940222031862
serbia,27937.970394658903,36999.366661881926,2012-01-01,11656.858693872362,27952.538545975243,1972.803523805515,1781.6725720387255
oman,141.5796453115807,141.5796453115807,2012-01-01,0,0,4383.336340785534,295.2749696691177
lebanon,2294.5885003289236,2296.8380662820487,2012-01-01,54.98595874999999,100.47356395312498,3738.58585961612,425.39110087113926
slovenia,1326.852862414462,2045.3477165333345,2012-01-01,10538.670581375862,14427.055161598342,1022.394668282598,368.33501386078416
ecuador,3865.7255694199,9875.80444729492,2012-01-01,123824.91264022532,154002.016852378,18539.892399218545,2647.253481807042
ivory_coast,116.03144148670346,5892.105642112198,2012-01-01,10240.353870487806,44746.5981286471,39543.37908786597,1686.561115803432
central_african_republic,1008.8223174500006,1048.6510454968752,2012-01-01,243833.4158300614,281294.1285329678,41214.253038370385,291.5213168695466
south_sudan,21685.871107591276,21694.624310513704,2012-01-01,12645.637085812568,15011.714930438611,260088.3264863103,83.38317368658092
ghana,20805.379895411304,30580.60951364117,2012-01-01,9850.76369952322,34743.409426257356,91952.1599612918,2543.587868184307
togo,3371.822029171392,3818.2218834834016,2012-01-01,92.15805324901962,789.4760896848037,26995.8798390672,430.4484921603557
cameroon,57041.22649408928,69421.96947525193,2012-01-01,209416.9996969589,245908.5638270075,12955.09061659346,867.1308519799015
benin,42962.971086670346,51767.95018832527,2012-01-01,194.68019651801472,195.6760845023897,37253.44238383657,614.1991073705285
sudan,74778.65632671835,75241.23256449978,2012-01-01,56.89941170778185,56.89941170778185,646977.7807861313,2945.3896621542935
niger,24032.16041453623,71724.53294379398,2012-01-01,0,0,226453.87055551645,472.05193893161794
burkina_faso,16647.22416116702,17881.456611176025,2012-01-01,0.746996921875,0.746996921875,252850.31938325043,377.9756710522058
cayman_islands,3.7748708536764704,3.7748708536764704,2012-01-01,29.47674401341912,47.38773198817402,9.567242565808824,16.505031442708344
british_virgin_islands,0,0,2013-01-01,16.04073867107843,34.51790618149516,10.101785539460783,1.2460789062500002
montserrat,1.7441118593750002,1.7441118593750002,2013-01-01,18.130983022610295,26.908228290134833,29.938184168321097,2.8345442230392157
poland,140180.78319570993,147236.66764011627,2013-01-01,71685.69640946997,94192.91723357148,27005.734191817264,8198.034505620233
guadeloupe,87.50164037408089,287.71216164240184,2013-01-01,680.5947813138488,1255.520011784254,547.6668288338249,68.33826491060049
saint_kitts_and_nevis,0.498343734375,0.498343734375,2013-01-01,70.35399237971811,90.49134086151956,51.06139345814948,5.570827462071078
barbados,67.45670350545338,67.45670350545338,2013-01-01,9.46415675,11.705670906250004,224.98962533106655,21.180380431678913
myanmar,134134.28605592847,135331.53242420068,2013-01-01,332082.95646592096,442394.13263350615,37671.92573553158,1522.116905623651
japan,24904.20833811251,34702.19150117408,2013-01-01,233304.5684339936,259549.43981322585,17169.781337528202,28718.21784215863
trinidad_and_tobago,10.955778390624998,14.1926225,2013-01-01,2614.387503721566,3400.189206599932,555.7334082479175,360.2176928853551
luxembourg,432.9005440999393,584.5513126613973,2013-01-01,519.4056281683212,768.604709434129,337.5191063058825,162.9213402509804
iceland,2.515865671875,2.515865671875,2013-01-01,29.33167076164216,30.841761449142155,54438.16288657189,46.87025114087009
cambodia,46679.6104010483,48622.594262408675,2013-01-01,54339.49603467107,68071.159788647,20552.388657181007,414.6495216371323
guinea-bissau,43.061975621078425,43.061975621078425,2013-01-01,2397.580117658333,3232.601194137314,2185.947919437378,40.54254345888478
jamaica,451.57981251311304,595.5912152974876,2013-01-01,3725.821876215076,8432.28684155356,506.0616358926474,356.7051847213852
puerto_rico,473.1496824301476,658.3591438998176,2013-01-01,2148.421692602693,5801.648523873645,522.9022355676473,1163.4082398013502
south_korea,17881.988335958897,19148.009231210683,2013-01-01,43283.3022749007,64354.38116584204,3955.893934375859,5012.137894350364
dominican_republic,2083.4960583003062,3701.5167990245577,2013-01-01,7341.10772939081,24200.300101341352,3709.4477031000033,748.0957645425855
cuba,12669.94936370099,33956.88335379084,2013-01-01,22734.22923963545,37768.75312554065,2583.583144914093,663.2653281962624
laos,3690.617853728429,3754.535823101593,2013-01-01,137104.53362910345,190610.65777600484,18029.61040420054,175.0416590939952
panama,245.69289977830883,290.2559661533089,2013-01-01,33365.16173128598,48022.64375032912,2451.014905153062,410.3897465996328
the_bahamas,1.0036637110294118,1.0036637110294118,2013-01-01,1334.3513694253677,2264.3526859070453,2832.698171903481,79.1769176761029
liberia,11.4513523125,207.43810078106645,2013-01-01,48509.7919564308,91591.21350799256,160.52177247126224,187.77868083486536
bangladesh,66872.57170918239,87216.75160980922,2013-01-01,4435.247947375183,12788.209017104227,2916.493817585969,1017.0128635938112
honduras,1861.37229829467,2108.3698759693007,2013-01-01,31992.940215722116,80340.8650249319,4579.8748753228565,263.01176161207115
nepal,21676.01377147618,22626.26279358886,2013-01-01,36838.59530133798,67976.64273843078,24586.223625594983,298.81047678952217
colombia,1555.1874761209565,7208.474700112616,2013-01-01,586460.38951187,731388.9808799321,79425.09966392342,4105.981764906188
sierra_leone,223.36210889938732,5002.70263216348,2013-01-01,2321.791907920279,34172.42839866032,514.8890759023285,173.3466512936887
thailand,199584.7549294632,209757.7074261184,2013-01-01,111905.1123752502,196951.71223002384,38593.968454689304,5560.910254215255
chile,4007.944882245218,6951.315274245227,2013-01-01,158167.87874671025,187859.113106366,94789.31322251551,4120.69122238125
philippines,18616.999484199114,47011.19260460137,2013-01-01,94270.41208383167,166312.256618694,14604.301398710417,3073.492905898469
vietnam,45751.37820138797,66833.849326456,2013-01-01,89503.03511173016,154752.80730518574,17653.604695768903,4983.746886246261
bhutan,123.09119523890928,140.71239025625002,2013-01-01,27633.130686887627,29841.591189045223,5796.3216541119355,20.0048335557598
equatorial_guinea,7.715753296874998,11.200267890624993,2013-01-01,20686.164549234607,25417.0163268066,53.47958752401965,43.33158840955884
nicaragua,3444.6847727343775,4141.747639140629,2013-01-01,25609.03693959735,64336.60519526991,4544.257378732291,193.29858416519608
latvia,7751.1425414430305,9895.249563701493,2013-01-01,23482.100559470175,40683.75462124162,3966.139681164461,220.0462042056371
brunei,0,0,2013-01-01,4601.0834377433075,4866.8097761623,170.56376557702202,209.21804983229163
united_kingdom,52311.67483815335,65798.79522957561,2013-01-01,13724.14826332008,16299.924223235965,45636.793201753586,9445.489254298658
finland,114.42563398437495,114.42563398437495,2013-01-01,93815.86260447447,251871.49708679915,11382.36274573701,576.4035647238359
belize,43.639824989399514,66.52517689620097,2013-01-01,14512.623622807028,17530.404094672107,1972.337446358334,12.011753702757357
ireland,2577.00633121961,5374.22051151109,2013-01-01,5059.243800420956,5828.024236150671,22987.457406421443,367.9990995306349
norway,1643.8335121582722,1837.0314416879291,2013-01-01,48365.744805945214,97092.63798486388,120290.59064900636,409.1075139574144
haiti,6444.3147265987745,9446.979192501572,2013-01-01,242.95079912162984,3579.6512047988417,3281.4384710618892,352.1266468577818
venezuela,7960.56196569212,8859.743494153576,2013-01-01,419560.1081562932,494551.0540782145,185666.90809091704,5203.55866131912
el_salvador,1346.5551707999402,3472.347498244426,2013-01-01,1773.8327242352343,6937.313359799695,328.9676637052695,186.79921697886047
costa_rica,500.94307741458374,515.1355972270837,2013-01-01,19356.670154114625,40493.3422044398,2763.949948338603,447.64681523989015
gambia,4159.159928284866,4168.375064597365,2013-01-01,0,0,5109.669053546389,87.4968055134191
guatemala,3097.059651930148,6223.521853954656,2013-01-01,34125.65701371854,73029.97985812965,4394.784526980209,384.15092639944913
malaysia,2867.4162682873775,5702.977314077449,2013-01-01,219903.31133557047,291271.3634795554,9876.66010652311,4510.0421060081035
north_korea,32822.23833402331,34152.92651006775,2013-01-01,57153.84438173028,71616.01907058313,8248.99244567328,1821.7728818213852
mexico,130034.87059245852,148993.28415472453,2013-01-01,259142.25792363813,470362.929415207,485496.45472780894,9429.404246177051
belgium,11052.054626942034,12556.1614616364,2013-01-01,4834.789289034504,5683.685233172433,2621.273584804349,3436.6946726689325
estonia,4039.6791672218137,4546.381611096074,2013-01-01,17559.166323005767,29891.47226238382,3732.0499943399504,185.53213053198536
lithuania,19116.80435076469,20091.4287271204,2013-01-01,15374.103549610967,21881.362936692036,9751.937830132352,363.74444474001245
yemen,3051.5795846465107,3059.800242599636,2013-01-01,0,0,26883.84695683255,836.4214447099879
djibouti,0,0,2013-01-01,0,0,5188.792309941171,17.643950066850493
qatar,0.24947871875,0.24947871875,2013-01-01,0,0,15.468572781250003,351.69228860343185
somalia,642.3660962338843,676.2308408117642,2013-01-01,0.2488846875,1.244430359375,256396.9897320354,244.96593338345588
kenya,15454.18137715113,32552.464367497476,2013-01-01,7186.323578592333,11508.384625330138,417242.5259989379,521.6852306556996
uzbekistan,47249.92130560623,47249.92130560623,2013-01-01,0,0,181872.7100742919,10594.666253305944
china,1221737.470838057,1445817.950409234,2013-01-01,902016.0573405122,1806234.1948680864,2809666.5576727604,130786.05566587474
belarus,56341.30471422116,59315.71367344352,2013-01-01,63844.19646101796,100252.79505952972,22065.51468867412,1420.3270692375593
pakistan,176825.03085186656,177785.0261538199,2013-01-01,1503.1426426726114,5625.773347899814,116125.18225138576,6379.329066988917
somaliland,0.248994390625,0.248994390625,2013-01-01,23.40630703124999,37.84849089062499,13103.076424182173,78.05833866047792
jordan,2243.0844669382977,2243.334310891423,2013-01-01,0,0.24983396875,1004.6099478109684,811.8230262814953
mongolia,256.7479411925245,256.7479411925245,2013-01-01,12658.196023544971,37753.21892260805,995583.7997882966,991.0222377420956
turkmenistan,14599.062747216298,14599.062747216298,2013-01-01,0,0,89854.19718443784,1684.9376387271457
russia,1075971.818062576,1151962.7675381335,2013-01-01,3851378.92787622,6570747.567494742,2333109.9371158457,29630.285662017384
france,180379.93971963503,236632.27396439487,2013-01-01,76347.94739955277,134443.95151479065,41374.4442050418,12918.159483812013
republic_of_the_congo,36.090281171875,318.15876401715684,2013-01-01,215946.61241073892,240546.674150749,38484.16353536111,535.4861238780642
palestine,1689.010124610173,1699.5032090632976,2013-01-01,0,0,1997.3774858112763,342.4022448123164
democratic_republic_of_the_congo,399.91652205937504,1208.2026599229166,2013-01-01,1264837.9402827437,1616392.4646952115,60052.58263445534,2764.0232936249395
austria,13833.013655939503,14814.005085672592,2013-01-01,31358.85614074238,45110.71834061425,13089.863371844667,2079.2324060846818
gabon,1.99108071875,56.24061218529411,2013-01-01,209876.1469967845,240462.80791789503,9296.756600504528,292.53831918578413
canada,483283.8224285613,500716.14451870293,2013-01-01,1711767.701107724,3493690.976260615,1951028.8334022572,9648.680841437934
ethiopia,162040.62006934968,164258.48794722473,2013-01-01,31457.88166026203,41759.4651894964,491880.87756468385,1029.1388791210802
guinea,6436.799892867093,13478.521287433385,2013-01-01,3489.5760181454025,15179.17696607887,23192.130761138647,333.68888317156865
nigeria,305037.9313985668,368672.4380408926,2013-01-01,24553.491340301574,43003.15100752835,350186.019424433,7794.338635634497
new_zealand,1418.8113422189338,1499.6200669306988,2013-01-01,100968.95933492263,112013.99154307164,89183.93967487209,1106.3419783728557
uruguay,4266.799673070772,4361.726445703616,2013-01-01,5676.489343158888,6846.410389747117,107318.43774318942,1078.199332312196
india,1943022.311834678,1997788.11068875,2013-01-01,303974.7036523832,429181.02829142497,252974.4992978071,35096.02902545702
iran,71081.4632662575,71210.51103969499,2013-01-01,10388.113334338565,16209.176718620714,342281.0817253903,8233.703942066113
conus_ak,1365248.0766554384,1479202.961617208,2013-01-01,1304383.1901020294,2549665.692643338,2910245.552993173,133451.2204585712
hungary,57208.47433708071,58896.1836558393,2013-01-01,10464.049664551583,13661.569980465118,9697.866158526407,3582.610608021997
united_arab_emirates,2.2454949062500003,2.2454949062500003,2013-01-01,0,0,228.02785989142163,540.2806146655028
croatia,9549.91129006331,10487.528060747863,2013-01-01,16406.590554261347,24041.957019742127,8092.449481469243,647.8088960158093
germany,125828.16781092028,139590.70948383817,2013-01-01,84850.83491239486,99065.96828643917,30915.992329486337,25122.31183191704
bosnia_and_herzegovina,4945.750976571575,7282.278382150739,2013-01-01,17198.66138285626,29741.88729464582,6365.944409858028,377.623039514951
slovakia,15794.28456557016,15968.675312835723,2013-01-01,20484.485655033914,24162.961851264303,3100.2959064814945,1686.110401179595
netherlands,7508.296886231794,11992.661436143122,2013-01-01,1928.0063828501827,2080.996812455637,5118.344637619911,4685.149344458521
afghanistan,18606.25315737152,18606.25315737152,2013-01-01,187.9893852656249,620.465905946508,248512.78766267284,906.52613843027
iraq,43225.02929096104,43345.22900174229,2013-01-01,0,0,58852.651888457694,3645.7773894914185
georgia,2237.7826644693,2268.0798239692995,2013-01-01,22945.58180117651,32296.92160282215,25193.83101154803,854.580596822733
rwanda,4727.290490424621,11033.485784155828,2013-01-01,1266.8829354133586,1381.7508569311872,6996.149948785724,109.57341135563752
ukraine,362227.0834472157,383012.1638827312,2013-01-01,58542.252269763376,85129.91021298146,38368.75138028827,10273.912798771991
czech_republic,33561.54582994426,36327.230199909034,2013-01-01,22684.952899631135,26802.00360384633,3998.4919647068,3428.5047639538625
israel,4806.913975618755,4806.913975618755,2013-01-01,14.991052593749998,22.736394031249997,3627.2871369750624,1092.8743861990188
saudi_arabia,3786.2108853890263,3786.2108853890263,2013-01-01,0,0,19009.157221027635,4556.790740493072
syria,39350.39712608678,40138.86873937506,2013-01-01,89.11906080686273,136.40892297610296,7819.483343318381,2646.3529396424037
romania,101182.14951648837,104505.87538335868,2013-01-01,57419.83278447671,79735.57590965048,17342.866207735162,5314.321345903001
moldova,28043.900313699287,28589.02845996081,2013-01-01,1184.0685172405026,1416.0462793911147,1228.53907076109,1012.430336602328
burundi,6263.990226040324,12236.45702201275,2013-01-01,390.77705855563687,472.74644202230354,5306.176545505993,77.90398778125005
kazakhstan,130179.58862137423,130387.93586959988,2013-01-01,9911.587952331069,17704.720128833214,2307074.508469012,3574.9398101925276
sri_lanka,3236.385508911582,9692.47567721169,2013-01-01,8123.049352793854,31737.167203004985,4741.652707632219,407.9105233178313
angola,3262.103015785656,5021.505019487189,2013-01-01,118355.4456144429,336214.3234584556,415893.71862083767,970.731796619853
azerbaijan,22637.92733573001,22710.272780620635,2013-01-01,3537.7600713959555,6331.595031574881,47043.00555064194,2057.145873872179
denmark,25620.85579006698,29914.38079417115,2013-01-01,2013.0095483792877,2055.2585347442996,1154.5285996813718,841.37621278076
tanzania,16375.490455127574,20352.012521573342,2013-01-01,73661.64928463909,93972.42575077394,385696.2444554759,1063.1641623354158
sweden,13059.42248602694,14529.907474028536,2013-01-01,148379.19233292338,322346.23356225336,23355.857585923688,1371.1369308447916
montenegro,29.109285472181373,42.78052350980392,2013-01-01,2206.5473465889736,5479.982292133395,3633.951345448772,95.74583944129904
morocco,78606.23620767138,78675.22172885889,2013-01-01,1208.8953920977328,2530.8637293626207,59756.27629401491,1898.5939349107848
eswatini,619.0492025895834,626.7846659333333,2013-01-01,1280.7959628581496,1760.739181117341,9342.77230573737,29.197230515625
zambia,3532.1878275266554,3567.29513382353,2013-01-01,104871.76377583042,207266.9238253312,194210.99574361407,864.206906241606
algeria,60733.22917951581,60857.074940360195,2013-01-01,4054.2793278627546,7232.313972334705,47350.96169008556,2975.401521160601
tunisia,25950.95544635135,25993.90847583511,2013-01-01,889.2362426082728,1487.471198360418,9597.245344682677,1228.539682250184
albania,2675.419922253371,2992.6145018716925,2013-01-01,1026.174883756863,2747.3420255118876,9583.52961466947,221.30787839742655
lesotho,706.4680860958973,726.9407979552724,2013-01-01,0,0.99879790625,27142.553294938236,73.65465694957109
uganda,25816.48112052213,94806.53764898398,2013-01-01,6987.497669777945,16177.210250386115,32520.40786637411,504.23858259374913
guyana,1458.1786501761032,2055.8784555218062,2013-01-01,182989.26461437345,190186.42226591872,12811.491214144737,143.07511162542906
eritrea,3588.536952377017,3619.9228573770192,2013-01-01,0.249123859375,0.249123859375,41497.00022641807,81.3541693019608
argentina,345683.84610296204,349416.0114204183,2013-01-01,104200.79329085484,194139.93111269243,893289.9111669232,17350.09310178169
paraguay,14414.658756429166,28753.541449776767,2013-01-01,25355.392412755908,82648.21777790459,30588.399889974287,1409.6147200849257
spain,134610.05873010342,136383.11087479416,2013-01-01,35124.72532311604,94558.58384589283,134816.5006664844,5316.622972259555
tajikistan,6998.329213082848,6998.329213082848,2013-01-01,2.486576203492647,2.486576203492647,63470.79550769729,1272.3221510388494
libya,10491.870911997372,10492.120752622372,2013-01-01,0,0.24986378125,7695.120291030142,1326.0306930135412
kosovo,2137.07081445864,2202.4285729430153,2013-01-01,1351.3800486822922,3636.2860869320407,2344.7751431820448,129.59117407677698
south_africa,65931.66988890954,67786.51779369063,2013-01-01,21314.186136959896,33836.075626858976,560986.3204131977,9700.608478298544
republic_of_macedonia,3214.7611401957743,3226.065052661277,2013-01-01,3661.4698704481,7881.737199453299,9588.233976569529,385.6949387178922
bulgaria,40853.32262905947,41461.52648434109,2013-01-01,25019.524526831996,39993.27993218062,19006.473709475616,2539.25009976256
kyrgyzstan,12039.83657638787,12056.609575481618,2013-01-01,267.82050633425246,582.1884246846818,145079.0392618638,1810.6807345934428
italy,101324.98223401255,112359.38214948976,2013-01-01,48851.259361188895,84265.93395500348,34199.01590417642,14108.628605660351
madagascar,3348.7272219129363,3619.8086181785616,2013-01-01,65153.361649719016,119236.62220261004,382633.1749360884,252.33551485563729
brazil,281066.1774379782,364496.86666479416,2013-01-01,3586157.5518902326,3976563.5052581513,1785705.6835898778,39208.29319560781
greece,28052.72506142596,29714.902990032344,2013-01-01,16487.574388683515,34176.7078605513,28608.475506134844,1874.4580763303325
turkey,214513.99500567425,218984.11898840588,2013-01-01,43425.84825883984,84187.80448486154,381511.69366884587,8962.838394431681
portugal,13098.397365416136,14196.052989635007,2013-01-01,7498.412525007486,22372.252127349384,20790.12529523779,1204.2901312103538
peru,10881.913116585718,11596.339785601347,2013-01-01,723381.1375047774,758511.3571325552,320087.88322936406,4702.0314230007325
bolivia,21841.842371389368,22788.409313608125,2013-01-01,495031.7979797666,573171.5953966127,163281.50312192322,2005.1729695266552
namibia,814.1617800079642,882.4389920079641,2013-01-01,4.734903375,5.482538406250001,225547.63070907377,273.3852991552084
malawi,26019.995678495736,26628.286591601995,2013-01-01,7304.896714587858,10495.917156370151,34362.85083404723,173.09924305318646
mozambique,6915.5851600517135,7422.05032854442,2013-01-01,108436.20655327063,165025.6759547958,172108.17048043193,1079.8835852258574
egypt,28561.534266816736,29350.628502916923,2013-01-01,0,11.98788528125,7020.808717988055,4297.70417959369
zimbabwe,19367.331609684883,19429.001741664975,2013-01-01,3806.6996717816814,5372.494854911874,301316.1094578064,533.0891190781249
east_timor,397.9838224928309,425.3837028039216,2013-01-01,2087.786324135046,5705.068144318937,1049.4814741042278,38.6335479012255
senegal,20293.63178079588,20433.626113295883,2013-01-01,311.0483776556987,316.7049290867648,161455.33285770478,560.8313801148284
mauritania,45.79980116421568,45.79980116421568,2013-01-01,0,0,169854.31174884317,150.9267941737745
chad,108312.00105379312,109485.03069969236,2013-01-01,6048.65353874719,6049.898400262815,431055.5515673694,306.7681038281249
taiwan,3356.2040877690524,5434.898689996746,2013-01-01,20175.564366075832,22532.963870354757,541.8332963935661,3064.6819084202234
mali,18022.0677647848,18057.465819176537,2013-01-01,9.198185172181374,20.479437012254905,475081.9054381719,464.4311584545953
switzerland,2375.332503879294,3368.9167137155637,2013-01-01,7784.884146999087,12939.45404310355,12451.408780565189,1325.9977548892768
suriname,296.20379537224215,298.1951362472421,2013-01-01,136876.50156691205,138290.1943058113,1460.28907159038,121.2215881562498
australia,293694.9540802364,294624.46496542625,2013-01-01,253917.0375810624,387467.8842598374,1813180.4353577148,10183.581978429344
botswana,16.56111469577205,16.56111469577205,2013-01-01,7.977301828125,10.4697485625,358095.43376544886,451.65286856924024
french_guiana,7.965273265624998,7.965273265624998,2013-01-01,80669.34652349137,81723.93706070106,179.61100594399517,62.29627564724265
indonesia,45118.56049247619,122948.8272668702,2013-01-01,1157394.3100357263,1514010.473028032,38580.87676434891,13370.397772879476
armenia,3651.988453425858,3652.238779957108,2013-01-01,1538.1400508903791,2350.953424077392,20479.161528726218,861.5424016738975
papua_new_guinea,280.6499895305758,1239.8261381601108,2013-01-01,387036.61248332,418755.32793054986,6786.872556664217,203.4429951563112
serbia,27236.20297614453,36542.95431288966,2013-01-01,12051.662453937011,28388.769105562664,1949.2856823998775,1783.1758737106009
oman,141.08155888970566,141.08155888970566,2013-01-01,0,0,4444.344157122421,295.77377180974275
lebanon,2322.51146379602,2324.511072499145,2013-01-01,57.48527934374999,101.72318387499996,3776.935781470469,425.89096068363926
slovenia,1309.5059346151356,2063.010685847795,2013-01-01,10496.600711285357,14412.158060287067,1020.6399179628678,368.33501386078416
ecuador,3831.4861267391375,9963.76163061416,2013-01-01,123572.53723535876,151999.0702023224,19278.957289437345,2652.480089978917
ivory_coast,104.95594008082112,6448.780767978188,2013-01-01,9349.4942487826,43820.14427817287,40030.561138813144,1696.1146308487137
central_african_republic,992.3690557911768,1031.2019984161768,2013-01-01,239789.44391172435,278174.17832524976,41177.70559538073,291.5213168695466
south_sudan,21491.782873135475,21502.263017328496,2013-01-01,12192.079428663114,14652.14220189344,256732.99970832912,83.63207993658092
ghana,20187.51033808644,30419.187843113647,2013-01-01,9446.579665605816,33887.1574783527,93240.98515624588,2583.2024368523216
togo,3148.245100773534,3608.8659562044777,2013-01-01,77.37644800257353,774.6418132368258,27536.69162282879,433.93350139473085
cameroon,56785.67123441424,69206.1079655934,2013-01-01,208904.83722044568,245962.25549678592,13131.736721831818,869.6198405267764
benin,43158.38399199144,51828.490224743866,2013-01-01,108.03899506617648,109.0348380818015,37795.68565003752,617.4353201361536
sudan,73684.95983691805,74266.63051045898,2013-01-01,58.163850492279394,59.823744544362725,649824.9696642446,2956.3508697167936
niger,23860.78407185817,72319.93013560626,2013-01-01,0,0,226678.237373734,472.30096279099297
burkina_faso,17336.159566071055,18736.150032467925,2013-01-01,0.746996921875,0.746996921875,251931.98122746457,378.72272164595586
cayman_islands,3.3076533284926466,3.3076533284926466,2013-01-01,33.71395682591911,51.78229265686273,9.496865888112744,16.505031442708344
british_virgin_islands,0,0,2014-01-01,15.928344920772057,33.279642995159364,10.959865548529413,1.2460789062500002
montserrat,1.993268578125,1.993268578125,2014-01-01,17.325860628431375,27.283434781924047,30.030029004656875,2.8345442230392157
poland,139762.16644126028,146837.1492089062,2014-01-01,73750.33886438349,95708.48501762807,26783.131041471905,8215.101280057732
guadeloupe,104.40905430784316,296.1489202167889,2014-01-01,678.6835978269615,1253.7224986872568,537.9500870996337,68.33826491060049
saint_kitts_and_nevis,1.470607162990196,1.470607162990196,2014-01-01,69.85466209417888,90.96524636605388,49.026976132659286,5.570827462071078
barbados,81.17334460024506,81.17334460024506,2014-01-01,9.215100625000002,10.709443765625002,215.50693065814988,21.27121212414215
myanmar,134272.8005276347,135577.59022833875,2014-01-01,331791.1401741387,441847.8136477641,37867.428609893264,1527.351721045526
japan,24944.79839081599,35031.92552475656,2014-01-01,233793.44653378305,259700.0914063224,16779.76760367309,28756.933265307656
trinidad_and_tobago,15.437666125000002,19.421464109375,2014-01-01,2589.056458283516,3377.823827016477,583.980740620957,360.2176928853551
luxembourg,422.6113329330275,597.3216198879292,2014-01-01,542.9157314015321,786.726093358578,317.3556091113358,162.9213402509804
iceland,2.2642965,2.2642965,2014-01-01,28.39197507064952,31.663769945649516,54781.348878878474,47.12185164087009
cambodia,47551.099741245285,49489.05567551956,2014-01-01,52226.1268240007,66057.82618855535,21029.058447694668,418.63383621525736
guinea-bissau,53.09239612426472,53.09239612426472,2014-01-01,2355.263945056188,3152.7343589595584,2184.49576451685,41.040590349509785
jamaica,417.4639452962626,569.6994339712622,2014-01-01,3667.4539939762335,8478.751890612377,469.73931142071086,357.70198426826016
puerto_rico,487.6508746196084,664.6774481324769,2014-01-01,2153.59143404436,5836.000323877139,465.9073036390933,1163.6574395357252
south_korea,17553.92556581938,18842.95003432361,2014-01-01,43332.126228436464,64360.39025473511,3920.769314331862,5038.6546287716255
dominican_republic,2109.623953382537,3705.24029044809,2014-01-01,7210.631024622425,23995.307975379037,3674.05247716998,751.3357038394605
cuba,11912.771317033828,33834.591462087636,2014-01-01,22618.577134950243,38010.73355508566,2543.8993272995103,664.5119514775124
laos,3917.287967553367,3994.1567659878665,2014-01-01,136790.1025448758,189994.6162130148,18169.40006684123,176.2876592971202
panama,256.0209567788603,307.05681849761027,2014-01-01,33135.06679636085,47646.98600080873,2501.8561689873773,411.3855824746328
the_bahamas,0.7542755235294117,0.7542755235294117,2014-01-01,1367.605362257598,2275.3438538563723,2808.5267365879185,79.1769176761029
liberia,14.687512640625002,232.12706773621375,2014-01-01,46158.57257837699,91405.96116587352,190.44316227886023,193.98904570134823
bangladesh,66751.365816743,87237.32254892902,2014-01-01,4429.074144752512,12866.879923583394,3005.867245283517,1024.994488828186
honduras,1903.9613457763485,2147.71925504473,2014-01-01,31698.156221225843,80276.1810054998,4503.575266308396,263.50999904957115
nepal,21391.923417856455,22375.48680246601,2014-01-01,37472.49748387493,67595.23701300172,24628.23702410664,301.30645936764705
colombia,1644.0262838125004,7182.069854491658,2014-01-01,585348.826304814,728147.527792171,84717.35697349712,4111.706919593689
sierra_leone,260.977535015196,5186.602950671757,2014-01-01,2130.0127316349235,33880.18569907771,577.9294930134804,174.6744336791054
thailand,201580.5136029437,211677.76579879457,2014-01-01,112312.28806034267,197155.7381398152,36403.13208035148,5586.504347361273
chile,4301.962168077511,7241.796602968137,2014-01-01,158276.0694231737,187695.4007210843,95144.26487248974,4131.426657725002
philippines,19583.84729364815,47524.00224176768,2014-01-01,92241.73145913635,165884.14575182207,14525.983094851468,3079.9686182734704
vietnam,46231.88038691719,67589.46579129614,2014-01-01,89235.00058577929,154019.4308063738,17649.050613639032,4999.468111193872
bhutan,121.44683930876224,138.81850563860297,2014-01-01,27759.033014859437,29858.644384476353,5768.947067150664,20.0048335557598
equatorial_guinea,8.462432437499995,13.12891876629901,2014-01-01,20106.44945042457,25347.78248998552,82.84809646151969,43.58047358143384
nicaragua,3539.884918276719,4254.608454486709,2014-01-01,24757.21022178191,63715.321085193216,4759.018746373285,195.29086324332107
latvia,8033.5328278381885,10283.365502508108,2014-01-01,23763.07799432532,40983.27060378774,3805.4693158896457,221.03542992892145
brunei,0,0,2014-01-01,4586.161963404522,4850.041515270512,182.08257239374996,209.21804983229163
united_kingdom,52199.06877658418,65616.51487883677,2014-01-01,14035.991283299012,16620.76622791122,46771.12879058829,9453.756803686589
finland,247.23753530422795,247.23753530422795,2014-01-01,96345.1192403526,250557.9277358303,11726.058191179476,578.3202396106005
belize,41.89534058314951,64.03306294307599,2014-01-01,14406.52832269888,17506.08596525084,1964.586220326349,12.011753702757357
ireland,2629.766529234868,5240.993117403922,2014-01-01,5333.5318354378005,6186.4314049587565,23409.50394043382,367.9990995306349
norway,1659.8725367428926,1871.960161419608,2014-01-01,48467.36836508806,96594.42103109136,120807.85764734024,411.11865656678935
haiti,6379.800342795036,9462.552188555925,2014-01-01,233.35401934479165,3480.2166354390974,3287.581745022184,354.6189876077819
venezuela,8254.860312800822,9137.60901213728,2014-01-01,418505.3868182437,491874.9796507341,191493.76414689893,5205.79944941287
el_salvador,1342.8628329144617,3502.559695263421,2014-01-01,1762.8451912295357,6890.168898481624,332.16152001789203,187.0482872288605
costa_rica,506.0731485274517,520.2656681837017,2014-01-01,19290.839748361625,40481.14094282685,2794.725608671202,449.14070802113997
gambia,4287.60585997978,4296.571961011029,2014-01-01,0,0,4983.231107164714,87.99492506029411
guatemala,3083.470139921509,6207.2433459283675,2014-01-01,34182.28146875468,73011.39155465385,4334.6813549441795,386.1436730088242
malaysia,2972.5484970702205,5652.223343639944,2014-01-01,217098.52244075097,289919.3482534038,11135.449864804228,4531.704666612269
north_korea,32680.248030501272,34090.843222028285,2014-01-01,55883.112322933855,70993.79075986892,8613.391943187502,1831.2808888995105
mexico,127573.92019435532,147287.6979013517,2014-01-01,260841.4162246592,475430.0297666561,486298.5477391407,9483.016372161426
belgium,10774.786326729174,12531.675236277644,2014-01-01,4943.151903764219,5764.716479504421,2564.937428629165,3440.9601104658077
estonia,4271.211323378001,4820.3506531748735,2014-01-01,17754.011791121564,30200.759323458817,3345.9485437966923,186.78892965698537
lithuania,19596.9443575761,20695.03813257567,2014-01-01,15505.739789483949,22313.59204262273,9159.859197159129,363.99555894313744
yemen,3169.4828851014763,3179.4473294608515,2014-01-01,0,0,26841.312411577645,837.1687689756129
djibouti,0,0,2014-01-01,0,0,5175.15905289246,17.643950066850493
qatar,0.24947871875,0.24947871875,2014-01-01,0,0,14.969549109375002,352.1912553221818
somalia,626.0462607209557,663.64718736924,2014-01-01,0,0.995537515625,253198.14384894664,247.95271033658088
kenya,16123.829894414215,33235.169838050584,2014-01-01,7145.925019639815,11477.15102935722,413388.6129255404,524.1741169369496
uzbekistan,47302.812973307424,47302.812973307424,2014-01-01,0,0,180556.57126652476,10609.183077071564
china,1217843.3639884803,1443729.0721274402,2014-01-01,915427.6034117992,1807618.3312051275,2802558.0851415657,132187.20760305738
belarus,56757.39842832903,59644.79813086695,2014-01-01,64617.183928735765,100712.71613808189,21669.05794913146,1426.352730612559
pakistan,175942.31274657568,177071.83529048305,2014-01-01,1580.884151687502,5683.886726987314,115123.26142635672,6401.312246863916
somaliland,0.248994390625,0.248994390625,2014-01-01,30.37835399999998,48.05757845312501,13537.310044251344,78.30732112922794
jordan,2247.6473086547803,2247.897152607906,2014-01-01,0,0.24983396875,1073.5583724596202,812.8222515627452
mongolia,299.9043883193627,299.9043883193627,2014-01-01,12930.660695717886,37752.67124752999,995781.2793908296,991.0222377420956
turkmenistan,14414.992776276533,14414.992776276533,2014-01-01,0,0,89449.82930401679,1684.9376387271457
russia,1084594.406545982,1163896.939392942,2014-01-01,3823160.789980149,6574246.078919279,2319909.5883776895,29735.9972354549
france,178977.14224234316,236399.1985387624,2014-01-01,77158.56105490838,136103.42330787634,40315.68990092122,12928.68686393702
republic_of_the_congo,34.099082953125,333.0718691979168,2014-01-01,215859.0486025794,240409.49110561408,40131.065921464295,539.7174517686891
palestine,1693.9936262112765,1704.4867199144012,2014-01-01,0,0,2032.9846741822944,344.1510112185664
democratic_republic_of_the_congo,384.3353345749387,1176.7783660445475,2014-01-01,1267430.324338163,1615083.3166019816,61368.75433531301,2773.2336858280655
austria,13723.822526946546,14783.163223930373,2014-01-01,31776.72029523313,45379.18708038733,12916.195022166416,2083.2439740846817
gabon,2.2399716875,62.67576287273283,2014-01-01,207938.41362759753,239859.72001246412,9691.132142146373,293.28497217015916
canada,480893.2065001293,499357.61822596926,2014-01-01,1703630.778138544,3487166.6882757493,1945543.921643439,9690.399991195593
ethiopia,160907.1683181312,163171.34399553743,2014-01-01,31089.954773369915,41667.862683479296,491008.9291854284,1033.3709645898305
guinea,6551.257242267701,13911.602853665738,2014-01-01,3349.9048979380486,15051.17567099223,23411.34988077894,335.9296717653187
nigeria,307098.81591956463,372830.5040367654,2014-01-01,24934.443324466472,43313.19358721331,347546.23280709994,7897.640649523591
new_zealand,1480.1162641363358,1555.8939853419738,2014-01-01,100700.75492656376,111564.98983363382,90024.06550553415,1108.5193756291053
uruguay,4409.40190564124,4528.814403774081,2014-01-01,6179.564920691047,7552.128115749573,105997.30540116926,1078.949112265321
india,1937535.9772198729,1994441.9398205809,2014-01-01,302023.5652129535,426426.7462706595,253687.73809635383,35226.25022447408
iran,71156.60029198643,71282.14520198641,2014-01-01,10317.865139000018,16099.68763418322,341715.16704376624,8252.12564057108
conus_ak,1370940.720064283,1487259.249009984,2014-01-01,1307153.9868185455,2554980.2682071608,2902457.888126204,133677.39531715642
hungary,56206.27313128483,58126.095782324,2014-01-01,10708.302862494354,13953.645460830558,9666.34557584645,3585.368239912622
united_arab_emirates,1.995987984375,1.995987984375,2014-01-01,0,0,230.9628814326594,541.7775061186277
croatia,9237.116432052524,10371.443113068948,2014-01-01,16667.669752083715,24505.00123077019,7540.594450496144,648.0594681251844
germany,124839.78351386447,139343.85497560678,2014-01-01,86693.11720576178,100611.4663445967,31098.594430713485,25138.367618401415
bosnia_and_herzegovina,4320.3262185277645,6945.498457297863,2014-01-01,17836.661365645155,30421.952061434786,5877.4303680785515,379.376735530576
slovakia,15625.85416853076,15815.245682091603,2014-01-01,20641.56675126149,24386.151323854803,3066.91312865919,1687.6149988202203
netherlands,7363.663789389885,12043.073238744231,2014-01-01,2032.8063126612128,2152.358648058639,5242.567408065683,4689.956227604293
afghanistan,18676.17319431594,18676.17319431594,2014-01-01,186.4894461562499,629.0291390564955,247862.97785245595,906.77609249277
iraq,45449.18461906536,45571.63453097161,2014-01-01,0,0,62498.91147897582,3668.5207756632926
georgia,2291.3502968208913,2322.6489913677656,2014-01-01,22979.71090373637,32664.888367427546,24840.13490249835,856.7996729489585
rwanda,4887.866231271189,11275.630578603805,2014-01-01,1281.5838850927703,1396.1384829294716,6876.64402896685,111.56449951188752
ukraine,366177.18136501254,385766.4250784089,2014-01-01,59003.11022631173,84630.68882830109,37278.77019311892,10284.415066573034
czech_republic,33365.6165203287,36103.167878526496,2014-01-01,23221.384646961164,27427.261603457893,4111.824782438172,3430.7621778444877
israel,4841.715933369429,4841.715933369429,2014-01-01,15.490781296874996,22.486542484375,3684.572523857294,1094.873126120894
saudi_arabia,3762.917922897422,3762.917922897422,2014-01-01,0,0,19584.481326018824,4563.873897343869
syria,39054.70191444499,39828.92216018641,2014-01-01,87.1184907443627,140.44844617598042,8318.770302278,2649.602498236154
romania,100678.0330897397,104189.9446307286,2014-01-01,57844.69614981956,80322.23288906638,16705.35993641569,5320.837259246751
moldova,28038.29276859102,28589.831949821837,2014-01-01,1169.4168305354783,1394.6555058276344,1219.080240650551,1012.9316648679531
burundi,6697.051529751537,12434.426837236775,2014-01-01,397.6835200101712,476.72863669417853,5304.240429762367,78.15288171875005
kazakhstan,133815.8236336237,134100.53904941032,2014-01-01,10003.672549880945,18140.945015252742,2302934.6543726684,3585.465724208153
sri_lanka,3325.3493480218763,9652.879353366408,2014-01-01,8247.566481030064,31716.127760780237,4749.08781622965,414.3827352865813
angola,3271.0654455200297,5087.56165625085,2014-01-01,120808.29927740584,332586.4936616637,417705.85977885267,976.4580825886028
azerbaijan,22646.861530275055,22723.212251728182,2014-01-01,3344.3510398692392,6234.687190661525,47097.05915421647,2063.919671250917
denmark,25375.924266358343,29808.853653959763,2014-01-01,2099.627560684619,2136.719172923712,1214.861716260845,844.6416081557601
tanzania,16690.621675844664,20724.642828586653,2014-01-01,75054.14764726533,94859.6719104463,385820.8972801103,1068.8894973510407
sweden,13019.836867427664,14511.084299043365,2014-01-01,149356.81685248506,320835.05428838934,23757.97034316697,1375.4054006983458
montenegro,24.267094613112747,37.434476032107845,2014-01-01,2323.3172183758593,5579.0524659042285,3478.585161752878,95.74583944129904
morocco,76660.75717935072,76735.49035855384,2014-01-01,1201.6495770352333,2579.6097102063713,59125.30648865808,1906.8388846295345
eswatini,646.1813231407475,651.9205554688724,2014-01-01,1260.227332792647,1719.6588751286156,9495.749610004896,29.446777796875
zambia,3896.8411206121345,3934.93629369026,2014-01-01,108819.91666967548,208211.92885866092,195742.82165526468,867.6938530228562
algeria,60294.22430708704,60429.07233557205,2014-01-01,3981.792544734323,7305.088925027355,47041.743842648335,2979.652495254351
tunisia,26130.344537883833,26178.29911577384,2014-01-01,879.1670492985913,1482.652491976594,9584.34831435216,1231.789937140809
albania,2483.272940818013,2876.737541900858,2014-01-01,1145.1496980172794,2952.7620771843135,9286.042953982407,222.30927841305152
lesotho,747.1475118717552,770.1170771373801,2014-01-01,0,0.749133203125,27081.891311679476,74.90304376207108
uganda,26329.53299859105,95412.37553010062,2014-01-01,6947.526343879285,15807.27876299647,32161.761946907922,508.2207146718741
guyana,1541.3056965556364,2100.346218529221,2014-01-01,182699.43040000056,190034.3615884128,12974.70499204878,143.07511162542906
eritrea,3540.47982894632,3579.8367962431953,2014-01-01,0.249123859375,0.249123859375,41518.3118349415,81.3541693019608
argentina,352598.4596846926,356592.84034181834,2014-01-01,109051.29942505312,201116.2073748452,883293.9865081359,17355.59258790669
paraguay,14439.870551804048,29056.729116095623,2014-01-01,25848.965260713532,83313.34779920169,30264.750333023738,1409.8642076318006
spain,133958.51037179405,135787.62491592215,2014-01-01,36067.230073657774,97859.40480407848,130934.13425545263,5324.898933539579
tajikistan,7264.963625558087,7264.963625558087,2014-01-01,2.236350015992647,2.236350015992647,63157.77881334616,1274.5743138044743
libya,10706.74371916925,10707.4932424505,2014-01-01,0,0.49972515625,7954.534804062435,1328.2262322732838
kosovo,2030.2166509106,2109.8479392856007,2014-01-01,1424.0341661645834,3758.902067768436,2229.2521184078414,129.84159423302697
south_africa,66552.64621511166,68284.69039346866,2014-01-01,21085.172623352628,33206.38414244644,562512.0296100031,9726.31748215792
republic_of_macedonia,3129.832490699449,3145.0165438888484,2014-01-01,3846.911248979961,8139.8038918386565,9323.554170752255,386.4460641866422
bulgaria,40591.66036105759,41214.80638221648,2014-01-01,25640.864381699517,40546.542776882,18600.027877696873,2540.0013130438097
kyrgyzstan,12144.411735131433,12165.941337162682,2014-01-01,250.37244062199755,558.4816208786766,145002.61672278593,1813.1845857809424
italy,99345.41199050068,111875.60138167688,2014-01-01,50032.191887891175,85536.21668488724,33319.62255805551,14125.96921820539
madagascar,3549.3014285470044,3842.329569281379,2014-01-01,64037.63734270896,118403.35561962392,383773.6127057075,252.33551485563729
brazil,286275.3406438943,369912.1789312874,2014-01-01,3584264.340030534,3972491.758150503,1806113.3758242617,39234.22137767029
greece,27739.6242362081,29485.370148179773,2014-01-01,17179.928922031562,35313.9692941468,28169.486264431176,1875.2084934240827
turkey,213441.71291225657,218141.7498250596,2014-01-01,44383.32758483903,85940.17174476995,380844.1190339492,8997.83782328247
portugal,13206.434509899653,14403.9520568529,2014-01-01,7985.968760278688,23240.51363611996,20349.339822658083,1205.290604241604
peru,10917.048419946314,11619.028746883809,2014-01-01,722470.3961688392,757590.3871511642,320192.00669191004,4705.767782203858
bolivia,21837.05679532671,22820.49902115484,2014-01-01,494750.0570636527,573272.6501218374,164593.98607992262,2007.1663214016555
namibia,801.420138310722,858.4839306388467,2014-01-01,3.737995359375,4.236404375,222400.0818420967,273.3852991552084
malawi,26108.21277398754,26686.651207668223,2014-01-01,7266.781011727686,10337.864057653303,34736.10416197951,175.34106764693647
mozambique,7078.488562842212,7543.442111210227,2014-01-01,109677.77895927044,167025.87749356736,174866.0383653268,1083.8733905383574
egypt,28590.94610799486,29403.765617391917,2014-01-01,0,21.228453375,7237.956276146874,4331.1625248593155
zimbabwe,19500.721557967023,19554.91675177524,2014-01-01,3940.628492552633,5902.851572864202,300787.50122677506,536.0794832968747
east_timor,434.4962787992036,458.2846898839463,2014-01-01,2253.991932640316,5701.251321920403,1013.8412799859676,38.6335479012255
senegal,20630.41558463436,20783.61234450936,2014-01-01,203.4681401411152,208.8942179479167,161230.89484109124,562.0768148335784
mauritania,59.029361840931365,59.029361840931365,2014-01-01,0,0,170312.71075856467,151.17599853314948
chad,106222.64880699056,107543.1829989846,2014-01-01,5998.48451251919,6001.223226284815,433231.16084196744,307.2660507812499
taiwan,3416.278925718317,5440.684662209919,2014-01-01,20214.526261748553,22513.51802515659,568.3108632992648,3069.919883904599
mali,18914.219540988364,18961.891801043937,2014-01-01,7.556760272671569,15.273878296875,474493.05893896247,468.9138685014703
switzerland,2349.4616322392817,3409.563851274509,2014-01-01,7974.4581914258015,13261.54808582763,12179.227470551716,1327.000422748652
suriname,313.4815695689336,315.4729104439338,2014-01-01,136789.88264765657,138212.310612884,1550.3991047153186,121.7194222031248
australia,302327.9766413031,303247.0886988566,2014-01-01,253162.13284512123,388999.3494426372,1777230.27093597,10200.577336398092
botswana,27.716066127083316,27.716066127083316,2014-01-01,10.221378156249996,14.2094954375,355706.2604534221,453.8974534911152
french_guiana,7.716358843749998,7.716358843749998,2014-01-01,80645.22228256363,81691.13888698048,192.9789666627452,62.29627564724265
indonesia,46580.588671713915,123127.4161729468,2014-01-01,1154278.685181627,1511540.7373391509,41515.91275640561,13442.873700624144
armenia,3682.0802699993264,3682.580928811826,2014-01-01,1500.72069993223,2354.189141253495,20438.563738319965,868.0495041895224
papua_new_guinea,303.3208251553306,1248.2472133126228,2014-01-01,386203.47375054384,418145.8225266508,7257.703966558152,204.43888307818625
serbia,26336.826507950045,36106.86246023406,2014-01-01,12783.99663855129,29140.717187029622,1762.4799403814338,1783.927422351226
oman,121.03951260055136,121.03951260055136,2014-01-01,0,0,4512.7467599018955,296.7713974816177
lebanon,2291.7223004737166,2293.971820176841,2014-01-01,57.735236609374994,100.22362517187491,3809.117224643877,428.14039505863923
slovenia,1227.8463062327826,2049.0737543129903,2014-01-01,10594.486258889045,14489.661380286392,930.0482940120096,368.33501386078416
ecuador,3559.987092751334,9309.4784827826,2014-01-01,123959.89676660216,151817.39672854324,20580.43450896571,2659.300529976773
ivory_coast,121.1655241458946,7884.945990223234,2014-01-01,8424.856889439583,42145.41474084477,40340.84683220855,1706.3201832705888
central_african_republic,934.0097789982228,969.855509701348,2014-01-01,236495.5474371072,275223.4192225564,41111.02054507339,291.5213168695466
south_sudan,20974.5349701104,20986.91281101861,2014-01-01,11233.797954106189,13768.44981059749,252980.91301653808,83.88098654595592
ghana,20855.81117797799,31456.85577227554,2014-01-01,9133.341652161458,33003.18447294596,93602.10922779916,2634.6012540302636
togo,3398.573607017406,3849.368165366915,2014-01-01,88.90247560876226,799.300214061764,27465.015441963707,437.4184411134808
cameroon,56555.7020770403,69001.63591300626,2014-01-01,207749.8409822058,245682.04980407513,13314.771860496903,871.6110684486516
benin,43648.14955341166,52081.190476545955,2014-01-01,114.4789751428309,118.55659330134806,37801.24759523004,621.4181552299036
sudan,72510.36637621484,73221.46575710081,2014-01-01,62.09862764436273,65.78260547579654,652174.0362248588,2966.0665217949186
niger,23021.078698740155,72308.19807865097,2014-01-01,0,0,226818.1157993143,472.79909191599296
burkina_faso,17606.319691360535,19044.455321758815,2014-01-01,0.249007765625,0.249007765625,251575.42297561964,379.7187813490808
cayman_islands,2.8590099878676467,2.8590099878676467,2014-01-01,34.77937250943627,52.17228623719361,8.281890618321077,16.505031442708344
british_virgin_islands,0,0,2015-01-01,15.371274645036763,33.01869939368877,11.209081611029411,1.2460789062500002
montserrat,2.242427453125,2.242427453125,2015-01-01,16.09667403394608,27.353786584313752,29.71051890539217,2.8345442230392157
poland,139810.96867479218,146766.22874964765,2015-01-01,75022.94094498531,96930.69177919492,26801.28188090244,8229.907693432733
guadeloupe,111.13585268284316,302.37719593553885,2015-01-01,677.9012170698537,1272.3490718538,519.2029195441798,68.58740853560049
saint_kitts_and_nevis,1.7197852567401959,1.7197852567401959,2015-01-01,70.0579162150735,90.8704531008578,48.21792594662986,5.570827462071078
barbados,78.96411560110289,78.96411560110289,2015-01-01,9.464157234375,11.705672062500003,210.2239736482235,21.27121212414215
myanmar,134688.9157223386,135986.93552587452,2015-01-01,331793.62192842126,441761.1097966125,37700.797012228286,1531.0899717642758
japan,24685.883712007457,35088.50182310824,2015-01-01,234471.02907788815,260359.7144321225,16366.516625210832,28803.367345562074
trinidad_and_tobago,19.670553281249997,25.148282343749997,2015-01-01,2580.407198424815,3380.418320599687,577.0292730916061,360.4666894634802
luxembourg,425.6420513410545,609.016772719976,2015-01-01,555.6278251162993,799.7775158363356,303.36563845496323,163.1721616259804
iceland,1.006351671875,1.006351671875,2015-01-01,27.457128145955885,29.218887349080877,55103.30962580134,47.12185164087009
cambodia,48396.72120220336,50322.298177453624,2015-01-01,51689.79573412733,65289.86301715863,21155.9862930503,421.96210907757353
guinea-bissau,65.69613011562502,65.69613011562502,2015-01-01,2450.5882040037372,3220.0457683786753,2183.9944430743262,41.289614208884785
jamaica,396.3540115813117,560.3021163969363,2015-01-01,3665.8353923617137,8526.011363267464,437.5262377520221,357.95120222138513
puerto_rico,460.9312227656255,646.9290424347439,2015-01-01,2187.1563800310623,5900.8559656520165,419.351238843995,1163.6574395357252
south_korea,17272.27479849927,18585.626434124024,2015-01-01,43603.920824429675,64305.50407042993,3866.332494984864,5058.6603163185
dominican_republic,2112.8658024609695,3685.8170045339994,2015-01-01,7145.922283002266,23967.201052882952,3634.9909093575384,754.6176142119482
cuba,11291.63472929394,33771.653176838634,2015-01-01,22666.940921296453,38189.51502719668,2462.3820636191185,665.0106196962624
laos,4144.733885591667,4229.72128794614,2015-01-01,137291.8795803433,189748.15925600592,18013.912434412505,177.53365934399525
panama,282.056350336152,334.834844711152,2015-01-01,33122.41605594057,47477.881216925205,2521.4485356267764,412.3814214433827
the_bahamas,0.49892546875,0.49892546875,2015-01-01,1371.9685369270835,2281.4356134473646,2783.8750014064235,79.1769176761029
liberia,16.1811969375,208.20449603645855,2015-01-01,43917.9118747845,91390.784414052,236.07900370330873,200.48444816973057
bangladesh,66162.7806936078,87048.55945390843,2015-01-01,4303.622396078612,12942.539745142156,3067.046251201715,1032.9762129219357
honduras,1933.0966092691804,2161.1596347094373,2015-01-01,31340.50666643499,80111.7161847854,4382.64216587635,266.2502388464461
nepal,21152.05369264634,22180.93223043237,2015-01-01,37751.8275852316,66923.94565364937,24863.97184053787,304.0520448051471
colombia,1756.9751675406262,7109.053899630387,2015-01-01,587134.3797189739,726953.5546448204,89159.9635316172,4116.187585312438
sierra_leone,287.86345118707106,5356.366640749454,2015-01-01,2007.107481234986,33498.51693940333,655.0929400719974,175.34317867052695
thailand,203227.9301658648,213257.08151301887,2015-01-01,113121.07562707136,197565.26925769885,34560.95044347789,5616.940183299079
chile,4594.176732448344,7559.985424010854,2015-01-01,157537.42334249843,187108.35512630263,95696.64245464736,4146.903270600001
philippines,20432.25958524025,48023.70851361584,2015-01-01,91574.85085581284,165456.26271722832,14275.146291324749,3085.1987912578456
vietnam,46288.30009387224,67995.50367032699,2015-01-01,89861.57827763064,153879.310783356,17501.69283784112,5019.534718430819
bhutan,115.19367169920338,133.57336045042896,2015-01-01,27891.413236575183,29882.89390298823,5730.264580283015,20.503961290134804
equatorial_guinea,9.004139144975486,12.239769754350483,2015-01-01,19840.97063744434,25323.929261702557,105.89120359197312,44.32712981580883
nicaragua,3526.3564969382383,4296.866076038853,2015-01-01,24186.37683502352,63677.557193854904,4871.940891945896,196.28699085269608
latvia,8086.643620200263,10478.18643904831,2015-01-01,23889.057959527952,41001.79749561961,3921.231230048224,222.2915770851714
brunei,0,0,2015-01-01,4585.677873727009,4845.362142464876,186.7941834303308,209.21804983229163
united_kingdom,52148.63474193747,65583.36278762521,2015-01-01,14201.310821791902,16653.109181089098,48368.491289661666,9466.409202101722
finland,298.288555460478,298.288555460478,2015-01-01,96961.4946478711,248822.1063294683,11814.046495151597,578.8231191418505
belize,45.63326697377451,67.27256959932599,2015-01-01,14322.109547818369,17435.754647923026,2001.970693236765,12.011753702757357
ireland,2684.1118092963266,5215.001545995222,2015-01-01,5517.022930983268,6384.508628745033,23668.710106440056,368.5011762025099
norway,1654.3418085602943,1877.874821745772,2015-01-01,48627.93168707458,95780.33431582538,120301.8745643219,412.87843259803935
haiti,6233.374170930143,9389.483506424858,2015-01-01,224.28384148805145,3434.5056589113415,3307.6452849809452,355.6158682327819
venezuela,8325.96714522521,9209.748538713262,2015-01-01,417661.6523562718,489675.7582554027,195667.36853602735,5208.538170506619
el_salvador,1324.8435996960177,3529.1237547168516,2015-01-01,1732.501036063604,6872.702783368876,320.77491091053923,188.29363988511048
costa_rica,506.3218175587015,521.2613154180765,2015-01-01,19376.94253053545,40677.095235632885,2771.4586302009193,450.8835856461399
gambia,4473.993220303308,4481.714015975183,2015-01-01,0,0,4809.148005155707,88.49304835716912
guatemala,3046.840714633458,6197.934003889274,2015-01-01,34322.47224742365,72982.75232414743,4360.01481680876,388.38554541507426
malaysia,3080.3234893537374,5656.885662236145,2015-01-01,216476.19278311945,289239.952597225,11880.034795301044,4550.620964674769
north_korea,32733.25574345096,34196.084970469645,2015-01-01,55373.002845096584,70637.86579763057,8645.267314404839,1840.2029842618265
mexico,124726.1211139044,144970.419491174,2015-01-01,259953.39016688024,477263.05429254373,484803.8305879832,9530.392184567676
belgium,10529.5078567394,12536.297870881324,2015-01-01,5032.3795002796605,5858.130919742903,2449.2464501366417,3445.9783804033077
estonia,4247.689848297363,4879.856091125303,2015-01-01,17978.828430108755,30376.71635782371,3249.2368611803313,187.30842542052704
lithuania,19722.67135254975,20969.12362310287,2015-01-01,15660.713855686085,22533.41146268751,9055.52486885392,364.7489008025124
yemen,3216.3199131171004,3227.280794288976,2015-01-01,0,0,26831.597358773244,838.6631869912378
djibouti,0,0,2015-01-01,0,0,5182.767630703429,17.643950066850493
qatar,0.4989574375,0.4989574375,2015-01-01,0,0,13.721979500000002,352.9397316659318
somalia,639.4073561148897,671.9515919072916,2015-01-01,0,0.746653140625,252308.4345596079,250.93962696158087
kenya,17202.81266140259,34169.56294880038,2015-01-01,7091.640671554771,11357.939854771868,410354.1781602985,524.9705624431996
uzbekistan,47689.97932098737,47689.97932098737,2015-01-01,0,0,180126.6860880484,10638.681287448524
china,1216720.4082071236,1446609.382366018,2015-01-01,938939.8828612576,1812786.2184935403,2793089.2938497243,133278.58529204404
belarus,56310.593247864774,59079.35235063841,2015-01-01,65235.08991088488,100626.77367777802,22799.347871140297,1429.8679176750588
pakistan,175313.61215076118,176598.19425413336,2015-01-01,1654.208140261766,5710.330119728006,115267.85569089612,6414.802038238913
somaliland,0.248994390625,0.248994390625,2015-01-01,33.61539374999998,51.045601640625,13690.84659256227,78.79551255355392
jordan,2343.437741787377,2343.937419709252,2015-01-01,0.24982709375,0.4996610625,1172.4705420666055,813.8215030002452
mongolia,358.399908957843,358.399908957843,2015-01-01,13718.338607964388,38988.102709641265,996215.1823937593,991.2729641795958
turkmenistan,14739.414526037684,14739.414526037684,2015-01-01,0,0,92968.1279057453,1685.187787524021
russia,1081909.0631707034,1170593.5808422402,2015-01-01,3815664.7792185824,6591730.1989151975,2306718.5341284904,29803.01625373561
france,178998.26939176716,236888.92893873164,2015-01-01,76427.81611481369,136655.90630689956,39077.62419450135,12939.463772030773
republic_of_the_congo,30.61452892187501,239.93865151562505,2015-01-01,216624.47755265175,240512.64637987356,42204.39347706844,544.6954566905642
palestine,1812.3483752507989,1823.0913145632985,2015-01-01,0,0,2043.7349440833368,344.40080860919136
democratic_republic_of_the_congo,400.2052758275735,1180.3634552289222,2015-01-01,1269097.1721201271,1613294.351581453,63084.22354252703,2784.933537390565
austria,13653.934518362365,14833.572410841954,2015-01-01,31850.487654580375,45632.35820808103,12640.082260021134,2086.7541818815575
gabon,2.73774565625,49.52847153125,2015-01-01,208084.48147198424,239695.40069048,9946.569234732951,293.53385517015926
canada,477884.3389697274,497561.9502254852,2015-01-01,1694431.500559775,3483771.7753176834,1952766.8030765783,9741.550693867468
ethiopia,159488.81673769414,161794.32397396004,2015-01-01,30469.562092057186,41295.90684511969,491885.7979009984,1038.1101490938745
guinea,6666.708298763352,14305.430186002071,2015-01-01,3409.9449276060636,15101.95620421319,23555.578320897428,337.17456398406864
nigeria,310056.9547032186,376654.5464233744,2015-01-01,24548.538147969288,42799.88139812848,345907.24932638335,8060.649730078985
new_zealand,1567.4920562001837,1643.2698889058215,2015-01-01,100381.99009679424,111288.51404457596,90347.11408294996,1109.5198101134804
uruguay,4695.291159620281,4814.703471128126,2015-01-01,6025.508108256677,7487.949735504842,107620.52789866547,1079.698987390321
india,1930083.5540589031,1989526.8174622804,2015-01-01,301197.9672053379,424496.65658965515,259065.44416639223,35362.64844868625
iran,72475.92990866775,72624.98639258964,2015-01-01,10429.875770354189,16101.19300304259,340237.8901892585,8273.377291789831
conus_ak,1369469.40175051,1490123.2757215286,2015-01-01,1307120.8701936435,2558769.938121379,2897677.3049513977,133953.69392142593
hungary,55526.205765874925,57592.15196522557,2015-01-01,10787.25962390654,14018.61831892621,9681.32361977034,3586.678734600305
united_arab_emirates,1.995987984375,1.995987984375,2015-01-01,0,0,241.63893243437505,544.7653335866426
croatia,8866.013101314902,10226.150225601608,2015-01-01,16669.855133185672,24758.482882811495,7264.240645894489,648.8112370314343
germany,124438.97678476208,139811.72852851186,2015-01-01,87296.3045159427,101600.09695394264,30939.966791961513,25152.415792979547
bosnia_and_herzegovina,3945.9883940198606,6827.080873220044,2015-01-01,17966.303365062624,30654.322363362666,5738.721995092276,379.376735530576
slovakia,15598.445698766178,15806.67048776422,2015-01-01,20531.96266066547,24433.035286569735,3042.10338467794,1690.0654923200364
netherlands,7267.11703359564,12108.439630861752,2015-01-01,2128.1981863937494,2233.1023999008576,5354.779461389705,4695.226612057419
afghanistan,19179.188971457985,19179.188971457985,2015-01-01,190.48921132812487,640.8617430670346,247426.49044634745,908.2543849266548
iraq,46971.42705087474,47085.37947237475,2015-01-01,0,0,63121.5884521128,3686.765227928918
georgia,2770.99865852365,2806.3034062267748,2015-01-01,23046.789519481183,32937.883966866204,24113.28255807176,857.5508023552086
rwanda,5312.4742282242705,11552.1706876095,2015-01-01,1298.4379792582724,1405.543504690562,6770.548580424825,112.80892738688752
ukraine,369578.47405258566,387381.75126980967,2015-01-01,59265.77814316518,84070.35613305747,37537.86109152712,10293.644069298036
czech_republic,33440.56318562355,36254.78550972696,2015-01-01,23178.220252483225,27669.668340076892,4059.395927628737,3431.7654484226127
israel,4916.646588598595,4916.646588598595,2015-01-01,15.240988874999998,21.7370565,3686.133330328679,1098.3707250896437
saudi_arabia,3714.496061569296,3714.496061569296,2015-01-01,0,0,19684.929218101646,4572.697269310291
syria,39367.218538339344,40177.44277050649,2015-01-01,79.86837350998773,131.4479718009804,8697.35666973327,2654.390462673654
romania,100119.15200525252,103558.03952741396,2015-01-01,58088.1576443729,80794.8550159723,16402.235087777324,5327.352727918625
moldova,27954.516562951987,28468.552084473067,2015-01-01,1166.7397697134809,1350.897937446017,1313.310022414645,1013.182324383578
burundi,7049.056100219738,12545.038792395417,2015-01-01,410.1280963226709,480.46205610042847,5354.215979720331,78.40177554687506
kazakhstan,136370.59731951624,136799.5198633719,2015-01-01,10136.83262222218,18767.505122178292,2302125.6308625434,3594.736811700615
sri_lanka,3385.5565047720606,9734.613404058378,2015-01-01,8661.457395801566,31754.706390200023,4650.536545370456,420.60600466158127
angola,3218.0394864891477,5010.63370639748,2015-01-01,123136.48623337068,330177.7265569994,419758.67872531497,981.9356231042278
azerbaijan,24734.041968753252,24820.155392440745,2015-01-01,3277.689040434252,6255.588612932359,44884.204683451586,2069.676437829042
denmark,25405.061805708083,29821.09063653758,2015-01-01,2208.326002228431,2243.9861740626825,1247.9087999533083,847.6556252495101
tanzania,16875.905241661458,20655.706249740117,2015-01-01,77535.44530987473,96578.81751341648,388097.02688037447,1078.3401591631732
sweden,13075.088101595138,14595.671045508923,2015-01-01,150038.61564441925,318715.00958546594,24105.84827259625,1379.427057713971
montenegro,24.886782761887257,40.2570714026348,2015-01-01,2345.8090305352953,5616.727625152754,3448.879257692707,95.74583944129904
morocco,75377.88652247733,75461.36596952421,2015-01-01,1162.9570881602328,2503.879546659496,59193.41305998509,1917.519178336397
eswatini,659.0682376889706,664.5579379702205,2015-01-01,1012.3468566463232,1445.1120566933828,9711.19579479154,29.446777796875
zambia,4171.745876016421,4210.339024563295,2015-01-01,111529.11165565909,208271.8877637963,197985.0787977254,874.6679859447311
algeria,59327.86843875446,59470.46877380194,2015-01-01,3879.51635686545,7184.67824256479,46990.24326964772,2986.1538758481006
tunisia,25612.01452866299,25666.22077656862,2015-01-01,865.6936232512261,1462.730820378678,9532.163379392354,1235.0401960783088
albania,2356.685328184434,2822.8679505670952,2015-01-01,1207.643207944914,3049.926652720404,9093.391019249624,223.0601663661765
lesotho,710.1937964998799,729.4183605780049,2015-01-01,0,0.749133203125,27048.983992608217,75.65209757457109
uganda,27271.762342036596,95991.39692287818,2015-01-01,6877.811200592402,15382.561830828376,32081.03118772931,512.700602124999
guyana,1600.324515418442,2130.847317089392,2015-01-01,182452.6554051879,189944.5813110707,13099.574324934689,143.32404028167906
eritrea,3325.7459363258513,3367.0956099821,2015-01-01,0.49824771875,0.49824771875,41510.00270650062,81.60331475508579
argentina,350367.76943968533,354810.0423544629,2015-01-01,113771.74686970533,204181.65535686837,889169.576104253,17359.59203439107
paraguay,14499.945459003002,29358.794393812615,2015-01-01,26980.306283464743,85042.05645205369,30435.506871886755,1410.1136951786757
spain,134097.04351134924,135990.7361953962,2015-01-01,35808.0270745216,98323.9900558773,130009.72946337356,5333.418149914091
tajikistan,7696.902887980268,7696.902887980268,2015-01-01,1.735894797242647,1.735894797242647,62726.802673025624,1278.5997404955897
libya,10741.040188953437,10741.789712234686,2015-01-01,0,0.49972515625,7984.452509536087,1330.724270976409
kosovo,1965.1798628382355,2049.8194059319853,2015-01-01,1428.0501615419732,3826.6275210055687,2212.4326443799614,129.84159423302697
south_africa,65723.93167695303,67398.95587817264,2015-01-01,19988.437552164334,32067.99405870476,558814.6375787935,9763.539368471336
republic_of_macedonia,3030.2196909931404,3049.9760462406903,2015-01-01,3879.9862586653762,8322.397892049867,9175.178099133624,386.94682384289223
bulgaria,40399.31560878077,41037.53365928582,2015-01-01,25594.355306720907,40767.87919358892,18590.9764487525,2541.0030042156855
kyrgyzstan,12912.890498306242,12939.427441759366,2015-01-01,254.13044791887253,589.5293085974265,144188.69852796235,1819.230158933639
italy,97892.56879702445,111415.63742124662,2015-01-01,50522.85172608651,86326.4981814855,32761.04497613256,14141.997008331244
madagascar,3676.4736396691846,3979.228515356685,2015-01-01,63688.66568382329,117764.16097537611,384318.8317217055,252.5847488556373
brazil,290618.3774324401,374617.17880713515,2015-01-01,3577196.976488226,3963205.387036288,1838517.3461649723,39248.430215217166
greece,27072.43795393518,28950.818953518057,2015-01-01,17498.16218118168,35875.93274069482,28164.367302634273,1876.2090644553325
turkey,215431.6749173399,220452.0399036582,2015-01-01,44253.98216595711,86367.48838876408,377976.9307180011,9025.892027108644
portugal,13298.114243100756,14559.457094413376,2015-01-01,7936.849488304362,23541.711470702867,20231.442401316344,1206.792082491604
peru,11214.774444492645,11907.297968570769,2015-01-01,722638.2002566701,757379.7491294127,320447.27807352995,4710.49975451636
bolivia,21925.719949201153,22931.337553982416,2015-01-01,493628.98734789167,571765.149029144,165225.68856545785,2010.1564553547803
namibia,765.5899553075978,826.3915610263477,2015-01-01,1.4952092812500002,2.741297125,216151.05185791224,273.63467292083334
malawi,26255.090996693467,26800.59653168263,2015-01-01,7224.35791502695,10153.159014794608,35208.964748143604,176.58646580318648
mozambique,7237.047957429407,7652.971525522182,2015-01-01,107844.22133323748,165634.37807381086,181978.05260600185,1089.6097703039825
egypt,28593.182662948013,29430.867926166753,2015-01-01,0,28.22135809375,7311.86954403762,4363.869275484313
zimbabwe,19393.396027118935,19445.84667344277,2015-01-01,3904.209997754351,6308.340782728849,301560.09208656824,539.7814501865806
east_timor,464.11388160686295,492.58872834368896,2015-01-01,2366.8371416340046,5769.27813692543,1012.9438604590072,39.32966149025736
senegal,22531.017860883418,22669.269222289666,2015-01-01,182.8774157201594,188.5544868496324,159552.9388651539,562.3943062628064
mauritania,74.88777788609066,74.88777788609066,2015-01-01,0,0,171313.41291946502,151.8542807408701
chad,105041.50742619076,106399.21458538144,2015-01-01,5956.553108331693,5958.544880691069,434048.9094666515,307.26605078124993
taiwan,3478.5757375867015,5464.511719023829,2015-01-01,20313.940052750644,22526.03183615592,570.153934565625,3074.659130998349
mali,20037.74195266775,20084.484320125965,2015-01-01,7.967957546875001,13.147240718750002,474454.6494038935,470.9061978452202
switzerland,2335.2783472743304,3455.122340261948,2015-01-01,7997.457811894919,13446.6082434041,12000.355891083029,1329.7578872486515
suriname,323.9409679344362,325.185556856311,2015-01-01,136749.39284470974,138167.37542957676,1595.0085411746938,122.46616957812482
australia,315968.08184616116,316917.3738502459,2015-01-01,253697.29311612493,388950.9239168167,1759048.157222488,10218.31981210122
botswana,31.99720038492646,31.99720038492646,2015-01-01,8.973889484375,12.214243765625,346584.3797772095,457.6381312723652
french_guiana,7.965272859374998,7.965272859374998,2015-01-01,80621.74634853676,81652.84715164667,202.19240222916685,62.29627564724265
indonesia,47623.68636570372,123570.20459599016,2015-01-01,1154499.2634397012,1510241.734031857,43639.76762106479,13517.176114127396
armenia,3649.82904252402,3650.58001377402,2015-01-01,1504.1318726273282,2371.7170493487165,20438.067792944657,874.3063564395223
papua_new_guinea,345.4141209320461,1270.1504664083943,2015-01-01,385764.9880302551,417584.9555407576,7740.910991526042,204.68785467193624
serbia,25737.443767163084,35920.312332261514,2015-01-01,12898.31932772536,29437.70412385714,1711.216666173284,1784.1779255387255
oman,127.27269170520825,127.27269170520825,2015-01-01,0,0,4526.666078384309,298.01844865349267
lebanon,2312.698671553311,2314.9481799595615,2015-01-01,54.236137890624995,90.47597428124998,3816.8793540154447,430.3897395898892
slovenia,1134.8166759614571,2017.7311885786764,2015-01-01,10649.730826907971,14562.545410165189,864.0099376384186,368.33501386078416
ecuador,3468.6922920980246,8606.945292160173,2015-01-01,126380.8242607248,153606.32177802248,20964.749896095575,2664.7701641767726
ivory_coast,162.11876492107845,8241.077876561032,2015-01-01,7982.188198178241,41144.98908137128,40668.90765015392,1723.1096293140938
central_african_republic,887.0627818083941,922.659505136519,2015-01-01,235919.80357124915,274534.4367998383,41228.04605497952,292.26802329142157
south_sudan,19875.66913557013,19889.537774658973,2015-01-01,9732.072445524756,12289.08836401869,251569.43048175593,84.37879913970592
ghana,22218.99971853868,33171.70821876748,2015-01-01,8845.466899350182,31920.046191034675,93010.69129117264,2682.4887909034237
togo,3818.942455398165,4270.167067872,2015-01-01,90.82002792487746,795.3332436039206,27177.258806093418,440.9034377541058
cameroon,56483.58008616461,68881.0504312615,2015-01-01,208112.77795320723,246268.9189452826,13575.204045886228,880.8203753392764
benin,44273.54190306063,52548.37080994559,2015-01-01,118.75592522107846,119.34846897334562,37839.79832592451,634.1183810350508
sudan,69674.09464565436,70453.7064531153,2015-01-01,54.6722026889093,60.4105080735294,654120.4733285778,2974.037890669919
niger,22256.17209122319,71010.86148434857,2015-01-01,0,0,227358.3447346869,472.79909191599296
burkina_faso,18248.961944180686,19488.89052777339,2015-01-01,0.249007765625,0.249007765625,251088.6221067498,379.7187813490808
cayman_islands,2.0516487544730393,2.0516487544730393,2015-01-01,28.797435509436273,45.40937459448529,7.251653189522059,16.505031442708344
british_virgin_islands,0,0,2016-01-01,15.394728413235288,32.28277779203436,12.344749883210785,1.2460789062500002
montserrat,2.740747375,2.740747375,2016-01-01,16.39371251482843,27.650823768321104,28.997235841421567,2.8345442230392157
poland,139124.5451421104,146809.00269899282,2016-01-01,76239.27502464123,98487.8544019649,26353.123929882393,8240.58337044854
guadeloupe,102.10263801599268,302.5319154075366,2016-01-01,680.6039365463855,1293.850279146936,509.31154869007446,68.58740853560049
saint_kitts_and_nevis,2.6891297885416665,2.6891297885416665,2016-01-01,68.58532448811272,90.12192743970586,43.45624518707106,5.570827462071078
barbados,82.02998118903182,82.02998118903182,2016-01-01,9.962270796875002,11.954728906250002,205.41472366966968,21.27121212414215
myanmar,135222.1828671679,136571.6686702141,2016-01-01,331388.80687982886,441352.9629188847,37409.70117060236,1532.335991295526
japan,24433.568890297713,35212.395211265095,2016-01-01,234907.7060798568,260646.69164322116,16313.089462129095,28851.17893305999
trinidad_and_tobago,20.91551515625,27.887190375,2016-01-01,2579.098801837193,3361.8407579458885,595.5158225983466,360.4666894634801
luxembourg,419.03748468645887,616.1305932324761,2016-01-01,561.4027996302698,809.4744013395216,317.3549792387868,163.4229887509804
iceland,0.7547698593750001,0.7547698593750001,2016-01-01,41.44160515238971,45.2167509336397,55022.71356271952,47.12185164087009
cambodia,48936.435840159786,50900.11410838085,2016-01-01,51545.92708995967,64671.75452069765,21597.1393344125,425.6974415619485
guinea-bissau,74.83783286072304,74.83783286072304,2016-01-01,2399.014008834005,3143.4639885155616,2133.5286687218754,41.289614208884785
jamaica,390.343916522488,582.2023764006127,2016-01-01,3698.536852187754,8561.590654122547,398.996500721201,359.19721725263514
puerto_rico,439.2019264093141,641.1487773440577,2016-01-01,2238.1257779612097,5960.26195600183,398.06988822218136,1164.1558735513502
south_korea,17017.72540285239,18418.743574565877,2016-01-01,43831.511174542014,64261.34698885129,3859.9956763373166,5074.664211615376
dominican_republic,2187.456678149511,3868.303811212368,2016-01-01,7214.519561258212,24126.586253934547,3587.322037335482,755.6145412744481
cuba,10811.53733884804,33925.190715642224,2016-01-01,22618.280223992653,38186.239903428715,2416.6032337523898,665.5092337431373
laos,4234.654777164336,4335.018982866728,2016-01-01,138375.47330130555,189655.6815484538,17747.93188663473,178.2812602346202
panama,289.19485975631125,337.7410865063113,2016-01-01,33126.036731341424,47446.02803538295,2541.762349632414,413.87521030275775
the_bahamas,0.748406796875,0.748406796875,2016-01-01,1369.3911946871326,2283.5708975004286,2739.3031586095503,79.1769176761029
liberia,21.080022995281865,229.35578302561328,2016-01-01,43319.41555937811,91407.97899776782,238.56964185955889,204.825425643934
bangladesh,65467.98859640269,87056.21761934554,2016-01-01,4379.026735762804,13066.03225772206,3069.831046586213,1040.7084611563105
honduras,1942.402982195896,2187.6519741361526,2016-01-01,31275.946317805217,79570.07526134192,4522.640405629411,268.07128837800246
nepal,21124.04139352079,22221.00945566871,2016-01-01,37899.51243101907,66657.2336979968,24868.799569400453,305.05040177389714
colombia,1965.9521626996936,7333.829567111758,2016-01-01,587245.7659054513,727387.4762435016,92183.36517824224,4120.9172833280645
sierra_leone,319.98173155759804,5575.803573344125,2016-01-01,1966.849348680881,33230.29911839977,694.880681973223,175.84106946740195
thailand,204631.001584258,214723.50177735975,2016-01-01,114847.12863021344,198337.32396233347,32992.17656182349,5639.3456298041665
chile,4573.245949010841,7684.572044698347,2016-01-01,157959.59539328172,188349.9276702296,94706.1802036614,4158.133847490624
philippines,21268.21349936674,48632.14303532154,2016-01-01,91241.50767638993,164316.9010999072,14850.279306138,3090.1093212234705
vietnam,46288.8013921313,68534.64307884894,2016-01-01,90365.6667004178,153666.01708881656,17698.455509906427,5049.864738990745
bhutan,111.7808665696078,133.10051812512256,2016-01-01,27915.7850228386,29883.71416492059,5665.377668638902,20.503961290134804
equatorial_guinea,9.88454993480392,12.871293309803916,2016-01-01,19942.04926657892,25378.146841483984,95.62641525533094,44.7917161512255
nicaragua,3465.606764070284,4308.825774477887,2016-01-01,23954.995335550604,63663.29805463517,5062.703039581862,196.78507408707108
latvia,8025.8283323782,10653.30227268109,2016-01-01,24004.377342211515,40916.69759184283,4128.595590063238,222.2915770851714
brunei,0.24890578125,0.24890578125,2016-01-01,4577.790064200599,4837.364005386139,191.1095206514092,209.7158645197917
united_kingdom,51936.68988643255,65875.59270699097,2016-01-01,14596.299153484371,17015.907501094738,48713.77409760647,9479.134100438116
finland,370.941232796875,370.941232796875,2016-01-01,95789.65982738796,247671.02330080615,11963.268882074444,581.0864591731005
belize,48.974409502022056,75.37508654724265,2016-01-01,14252.199610757893,17332.633766337487,2034.1643689820469,12.011753702757357
ireland,2683.296090007295,5263.179583377025,2016-01-01,5787.247431719419,6571.042570497483,23632.717973875173,369.0031708431349
norway,1649.2467374609687,1898.3808606504904,2016-01-01,48525.907891646944,95835.65948987652,120038.5717756066,414.373836747059
haiti,6271.554473977012,9635.15259929146,2016-01-01,217.024001486397,3411.0500146694294,3197.4406219804564,357.85892949840695
venezuela,8320.194999165224,9243.19415565021,2016-01-01,417175.53480611666,488697.97703061806,197583.19432397772,5214.264700834744
el_salvador,1287.4775439311893,3580.142580090504,2016-01-01,1726.31593906918,6893.6663337796,314.5237127842524,188.29363988511048
costa_rica,491.8975025001229,505.8410377032478,2016-01-01,19473.052462239368,40769.203841727605,2815.8935623667294,451.3815480055149
gambia,4486.467065757598,4494.436927507597,2016-01-01,0,0,4775.379104317961,88.74211001341912
guatemala,3022.682516752024,6257.226721357473,2016-01-01,34417.227746722376,72452.38917272998,4512.3671992864565,391.6238110713244
malaysia,3176.7915475181367,5738.37660278811,2016-01-01,216013.5957901936,288726.49029396055,12369.726896306924,4570.03535598727
north_korea,32433.88578865167,34041.47506796554,2016-01-01,55437.45735517147,70564.179762417,8492.41122769154,1843.2578164431984
mexico,125720.44990939314,146603.9173848875,2016-01-01,260383.60598637507,477783.24429112376,485095.5986707689,9577.974718511296
belgium,10298.651201216182,12537.601768523784,2016-01-01,5057.540627542711,5884.264862137018,2479.5333440617633,3450.2438223876825
estonia,4144.05583343946,4918.8352082747515,2016-01-01,17936.076513351356,30405.847676997437,3281.8328397761634,187.559734936152
lithuania,19422.315054408384,20891.535953815805,2016-01-01,15817.018381964095,22651.70656238284,9304.757433027817,365.2512552712624
yemen,3335.511927591549,3346.9710622946736,2016-01-01,0,0,26849.97727651803,841.9014112568628
djibouti,0,0,2016-01-01,0,0,5199.931949065132,17.643950066850493
qatar,0.4989574375,0.4989574375,2016-01-01,0,0,13.472528781250002,353.4387135253068
somalia,576.9170363789827,609.2123834995097,2016-01-01,0,0.49776875,248504.00856010913,271.34926280533085
kenya,16893.95042977171,33935.23420435213,2016-01-01,7033.920658971499,11271.467781301946,408974.6589566139,527.4594629900746
uzbekistan,47916.60724620243,47916.60724620243,2016-01-01,0,0,181055.55799578936,10662.76822560355
china,1216289.6279862158,1454915.2827833858,2016-01-01,954053.6884766744,1817360.8207847332,2786830.257252472,134305.12583321412
belarus,54890.994598243386,58281.012760996295,2016-01-01,65710.27010108216,101030.54413270646,23674.698334199355,1432.3782657531838
pakistan,175305.93015767896,176687.55130407505,2016-01-01,1700.7827285257376,5692.956788797918,114790.82179191885,6432.787712317037
somaliland,0.248994390625,0.248994390625,2016-01-01,28.88434615624999,46.56358221875,13247.980616188715,79.17440209215684
jordan,2314.4545727715067,2315.2040846621317,2016-01-01,0,0.24983396875,1185.9459421740812,815.5702117658702
mongolia,422.93469497855375,422.93469497855375,2016-01-01,14839.059015019962,40426.0036537084,995645.389246166,991.2729641795956
turkmenistan,14628.938594512674,14628.938594512674,2016-01-01,0,0,93633.08121917142,1685.187787524021
russia,1081696.76335185,1179035.7188880628,2016-01-01,3806430.484481927,6594922.99448197,2295913.796933977,29858.2965165548
france,179857.47147436746,238076.97084210295,2016-01-01,75944.53104769743,136906.20029334474,38720.99287527393,12950.991099934075
republic_of_the_congo,36.01408035790441,245.3229641060662,2016-01-01,217412.81811202207,241297.1593799336,41296.72320198057,548.1800644093145
palestine,1814.482050137074,1823.9758117776985,2016-01-01,0,0,2085.0700111335213,345.89965248419134
democratic_republic_of_the_congo,454.85605018406864,1248.3378250208957,2016-01-01,1269461.416784322,1610685.422296116,63169.88726126919,2795.388312734316
austria,13584.709997017322,14900.118511875891,2016-01-01,31990.34905701571,45659.5863527479,12689.04545977953,2087.757067069057
gabon,3.0617997963235295,77.38428805729168,2016-01-01,207552.8432307289,240132.92743465,9573.193261117574,294.28050573265915
canada,480699.00110341026,501848.5648948744,2016-01-01,1682012.857321808,3476076.454188272,1951623.565487593,9786.852233498535
ethiopia,157977.0480690625,160510.59399920306,2016-01-01,30409.265635926655,41494.75425917668,487832.3622381573,1045.5790945626245
guinea,6767.833406666721,14921.652993923708,2016-01-01,3293.7002618677084,14970.202600832925,23630.40840753279,342.1540134684437
nigeria,312832.95763552433,381330.16570809233,2016-01-01,23603.406248853233,42599.092030121625,343266.64456637774,8148.26787933382
new_zealand,1582.6108095435038,1661.24702270288,2016-01-01,100554.99323961227,111553.3202847783,90464.1913546002,1110.6150900746936
uruguay,4509.30545497261,4637.712554761702,2016-01-01,6155.482127242093,7663.842845681497,106635.1271592802,1079.698987390321
india,1927534.618359118,1989585.1270830247,2016-01-01,300479.6620631871,421857.333663084,262324.2752320841,35507.496839311294
iran,73930.73367021178,74105.04864525866,2016-01-01,10554.671594401065,16133.457382433218,340188.74480538,8291.260274513665
conus_ak,1368113.5014511438,1495010.1368044808,2016-01-01,1306088.6250924943,2555826.780386804,2891940.5345893023,134242.2961951447
hungary,55179.95563896391,57489.27096076002,2016-01-01,10881.542702928477,14184.744753059476,9410.660965581246,3589.9376608034304
united_arab_emirates,1.995987984375,1.995987984375,2016-01-01,0,0,239.64314077812503,548.3089650954047
croatia,8676.2567108709045,10223.174078988186,2016-01-01,16707.849383528195,24949.49167739561,7036.7681432435065,648.8112370314343
germany,123992.1911230844,140478.36200045855,2016-01-01,87670.86120091077,102132.04750825957,31134.67607108879,25162.7029015108
bosnia_and_herzegovina,3832.9603518829113,6882.115128541182,2016-01-01,18167.699043690744,30900.902360920987,5597.823132326713,379.62724240557594
slovakia,15553.346680920527,15797.4133986038,2016-01-01,20581.645893241035,24534.95304781216,3036.364287246874,1691.3193375387864
netherlands,7163.011803071565,12273.06323379908,2016-01-01,2174.1820061724266,2271.066296584498,5376.107677488417,4703.50862305742
afghanistan,19344.19623625908,19344.19623625908,2016-01-01,192.9891926249999,629.8624046920346,247140.68823454183,909.50410616103
iraq,47265.848486995266,47392.29405999526,2016-01-01,0,0,63709.104882952684,3707.009612116419
georgia,2884.2644481211396,2928.332737293014,2016-01-01,23144.608203485623,33180.98925031326,23848.354015245335,858.0515554645835
rwanda,5744.248735801354,11813.442916975024,2016-01-01,1299.0655459306988,1408.353463539643,6700.096416736647,113.30670043376251
ukraine,370690.8937360383,389040.0293084645,2016-01-01,58836.542871515034,83704.46753615442,37573.21322941386,10304.42646086053
czech_republic,33304.583010535935,36347.95755345328,2016-01-01,23316.50725815019,27864.900129044352,4104.0168032336405,3433.135667563053
israel,4867.1530901159385,4867.1530901159385,2016-01-01,14.991110203125,21.237284671875,3773.0230112107865,1103.1175451365189
saudi_arabia,3662.7065726872465,3662.7065726872465,2016-01-01,0,0,19832.473296870143,4583.922542935291
syria,37518.98191991425,38365.63821297135,2016-01-01,71.69950410428922,118.77881272340686,8936.28879402757,2660.388990845529
romania,100304.48735883816,104028.34804501898,2016-01-01,58435.40237671143,81336.8778112204,15522.482370555388,5333.617772199874
moldova,27976.032150343905,28511.941854995,2016-01-01,1164.2169726464467,1345.6301060268988,1266.6794962290442,1013.182324383578
burundi,7393.624454908155,12855.960978741134,2016-01-01,417.0327213899505,480.43967741133537,5208.566993715001,78.65066931250006
kazakhstan,139066.90143916733,139638.6669062045,2016-01-01,10312.965478582237,19373.926414881727,2305673.3426292296,3603.501300872797
sri_lanka,3552.2399134031884,10061.875410240424,2016-01-01,8706.412721351138,31502.15148640884,4588.787414893988,429.38211444362776
angola,3256.8287543241986,4936.694581439149,2016-01-01,124115.13683774196,330304.7026995971,420284.7409643986,987.662751526103
azerbaijan,25145.443586344616,25254.336526110244,2016-01-01,3365.9409293594954,6422.573023622187,44211.17347618983,2075.6008927841276
denmark,25356.721330189284,29918.507128099205,2016-01-01,2289.56985790055,2325.6347216046556,1229.1249767504285,852.67903946826
tanzania,17286.023719109413,20813.59548832077,2016-01-01,79513.14769535036,98286.6411187669,388223.2496840217,1084.0655535694232
sweden,13043.370441436007,14650.082360463955,2016-01-01,149197.444197455,317077.2420493389,24378.204146089585,1385.709181667096
montenegro,25.709685395220585,45.44451324558824,2016-01-01,2372.476567688543,5615.624672327262,3407.0623308818003,95.74583944129904
morocco,68335.3811081445,68425.85457887886,2016-01-01,1079.7325161758588,2400.9607907063714,61925.190912525024,1929.2624396332724
eswatini,658.7983926651349,664.5376197901348,2016-01-01,886.5611913096812,1298.5307801978554,9805.333767655691,29.446777796875
zambia,4403.391014914828,4444.723043055453,2016-01-01,112797.82565101824,207309.6420859186,199631.2239840803,877.905967569731
algeria,57941.4818729348,58095.58520090416,2016-01-01,3801.0292905569345,6989.096427924102,47203.04281195647,2992.9051086293507
tunisia,25348.886259142964,25405.3434838611,2016-01-01,852.7109341063731,1430.6563767772072,9415.472203046824,1238.040730406434
albania,2377.4373305624986,2950.2195387519614,2016-01-01,1258.7535751148282,3127.1968215703437,8829.846962480877,224.3118039911765
lesotho,645.5173290699161,666.9889871949159,2016-01-01,0,0.998812640625,27006.616496797054,78.3986092933211
uganda,28258.09137618582,96571.50302995824,2016-01-01,6787.253587273405,14957.892071226172,32796.583509566924,518.6737872031241
guyana,1632.2908926207083,2154.7885158562426,2016-01-01,182358.0656814103,189948.97286849184,13105.357748358212,143.32404028167906
eritrea,3468.40618152659,3508.7593567922163,2016-01-01,0.49824771875,0.49824771875,41512.93425019756,81.85246645821078
argentina,350864.57053856296,355603.510404471,2016-01-01,114440.81646907772,202804.63195811148,885979.0846530949,17364.34253993794
paraguay,14804.772351205822,29812.125281588946,2016-01-01,26870.68051369854,84034.978559202,31034.7668631136,1410.6126704755509
spain,135070.879482899,137105.33558271942,2016-01-01,35731.00769533815,98274.62173997186,128850.51960573003,5346.131738532412
tajikistan,7892.994595023404,7892.994595023404,2016-01-01,1.1127782785539215,1.1127782785539215,62539.6965358666,1280.5399464093762
libya,10634.66926405797,10634.66926405797,2016-01-01,0,0.49972515625,7938.873395205328,1332.6925958787372
kosovo,1941.694716669425,2051.375525247549,2016-01-01,1443.726292834559,3931.637532263167,2092.5425828990187,130.84321862365198
south_africa,65120.00888826711,66929.5777515768,2016-01-01,18937.395051055955,31538.644329371007,555180.7433479865,9819.690537221331
republic_of_macedonia,3046.3598371605417,3075.1658046137886,2016-01-01,3863.6837190939927,8491.86048653406,8971.564088249805,387.69796873351726
bulgaria,41136.845985317384,41857.985685075946,2016-01-01,25099.40281175804,40959.085093692935,18029.59545257077,2541.7543305281847
kyrgyzstan,13284.685671685464,13317.731658529214,2016-01-01,274.7870266144608,652.9965970742646,143781.15400729715,1823.4892541227937
italy,97751.26198234087,112032.3187932642,2016-01-01,50730.871430324805,86685.24387168695,32204.717381935,14154.786905998522
madagascar,3836.996410642287,4151.721395329789,2016-01-01,63858.02834072359,117328.52726311212,383628.0243340293,252.5847488556373
brazil,293343.46779414307,378981.7294698507,2016-01-01,3560347.769675996,3944820.339189281,1874630.34694033,39270.105646125325
greece,27047.486949253303,29064.531786591455,2016-01-01,17509.865756331983,35968.14957256933,28056.13112166349,1877.5022903073548
turkey,213638.49974096625,219122.50612102312,2016-01-01,43666.061518070805,85573.08391703863,379076.7041144594,9056.789126261332
portugal,13651.98957434947,15086.083117398672,2016-01-01,7932.217285256873,23622.721998274556,19800.86688194418,1208.0436923822288
peru,11151.645681731972,11865.330999169471,2016-01-01,722298.1837910537,757005.4599837734,320335.6387323221,4715.9797366413595
bolivia,22403.35516411836,23378.825192508997,2016-01-01,489182.54199663294,566395.5702136913,165538.13392134596,2013.3957175266553
namibia,759.3318965941802,823.6221100785552,2016-01-01,0.7475873749999999,1.993569421875,212667.45286259332,274.13370073333334
malawi,26420.0343289675,26964.177365921845,2016-01-01,7143.268807974743,9936.321415934375,35430.90571936589,178.5791748344365
mozambique,7218.42616542003,7649.587903543252,2016-01-01,105740.30280211272,163531.94009722414,184564.6054975509,1099.3030233560655
egypt,28646.993868989903,29483.428892302403,2016-01-01,0,31.218380640625,7414.858172305572,4400.569160218689
zimbabwe,19606.20855696752,19664.1411030726,2016-01-01,3737.0972152075415,6233.003499065488,301957.24597066507,542.2736253115806
east_timor,440.9948759452206,479.051512142586,2016-01-01,2342.327063675425,5941.646114597246,989.8032801121936,39.82758675588235
senegal,23655.806057864564,23807.75829295831,2016-01-01,195.5580585047182,202.79771451868876,158016.3126393322,563.3907300128064
mauritania,75.86026817806372,75.86026817806372,2016-01-01,0,0,171753.71209483367,152.60189460024512
chad,106104.13406034993,107397.6312174436,2016-01-01,5894.833358908653,5896.576177205528,432497.4495467318,307.7640700781249
taiwan,3553.152030586699,5514.0726603988305,2016-01-01,20412.042841177543,22566.40467087663,588.5544541389704,3079.3982467639744
mali,20658.860523396583,20707.472462692655,2016-01-01,9.711196046875,16.38457915625,474004.65890984813,473.1476062514702
switzerland,2299.135455328804,3531.9728801745077,2016-01-01,8002.755839996819,13491.828074130692,12010.39013762702,1331.0111578267763
suriname,324.18988876256105,325.1855599188109,2016-01-01,136704.38520624247,138122.74727629495,1612.5278979140928,123.21292020312482
australia,336253.9119841289,337265.40959062293,2016-01-01,253054.914142368,389136.0760040395,1753402.3526343082,10243.043661739452
botswana,34.389344198406846,34.638785745281844,2016-01-01,14.457598671874996,17.697952062499997,344815.8190369556,463.37378425674024
french_guiana,9.458759999999998,9.458759999999998,2016-01-01,80588.31298505171,81617.02712911098,208.4168916930148,62.29627564724265
indonesia,46803.78122789752,124164.99431634066,2016-01-01,1154189.0683769602,1510398.8700053997,44977.69500273894,13591.714062576111
armenia,3586.8433766655016,3589.5969675717515,2016-01-01,1518.0202406534315,2414.0957865334585,20474.475858571437,876.9248885642774
papua_new_guinea,383.2928190159307,1311.1857447643388,2016-01-01,385715.840171216,417340.9322401875,7918.374018501288,205.9327134063112
serbia,25541.454414295054,36058.7757416143,2016-01-01,13030.403767628615,29778.58544120936,1594.823962696998,1784.428461991851
oman,138.2362925802082,138.2362925802082,2016-01-01,0,0,4547.3816419636605,299.0161041066177
lebanon,2292.080852866669,2294.8302708666693,2016-01-01,49.98716609374999,81.97797090624998,3776.084623660664,432.13925201176414
slovenia,1055.413985458456,2016.2532379771449,2016-01-01,10677.438359291851,14612.663594507592,818.7286027908085,368.33501386078416
ecuador,3957.942931680376,8974.96992780539,2016-01-01,125096.90193560618,154471.7540737077,20977.12566188347,2673.7300403330228
ivory_coast,255.66186372555148,8646.214652824445,2016-01-01,7736.974572671139,40747.03481704774,41087.08923476004,1733.6783735374397
central_african_republic,999.3268314002444,1033.9278277908693,2016-01-01,235797.1318967002,273934.0354984166,41122.612911923905,293.0147287914216
south_sudan,19926.01521558556,19942.305862235196,2016-01-01,9450.01581411188,12053.76616821096,250429.1659023868,84.37879913970592
ghana,23755.929673594474,34850.21561082533,2016-01-01,8522.806326627571,31906.026287133573,91755.3014762828,2719.4988581037924
togo,4027.648578438973,4546.920103456435,2016-01-01,100.4271545435049,781.8683680374374,26824.72877502092,444.13943495723095
cameroon,56275.23244568018,68888.66617981208,2016-01-01,206958.00584857864,246979.89457321275,13502.183322731646,884.8028331049012
benin,44466.71944748178,53130.67769784943,2016-01-01,102.73140071121324,102.98032772683824,37405.921620161665,644.5732656913013
sudan,70489.12204474739,71243.89968505282,2016-01-01,51.53507080637255,58.67265917095588,653889.1361728442,2982.0097133417935
niger,21687.270261262212,69923.88696804956,2016-01-01,0,0,227965.55989161925,473.79530891599296
burkina_faso,19065.926809099434,20172.310760194283,2016-01-01,0.249007765625,0.249007765625,250372.7027708348,380.7148709584558
cayman_islands,2.3008951138480396,2.3008951138480396,2016-01-01,25.307969478186273,41.68825180637254,6.438423401531862,16.505031442708344
british_virgin_islands,0,0,2017-01-01,13.134192478247543,31.856671418995138,10.933408400122548,1.2460789062500002
montserrat,2.796440546875,2.796440546875,2017-01-01,19.05824776421569,29.106691195098065,29.56883826139707,2.8345442230392157
poland,136172.7712146017,145159.53149195804,2017-01-01,77878.59950071982,99099.07783760964,25555.231664076044,8256.644360636043
guadeloupe,92.80867736311272,297.2549751158084,2017-01-01,683.0454108346208,1313.6375995339454,526.1709822574153,68.58740853560049
saint_kitts_and_nevis,1.4706120536151963,1.4706120536151963,2017-01-01,68.90684414338233,91.81829128180144,53.09108573339455,5.570827462071078
barbados,64.36361033259799,64.86171995759798,2017-01-01,11.705668906250002,13.698125625,219.11182671856676,21.27121212414215
myanmar,135199.82281325836,136473.49872333527,2017-01-01,331801.81857092376,441408.61579137045,36495.01701528392,1537.4120940962614
japan,24534.646247656605,35498.02904846952,2017-01-01,234291.15708743708,259597.98006228596,17535.719030925065,28914.97735172305
trinidad_and_tobago,20.417499609375007,28.883127359374996,2017-01-01,2608.074583521199,3384.189335037126,577.0727610893393,360.4666894634801
luxembourg,383.7632667702212,620.5200447849885,2017-01-01,524.322600082108,773.6502212386634,320.38078382886033,163.4229887509804
iceland,0,0,2017-01-01,78.26478650300243,81.83171772438723,55025.10210299732,47.12185164087009
cambodia,47396.36617861869,49430.659149997024,2017-01-01,48465.56569309289,61767.52878604189,23069.80589543205,441.67512468333314
guinea-bissau,76.08696776219364,76.08696776219364,2017-01-01,1393.896477180882,1899.120034797549,2172.8506278070463,43.02496834607842
jamaica,399.6968604756129,603.2677846818626,2017-01-01,3920.6148091851687,8627.544804669053,378.5901277389094,359.4464340963852
puerto_rico,412.2081674745101,639.365034284744,2017-01-01,1997.9122891583331,5995.762205471685,373.427682155392,1164.6542950357252
south_korea,16859.19363596758,18192.05311140595,2017-01-01,43259.15435177666,64113.79955021622,4051.181961457904,5132.944551971015
dominican_republic,2084.8672987348036,3969.099048176585,2017-01-01,8067.459220448406,24776.01638258928,3158.5293487077865,764.3374660244478
cuba,11551.714255219971,34620.28884827018,2017-01-01,21926.055893409743,37530.35868133841,2463.1085381436264,666.25726191501235
laos,4332.507600570158,4427.579161079655,2017-01-01,137865.18743563135,188626.5321749786,18055.544164346127,179.77645665649516
panama,271.4775637833334,321.01959829895833,2017-01-01,33742.818474270585,48321.10943242075,2560.07467534424,415.86691161525766
the_bahamas,1.746331546875,1.746331546875,2017-01-01,1331.7208299448528,2217.1223340373767,2837.072591576032,79.42639720735292
liberia,17.17683306556373,264.09148520398355,2017-01-01,39483.41679743784,91374.4237722863,264.174408873897,220.01078561979185
bangladesh,63627.06788199259,86935.71454211768,2017-01-01,4491.5789174344345,13321.376270670957,3222.1013724302716,1052.1819952500605
honduras,1893.6977165531264,2094.8538959777593,2017-01-01,30931.11572267941,78657.68631561048,4468.7727599285545,269.81501553425244
nepal,20944.831150686354,22128.527399775932,2017-01-01,38206.21629025429,65465.38942745022,24258.599233767596,315.03446377389713
colombia,1906.854397615749,7250.637347294538,2017-01-01,588456.1983185803,734998.2835123503,91062.5816259375,4132.118469109312
sierra_leone,302.10016018811274,5569.211498301411,2017-01-01,1824.1073353695456,32607.25485609598,772.9115153715686,181.31799049865197
thailand,201376.63945765817,211902.5736602263,2017-01-01,118600.44331655244,200617.3515099707,31655.002953385123,5718.649930247855
chile,4654.242258348221,7868.36715887948,2017-01-01,158256.05700580654,188167.93549381944,96712.72366743795,4177.355887678859
philippines,20368.840148960106,45780.343458742595,2017-01-01,93009.88574413733,167412.39803579552,15589.655146023031,3099.513318119855
vietnam,43540.63624120398,66961.55976199568,2017-01-01,91516.78850468496,155176.31732619222,17876.809322992885,5134.235281740621
bhutan,105.99599046072302,128.9940641534927,2017-01-01,27880.94463109718,29893.954186687013,5605.330412790131,20.753525477634803
equatorial_guinea,8.711339828124995,12.942512999999993,2017-01-01,20085.05978154411,25375.11088827437,89.85612621495102,45.76969199552696
nicaragua,3262.277335416301,4059.7046055100545,2017-01-01,23227.700635398447,65820.10505265507,5113.97391182322,198.03024188394605
latvia,8738.430965473975,10779.68918507674,2017-01-01,24912.15882892377,41026.54464874486,4776.7830811934455,222.7941054601714
brunei,0,0,2017-01-01,4618.636721663161,4873.170978166468,170.28373998400727,210.21367841041663
united_kingdom,49593.489991934905,65149.265354001385,2017-01-01,14532.97539299129,17000.57573938885,47279.324242532035,9501.56008580178
finland,349.30994193750007,349.30994193750007,2017-01-01,91729.88100140472,244018.0962251131,12622.463249047683,584.8586289074755
belize,54.85380730189951,89.9768686439951,2017-01-01,14137.548323025358,17103.902482588637,2142.3547600414217,12.011753702757357
ireland,2331.6074631637257,4998.471539276416,2017-01-01,6185.937101853366,6930.723217636022,23191.87654639215,370.00731295250984
norway,1693.382884189706,1913.803880849878,2017-01-01,48055.04108473162,95177.3667356741,119297.93119058888,419.150298543934
haiti,6241.815615129155,9789.52338090695,2017-01-01,208.51964414160545,3453.744734298165,2975.34227232445,363.09275862340706
venezuela,7954.153237248982,8888.044941544815,2017-01-01,419547.49770243693,493220.2527828488,191592.36861290873,5219.144540503494
el_salvador,1255.6639122984077,3533.168001626228,2017-01-01,1815.6916889013496,7005.367385290381,313.70080579172793,188.54270988511047
costa_rica,476.8962133647672,492.3336764585172,2017-01-01,19576.47938562099,40818.53587609651,2851.369138993015,455.1162793805148
gambia,4555.909218079717,4564.377214360968,2017-01-01,0,0,4724.890296024882,89.73835591966909
guatemala,2996.0805313559463,6248.896711640686,2017-01-01,35119.97947601509,72034.39529755083,4131.1164670587,392.3710912119494
malaysia,3122.4588934232224,5783.398141445644,2017-01-01,221055.36591446333,290472.28093251435,10985.325899997431,4616.428004135123
north_korea,32160.310933415363,33790.77335307472,2017-01-01,55466.4125485743,70417.27124585437,8336.733225297,1853.767040521324
mexico,129121.93791740204,148984.37440497134,2017-01-01,262803.2947346218,477299.4237353191,474786.36226481653,9642.376723529682
belgium,10033.467276288113,12562.25204848353,2017-01-01,4951.462885111647,5742.269042898597,2410.1502949318,3457.5897531678297
estonia,4560.14826810545,5100.586143646874,2017-01-01,18536.980259334065,30807.79736143792,3502.014336273834,189.06773562365203
lithuania,19350.59511180061,20566.769160143136,2017-01-01,16235.12431679504,22460.84456768081,10218.617976587866,365.75362267751245
yemen,3249.0205458783735,3266.2091643314984,2017-01-01,0,0,26606.14224022152,843.1468790537378
djibouti,0,0,2017-01-01,0,0,5346.375724662866,17.643950066850493
qatar,1.247393390625,1.247393390625,2017-01-01,0,0,12.973645,355.26241597555185
somalia,586.4735343679534,618.0193171368261,2017-01-01,0,0,231546.86926276528,305.0179999729779
kenya,16564.358801861963,32812.734395833635,2017-01-01,6710.359923496505,10802.780189849818,404532.8595530381,537.1650676164224
uzbekistan,48224.916248591944,48224.916248591944,2017-01-01,0.250485234375,0.250485234375,178372.56870281845,10674.281718478547
china,1215274.1932977485,1460339.7766475952,2017-01-01,961842.4707733076,1810333.0978633417,2786945.2250933833,136335.70982160544
belarus,53961.6707374374,57234.507398164715,2017-01-01,66396.87936106455,100930.61719477396,26023.89559837553,1434.386330471934
pakistan,177434.61820470094,178835.65625393137,2017-01-01,1633.588414027637,5612.833969548717,112506.89996600794,6467.2615074732885
somaliland,0.248994390625,0.248994390625,2017-01-01,36.35444899999998,49.3026285625,12476.047813442272,79.67239696715686
jordan,2233.0114791711403,2235.26002476489,2017-01-01,0,0.24983396875,1165.0672078063112,816.8849828140319
mongolia,364.515303393995,364.515303393995,2017-01-01,13926.935531029529,40556.30169997461,994588.8282134942,991.7744181170958
turkmenistan,14740.137832590564,14740.137832590564,2017-01-01,0,0,84350.4651548421,1685.187787524021
russia,1106964.4780582462,1203171.3864633758,2017-01-01,3805080.5193828014,6532424.600142522,2290540.1571340947,29944.884146720804
france,179822.69025108346,239390.1110315844,2017-01-01,73421.15048989988,135295.7418775191,38080.42345289115,12978.236550332722
republic_of_the_congo,36.089741734375004,417.2257824477941,2017-01-01,217898.84598846483,241585.80124853895,38545.93555202746,555.1512400182608
palestine,1710.256616258273,1718.501199305147,2017-01-01,0,0,2021.0714045775128,352.54258476832126
democratic_republic_of_the_congo,445.25587951017144,1198.7957454451598,2017-01-01,1261020.245003198,1600808.9759367027,63250.231897340745,2815.245678672244
austria,13670.577234165372,15216.372874751816,2017-01-01,31332.085006906473,45292.147218597616,12874.291034218257,2092.5204026940564
gabon,5.226604609375,179.33534194644614,2017-01-01,207585.77688797232,239928.13896437717,8945.462992665985,295.2409008249387
canada,477660.8465387913,501415.3412925966,2017-01-01,1677819.418312772,3460457.481409856,1939500.960135767,9846.912722621326
ethiopia,158747.459431555,161047.2704230394,2017-01-01,30513.76977617987,41002.33307558605,482512.7353997722,1059.2709026094992
guinea,7036.675436667272,15463.06010765593,2017-01-01,2478.838956698038,14139.00998630088,25056.382692989915,350.11619633517165
nigeria,317198.16659029294,388228.2411811268,2017-01-01,23017.454760717512,42804.37133908469,340160.8887704917,8309.351099778434
new_zealand,1533.6754517186266,1613.5496675490813,2017-01-01,102363.0648020516,113297.75111676814,89712.48038037113,1112.6165777934436
uruguay,5135.948797448039,5293.3672862388485,2017-01-01,6764.95071006483,8500.377364496633,100583.65920115348,1081.698710562196
india,1944119.9682905837,2005114.3807588888,2017-01-01,308564.3066282551,425641.9614872189,246275.43062788152,35679.571802686216
iran,70581.99397901671,70772.56390654795,2017-01-01,10563.814923034024,16095.701551073838,339849.09857677825,8311.509364904288
conus_ak,1342899.7459981672,1469785.6666464494,2017-01-01,1321216.464425447,2552065.2175228717,2894853.852639308,134746.4425704639
hungary,55627.534212332925,58259.105174921315,2017-01-01,10388.98543876495,13859.187700824366,8745.391566604163,3596.4556096003057
united_arab_emirates,1.746483234375,1.746483234375,2017-01-01,0,0,228.88412007408093,550.3380148079048
croatia,8473.353224189901,10252.613676363671,2017-01-01,16018.48507977366,24478.9809477521,7220.299117412382,650.0691924046575
germany,123418.65774285392,140009.11043976032,2017-01-01,87926.12239009902,101967.53145901296,31679.659250204364,25178.75819252237
bosnia_and_herzegovina,4336.245173760978,7387.583011008215,2017-01-01,17501.952197123057,30030.0835307933,5826.472443923223,379.87777938995094
slovakia,15668.02826405135,15966.738620307236,2017-01-01,20194.23748857754,24205.75407444229,3004.6541787229185,1694.3283062262867
netherlands,7192.493183224384,11967.143765165429,2017-01-01,2102.037370425183,2178.906977363296,5745.972391297058,4708.207048136647
afghanistan,17718.994992688957,17718.994992688957,2017-01-01,185.02904533210773,566.8590734174636,245223.42973064957,912.253513739155
iraq,43635.96721195913,43768.899131459126,2017-01-01,0,0,58236.140961622696,3730.999936178918
georgia,2949.773046804043,2992.5894872102936,2017-01-01,22627.639225377057,32653.04484598967,24094.832078042884,861.5568064958336
rwanda,5888.517625519736,11888.202273651745,2017-01-01,1296.4936629922795,1412.4692768252432,6900.26108328279,116.10008766813756
ukraine,370191.4973223903,386673.45402257086,2017-01-01,59264.27754567414,83490.24886225355,37928.68043238132,10323.104021436697
czech_republic,33147.59490017392,36656.94663988348,2017-01-01,22796.816446868575,27365.95433771901,3890.399914238172,3436.898180688054
israel,4753.549736042533,4753.799623136283,2017-01-01,14.741030328125,22.236564593749996,3779.158247706316,1113.6447263241414
saudi_arabia,3484.36922508198,3484.36922508198,2017-01-01,0,0,19297.08824131392,4625.3343205759165
syria,33781.52067302015,34718.971174028986,2017-01-01,62.798560600428914,117.98971539852944,7791.007093231616,2668.887496017404
romania,100117.7455711074,102952.83438309196,2017-01-01,58218.24623319157,80690.3397639442,15986.27090270584,5338.879985871749
moldova,27756.249383880106,28345.937177324235,2017-01-01,1176.9637242221204,1393.9612750015317,1221.704540590809,1013.6836726804532
burundi,7890.788902822976,13165.352643973773,2017-01-01,397.2480100243869,460.7789430173403,5464.101795815369,80.89074681250008
kazakhstan,135288.30763676023,136086.84888113922,2017-01-01,10576.955922619674,19943.26944176641,2319522.7893405003,3623.313330607171
sri_lanka,3287.8306304384814,10178.656151212486,2017-01-01,9283.731129991153,31619.07082199175,4306.040599402446,444.9497326140934
angola,3167.0774176514674,4956.438062837434,2017-01-01,125443.8484080442,327027.2478882481,424339.4565906985,997.870900510478
azerbaijan,23947.93106299755,24081.85723054442,2017-01-01,3272.549267414336,6221.776831401043,45104.82699010344,2081.607908612253
denmark,25261.669572766725,29690.689702778633,2017-01-01,2344.6856982373765,2374.463506233394,1424.025212463173,854.6887315932598
tanzania,17618.798697139588,21193.24227057151,2017-01-01,79207.6941943738,96856.9551818422,392332.3229081834,1099.498918147548
sweden,13045.95124184734,14574.862736327865,2017-01-01,150349.1422763114,317512.0987842223,24497.550167767353,1395.752938141054
montenegro,37.22270098235295,57.16477155183825,2017-01-01,2274.909100336031,5398.97755852022,3616.47071348958,95.74583944129904
morocco,74319.7370060569,74421.45625524441,2017-01-01,970.0038805196084,2184.021725440746,56736.52029624531,1937.256317867647
eswatini,689.0148588365196,694.2550233365193,2017-01-01,933.4032378321692,1389.3194660453432,9654.064582382403,29.446777796875
zambia,4577.622327369733,4617.709427322859,2017-01-01,111445.94114067424,203532.3806062649,194366.77228232147,883.8838002103561
algeria,55149.916182304034,55297.51600210151,2017-01-01,3497.5167563292957,6699.971337768158,43506.64884058278,3003.1466731288597
tunisia,25999.209920581296,26053.41679576819,2017-01-01,807.1475037481009,1389.519473589155,8977.25757072782,1240.791268906434
albania,2322.3027858803903,2781.2266160189324,2017-01-01,1159.9626913036768,2919.569537478308,8837.585983652934,224.8124398818015
lesotho,793.1328286318039,809.8609244911788,2017-01-01,0,0.749133203125,26716.944682437435,79.39734791832112
uganda,27826.56726269871,97842.5191716002,2017-01-01,6723.522083383766,13799.658255324412,32017.345842309576,537.0911025624993
guyana,1557.2064403950358,2102.0885687884133,2017-01-01,182727.1586972649,190000.70065312012,13018.196852189463,143.57296887542904
eritrea,2791.1594112199123,2828.0253713605366,2017-01-01,1.2456194375,1.2456194375,41284.58195121999,82.35077386446079
argentina,350326.24746444944,355309.8745859374,2017-01-01,118733.59959150304,210176.60292581323,857430.5775200429,17371.341278922315
paraguay,15600.361593936826,30364.957379012492,2017-01-01,35133.09796800841,89810.68131025902,31238.186103560893,1410.6126704755509
spain,129556.72543389443,131603.01755365473,2017-01-01,34375.094693060935,95515.56656921738,134431.61756664966,5360.884720310599
tajikistan,7493.348096122737,7493.348096122737,2017-01-01,1.1127782785539215,1.1127782785539215,63185.511608472894,1280.5399464093762
libya,10366.24698318475,10366.746674919126,2017-01-01,0,0.499724671875,8111.624635308577,1334.1914111599872
kosovo,1883.8370552553936,1994.018147349143,2017-01-01,1358.8043241242651,3778.604178336819,2212.070495152573,131.093638264277
south_africa,67096.50480296431,69073.26250988718,2017-01-01,18802.514121306544,32114.36105403516,558042.1961749871,9882.57967112758
republic_of_macedonia,2743.682819072917,2767.8665251644006,2017-01-01,3549.2898743557585,8205.955577463721,9503.073186304273,388.6994576553923
bulgaria,41745.837912385985,42472.26191269677,2017-01-01,24790.600839820338,40840.1736644006,17078.029559017526,2542.755978059435
kyrgyzstan,13006.08224080772,13038.62669458897,2017-01-01,286.86200980919125,611.1837466367648,144894.05467812673,1824.490753216543
italy,98498.5893607498,111125.91681245444,2017-01-01,47102.3812484374,84062.68235271538,33214.86964676418,14181.66321492929
madagascar,4045.111242468573,4364.073227077944,2017-01-01,61742.86352046093,114444.55002701277,386098.35753394745,255.32618065251225
brazil,312228.27540843555,395638.77185040986,2017-01-01,3562684.18707721,3937716.517663735,1904694.3733375128,39294.28455015655
greece,26094.582296186083,27957.638984308433,2017-01-01,16836.58340600772,35272.299402247154,27722.61809405658,1880.2533624636048
turkey,210224.18552794144,216078.73116307997,2017-01-01,43608.61560234703,84663.37725168752,377642.7260458096,9120.3956748546
portugal,12876.843381204912,14188.54984420724,2017-01-01,6301.162768243752,21997.004714246603,22081.861757752977,1211.0471077259788
peru,12170.004086145263,12871.00641277027,2017-01-01,722248.5645647222,757613.431458909,329225.62980129744,4729.181013844484
bolivia,22675.936478607236,23757.302003810357,2017-01-01,491624.9241374567,568254.6156803602,163748.6299994573,2017.1335069329052
namibia,821.4012391601109,877.7175863007359,2017-01-01,4.734643625,5.980618015625,211701.64636906877,275.38056638958335
malawi,27053.40902803234,27617.2997217384,2017-01-01,7074.739188769419,9676.34890068204,34504.44820293556,184.30827588131152
mozambique,8403.838950379768,8886.161354518501,2017-01-01,110342.65606274593,161027.0346134683,171128.34034881453,1112.9762333139704
egypt,28778.440428510363,29620.61370699474,2017-01-01,0,21.97785503125,7409.472121206425,4473.4769105780615
zimbabwe,20153.347262942763,20230.21505203223,2017-01-01,5398.57613059087,6403.8824097346105,298555.7563185025,544.2671997178306
east_timor,399.84804648878696,443.62984427788007,2017-01-01,2219.0145872614553,5968.31211965,948.0614140958336,40.12731322009804
senegal,24892.32158840245,24988.723637964944,2017-01-01,78.90550872175247,82.06876310539218,156860.9032196047,565.3581267246936
mauritania,50.300147323529416,50.300147323529416,2017-01-01,0,0,166832.95038446077,153.87342415398285
chad,106391.28206561157,107531.00528342892,2017-01-01,5813.075096941802,5815.315851410553,429477.6577183542,308.0130327187499
taiwan,3719.332468035964,5619.8941929421535,2017-01-01,20442.84344559887,22551.50974748889,645.8782408153801,3091.370967232725
mali,18722.41334200635,18754.925938646917,2017-01-01,4.481953875,4.73097065625,477464.5284006563,478.3774372514702
switzerland,2276.6200425998204,3633.334597318747,2017-01-01,7604.325374971634,13375.728543448284,12177.288955727325,1334.944955515747
suriname,306.29129327542853,306.7891293379285,2017-01-01,136908.53411938247,138354.6577716805,1584.4855936625,125.20425548437484
australia,286973.71365160693,288023.34260490496,2017-01-01,253439.31304773947,395167.86453296914,1837589.8526281712,10307.09610652898
botswana,58.78464191170342,58.78464191170342,2017-01-01,17.202754015625,17.451969093749998,350802.40554299887,466.8661109442403
french_guiana,6.4717841093749975,6.4717841093749975,2017-01-01,80642.5095957763,81646.77449554298,197.73319054117653,62.29627564724264
indonesia,43952.51977548557,122352.0660899876,2017-01-01,1166027.1119667992,1517533.831922941,42820.39790146958,13712.729962152462
armenia,3501.5003700579036,3502.0010137454037,2017-01-01,1465.1171941183204,2345.897640252088,20607.41688185135,877.4254767205272
papua_new_guinea,375.1927861241415,1282.539192568199,2017-01-01,386784.08761077345,417647.35943424434,7818.3758794894075,207.4265446875613
serbia,26119.243120985622,36190.5313026435,2017-01-01,12279.727451286706,28957.879848337656,1736.5161668727328,1786.432785023101
oman,207.8474598075978,207.8474598075978,2017-01-01,0,0,4646.963136217154,299.0161041066177
lebanon,2097.065861227637,2102.064834477637,2017-01-01,50.2368961875,82.97744320312498,3647.499356783519,436.1381680742641
slovenia,987.3805070129904,2031.4974174713843,2017-01-01,10438.85323833487,14493.52178985698,794.4467040479165,369.0868857514092
ecuador,4446.672510215057,10690.451906511957,2017-01-01,125349.1856164574,156402.6094258763,19767.799243972335,2680.9476703642727
ivory_coast,230.55837390508577,9094.455676857291,2017-01-01,7026.799761706975,40915.21238306029,43364.892071467264,1756.0174835282482
central_african_republic,1115.4832859966289,1141.620722309129,2017-01-01,232204.7224202748,270706.0589791873,41431.120324847354,294.0103364945466
south_sudan,21645.480813665556,21655.04625723847,2017-01-01,9465.236873614082,11894.729063485667,243289.9850325403,84.37879913970592
ghana,24028.144171615193,34679.83057118346,2017-01-01,8601.277917228492,33940.37742617645,90970.61376543004,2774.9271526599214
togo,4202.742397310542,5037.41053114345,2017-01-01,149.76832111734072,968.4811868463864,26157.937532519027,449.3668252228561
cameroon,56638.50699323739,68723.18883270245,2017-01-01,208049.04289910267,248733.17746279357,13391.724942796953,893.7636221674012
benin,44554.00607793157,53559.09630054228,2017-01-01,267.2418456332108,270.4779872894607,36562.3643909869,655.2771428006763
sudan,71914.85948461728,72590.98932188898,2017-01-01,66.3471000101103,69.57508216636029,651266.3297716891,2994.2158804199184
niger,21625.423164212832,67156.72082573423,2017-01-01,0,0,233695.23916079832,476.03676996286794
burkina_faso,16897.470007956057,18593.926603859065,2017-01-01,0.249007765625,0.249007765625,251787.9588959257,384.2013808178308
cayman_islands,3.947883995526961,3.947883995526961,2017-01-01,20.80591409154412,37.56642233731617,9.10002665122549,16.505031442708344
british_virgin_islands,0.24921621875,0.24921621875,2018-01-01,11.546046396446076,30.42391892064954,12.71411748327206,1.2460789062500002
montserrat,3.0455981406249997,3.0455981406249997,2018-01-01,19.638639971262258,29.470169155024532,29.93817785876226,2.8345442230392157
poland,135601.08620130617,145461.33862091883,2018-01-01,76024.02788986733,97826.01301645082,25309.814945457347,8281.240896386043
guadeloupe,97.65078646936271,302.0670885952815,2018-01-01,689.8782844394617,1276.891661635295,554.1211762993888,68.58740853560049
saint_kitts_and_nevis,1.5077499784313726,1.5077499784313726,2018-01-01,68.43389023449753,89.04803954178918,50.65995341072299,5.570827462071078
barbados,69.84960601562494,70.09866076562494,2018-01-01,10.958500953125,12.701900578125,211.96639296115245,21.27121212414215
myanmar,132056.59423952765,133455.62373222047,2018-01-01,329824.99150821124,442598.0781307082,36947.08197463429,1542.2846117577196
japan,24614.5065080051,35779.34623097341,2018-01-01,233637.7617888967,258092.66430544507,18427.736555992633,29016.378134651848
trinidad_and_tobago,17.678553328125012,31.372991328125003,2018-01-01,2598.085482377266,3374.8950466311812,562.5680417218758,360.9646802447301
luxembourg,476.7660994000624,670.9734529651355,2018-01-01,477.1137460265316,734.2457880333326,298.9151940205883,163.6738291884804
iceland,1.0063259375,1.0063259375,2018-01-01,78.436595723897085,92.5739873827819,55387.82782276482,47.12185164087009
cambodia,46004.793285646294,48436.87786759766,2018-01-01,46631.44573731415,60267.97669634588,25249.945514764328,454.0034190715684
guinea-bissau,82.53334060477941,82.53334060477941,2018-01-01,911.8661272321692,1353.1342015028804,2325.374196295099,43.02496834607842
jamaica,337.9565660892158,600.5880176079651,2018-01-01,4025.505341262987,8665.621716733209,348.6419943506128,359.9448471432602
puerto_rico,406.30347585220613,653.5950602675873,2018-01-01,1840.1917547307603,5859.92789022107,487.62818376109055,1166.6479814576005
south_korea,16991.272680102084,18402.542036734263,2018-01-01,42586.66317552487,63637.351188395965,4093.788884746568,5199.791896207227
dominican_republic,1941.98700028315,3825.7117653618143,2018-01-01,8139.595642293325,24712.246600857652,3333.3719434156233,773.1414551004895
cuba,10283.568999270454,33385.81489051781,2018-01-01,21722.550570221018,38982.54549741724,2559.53115889234,667.5039044931374
laos,3951.6588312531258,4050.71535455625,2018-01-01,136252.62881722653,187572.4624290912,19539.23908521079,181.27179048462017
panama,277.8810168245712,321.44814744957125,2018-01-01,33523.33972819241,48537.1912031868,2680.04011082408,416.1158737871326
the_bahamas,1.8050302380514704,1.8050302380514704,2018-01-01,1266.6562999343746,2203.5567558734674,2906.221408104891,79.6758781448529
liberia,19.4172795625,273.7464513559444,2018-01-01,38596.21860588944,91329.76794381514,308.61770205049015,226.9503652252452
bangladesh,64788.04672184999,87153.09382948412,2018-01-01,4249.998860995831,13345.796086112565,3393.0691813014732,1071.1385652344356
honduras,1957.4218737968756,2161.316961127758,2018-01-01,29713.65124564098,77581.01098996683,4974.084867357966,273.80086229987745
nepal,21042.664646556874,22251.368943397745,2018-01-01,36635.05593420427,63950.88542412176,24435.947783713953,326.26642172702213
colombia,1957.8773538331504,7277.471546651098,2018-01-01,585994.9701483191,733324.2987781409,90582.873262519,4141.079278656185
sierra_leone,358.1138331958334,6056.8896728160025,2018-01-01,1715.9116337165435,32840.475379260984,835.4025742840075,186.4014363449755
thailand,194447.68789344415,206752.4240892023,2018-01-01,120429.36201035915,201897.07275994457,33354.494652586094,5786.543872967709
chile,4180.254344614215,7509.618363848599,2018-01-01,156884.5558110973,187421.61601345113,94347.90495240326,4191.8366666632355
philippines,20483.89961928857,45309.85639907294,2018-01-01,94344.87901486542,168200.61927881968,16205.997693240186,3118.0446431653213
vietnam,42390.763810690085,67134.96869551249,2018-01-01,92240.51446267872,156623.298700655,17910.49686188363,5229.078230671751
bhutan,86.39540580735292,113.45210128988968,2018-01-01,27877.191074975603,29948.058635092348,5667.162449815067,20.753525477634803
equatorial_guinea,8.462443437499996,11.946957312499991,2018-01-01,20966.907002336015,25387.63196171585,68.65195318284319,46.267463901776956
nicaragua,3230.2268004090697,4087.420242455947,2018-01-01,22205.073129543092,65312.23220874533,6325.6515055922155,200.02249543082104
latvia,8872.950311687211,10849.490415587768,2018-01-01,23329.669995779925,39733.762005638,5247.099779295098,223.29653002267145
brunei,0,0,2018-01-01,4638.157645455931,4885.544806198085,162.63132230894604,210.7114935041666
united_kingdom,50403.17771155338,66159.00189894058,2018-01-01,13475.078321729085,16265.584853775674,43799.87320932028,9551.764608879912
finland,227.0985607968751,227.0985607968751,2018-01-01,87666.3886274776,246179.3085330284,12213.019318822418,588.8818454074755
belize,61.18569017389706,103.8935248154412,2018-01-01,14054.88472041096,17009.177728529878,2272.287135275736,12.011753702757357
ireland,2282.5927944502455,5443.789970885602,2018-01-01,5615.542290037499,6348.4539589371925,21424.64135776066,372.97137615085535
norway,1627.803961392892,1870.0699150267776,2018-01-01,46559.07321287102,95069.95039405582,119718.25522780752,426.189473840809
haiti,5930.6479097873635,9651.977220819152,2018-01-01,200.75861186262256,3581.4240965970034,2972.4862765019634,369.074227123407
venezuela,8051.033197846959,8970.778114664738,2018-01-01,420680.7405965443,493555.7280317672,196529.9008656003,5222.132419722244
el_salvador,1315.4476416348054,3497.9969069322974,2018-01-01,1759.9438651308226,6949.197195639097,314.55931961225485,189.04085719761048
costa_rica,492.2284808894609,509.4089242488359,2018-01-01,19544.75881402154,40576.01979806867,3095.1229643504903,462.0877730680149
gambia,4546.850331172059,4554.322085343935,2018-01-01,0.7471829375,0.7471829375,4777.315757545407,90.23647781029408
guatemala,2920.8365788826623,6094.647216792469,2018-01-01,34643.93927801685,71898.96638951538,4441.207569992646,398.5984822275743
malaysia,3061.14319266495,5810.943057970952,2018-01-01,223931.42574238905,290818.0326035451,10014.977993080567,4656.75836259468
north_korea,31533.578501942135,33127.85187409256,2018-01-01,55875.41122045381,70546.39474290867,8902.870159776652,1864.4714899821704
mexico,127444.9337341396,147184.35774129414,2018-01-01,262975.24831519433,483740.29599492,467056.2328489057,9708.201390326558
belgium,9739.033739158942,12699.350535051111,2018-01-01,4669.562822097982,5467.588779932847,2276.4326652990803,3472.8950688084547
estonia,4243.6559595733415,4871.792199394423,2018-01-01,17545.47853115362,29979.348260927196,4112.344195960663,189.57046382677703
lithuania,19468.770187528546,20639.957945545968,2018-01-01,15272.062429673151,21296.384525957605,10995.065072025182,366.75830484938746
yemen,2958.0513409929563,2975.488873180457,2018-01-01,0,0,25990.711532374135,847.381625819363
djibouti,0,0,2018-01-01,0,0,5310.068651159744,17.643950066850493
qatar,0.4989574375,0.4989574375,2018-01-01,0,0,17.713907984375005,355.7613972255518
somalia,704.9188933931985,731.295723470098,2018-01-01,0.7388447226102941,1.236613581985294,237996.71361737375,309.747279238603
kenya,20621.395322038992,36973.21662090345,2018-01-01,6968.351332252024,11645.860761392456,426956.0793344608,544.1340657882973
uzbekistan,47209.94303607803,47209.94303607803,2018-01-01,0,0,172557.7337806812,10709.824187650427
china,1216491.4296666856,1467167.9796086275,2018-01-01,969404.9125418388,1819665.2174108755,2797040.349753966,138247.92637410352
belarus,52614.83588581392,56496.85857938316,2018-01-01,65485.54164586446,98955.45584738727,27150.29665538458,1439.4064585969345
pakistan,175400.683445204,176940.17190729114,2018-01-01,1633.5251202656884,5715.272916072428,109808.30363654786,6502.73193153579
somaliland,0,0,2018-01-01,36.852440187499994,54.53161448437499,10472.134722037792,80.41940042028185
jordan,2304.49417324191,2306.7427022106604,2018-01-01,0,0.49966840625,1239.575645868137,817.634435470282
mongolia,331.9762840033088,331.9762840033088,2018-01-01,13068.782102854477,40862.087985317805,1004601.0290562134,992.0251458670956
turkmenistan,13727.059909107038,13727.059909107038,2018-01-01,0,0,75951.0370183878,1685.187787524021
russia,1100551.2828508844,1203279.4378340952,2018-01-01,3818675.617924995,6468685.636354472,2304601.9397711707,30041.133352447465
france,186035.4754114122,243789.3565339848,2018-01-01,72639.04333842448,133906.86629674156,36431.22894899575,12996.789236348352
republic_of_the_congo,36.565995860355386,558.5366271411152,2018-01-01,217216.26071075143,241712.84263025955,35449.896641500585,561.2702831659934
palestine,1718.2260350485308,1724.7217786735298,2018-01-01,0,0.249828984375,2063.265708271018,356.7895868776963
democratic_republic_of_the_congo,428.9093346147672,1169.6116954085178,2018-01-01,1253559.92477424,1604237.65068975,61817.30416495496,2833.770082821387
austria,13415.795205236696,15271.83905227835,2018-01-01,30724.86410136503,45239.27536974738,12616.59058410814,2100.5440086003064
gabon,2.2604631496323533,283.8604491215687,2018-01-01,208275.35698991423,239940.76236535228,8305.977779399323,296.2364327936886
canada,474901.7708124664,495904.9169370589,2018-01-01,1645881.1280331998,3451473.0135851935,1924548.5572356975,9888.238681621511
ethiopia,161338.55588187042,163779.25837665156,2018-01-01,30304.214345219298,42054.6152735162,493833.6089714043,1071.221112796999
guinea,7120.491671957042,15454.759706830017,2018-01-01,2259.2352205090074,14359.672787690106,25518.11848056535,356.34064571017166
nigeria,319862.66570332466,390422.79280449107,2018-01-01,23332.32584048645,43811.938076468665,338203.77473389986,8421.467698769608
new_zealand,1409.4608884636016,1493.7715897800858,2018-01-01,103858.35381219344,115055.2859068585,90154.87204668396,1114.8677653246937
uruguay,5008.336035009438,5184.107074788298,2018-01-01,6549.838983369914,8105.773253773221,97121.47755894125,1084.372719872
india,1911440.3952053073,1976590.207382881,2018-01-01,296483.33789521374,417590.5528221758,265860.5882412298,35897.95550505047
iran,73103.95661185741,73322.28810826367,2018-01-01,10749.397110705902,16124.024238452945,330232.51383540174,8338.258663982413
conus_ak,1354316.1790793056,1478592.1590047015,2018-01-01,1339675.0961871876,2547457.956613917,2884597.7527257516,135099.52132341164
hungary,56494.34931800478,59157.07316685594,2018-01-01,10005.904410027502,13818.396580092756,8597.54789124951,3601.9711646003057
united_arab_emirates,2.2454326718749997,2.2454326718749997,2018-01-01,0,0,220.40625088529416,554.8287067610296
croatia,9016.25024344468,10619.644621193878,2018-01-01,15936.347834761042,24349.563243147142,7370.1421372342575,650.3197972640323
germany,127058.31103631752,142992.71216217917,2018-01-01,84631.81713449996,100000.66174699302,29045.059992018865,25224.679488865135
bosnia_and_herzegovina,4399.068231914717,7550.589908974698,2018-01-01,17881.313676532718,30221.378329200717,5620.574915904717,380.1283166399509
slovakia,15534.268523183462,15844.898105057056,2018-01-01,20031.35301893372,23838.67177722772,3309.1946935961373,1696.0836836169117
netherlands,6979.515217836021,12130.239898555688,2018-01-01,1937.551586629716,2019.0344369981617,5179.067124687872,4736.821222806867
afghanistan,13843.358011229995,13843.358011229995,2018-01-01,182.0290628164828,551.6809235931373,237894.15605371437,914.50303528603
iraq,42876.58625311922,43007.76772690047,2018-01-01,0,0,56944.23574088064,3745.494514710168
georgia,2809.0848022926457,2849.397334073896,2018-01-01,23077.997171737345,33022.982166629554,23765.22234469908,862.8087305427086
rwanda,6021.601171660469,11962.700563122891,2018-01-01,1311.8837080534313,1439.796050078368,6405.183034936453,118.58894718376256
ukraine,369322.00291703927,389073.7077612963,2018-01-01,58975.653514242505,83134.05447948498,36811.2570508439,10343.413223957708
czech_republic,33661.07697493588,36924.280668035746,2018-01-01,21716.92847337311,26695.210517478623,3996.263935941913,3441.413466469303
israel,4708.021992476354,4708.521748148229,2018-01-01,16.49038659375,24.735544499999996,3872.6296352429554,1119.6406437147662
saudi_arabia,3507.8811903184387,3507.8811903184387,2018-01-01,0,0,18920.360637933023,4667.992646435289
syria,33676.41834361063,34702.45341203595,2018-01-01,77.29955213167891,137.3501448009191,7622.274201369301,2678.131174496079
romania,101171.4086683176,104738.96812105567,2018-01-01,58819.80889524957,80025.49436999451,15660.152316791791,5343.3901190436245
moldova,27364.57421446296,28293.33478387601,2018-01-01,1123.994814576471,1417.9415367386025,1239.6241966808827,1014.184921477328
burundi,7296.241321948837,13283.259664961028,2018-01-01,399.67423586954624,479.44576173609033,5330.914764361635,83.6285853281251
kazakhstan,134209.43139087508,135013.55809957374,2018-01-01,10763.919832489342,19711.21169452053,2323928.261590718,3645.884869216546
sri_lanka,3379.4492535593154,10223.74015881996,2018-01-01,9238.64038149238,31668.943712677872,4463.409780204406,456.7502244323531
angola,3083.693446792094,4874.953951127629,2018-01-01,122282.129623014,326358.8648548449,421482.14704464446,1005.8384288073528
azerbaijan,24901.45445360023,25015.353075303356,2018-01-01,3376.312120702571,6139.8449343241455,43918.909382606544,2086.355637595158
denmark,24480.69412957457,29821.34880569353,2018-01-01,2258.9483260754896,2294.752365350123,1207.7741864644604,865.5033159324755
tanzania,17044.342984296236,20524.1544657016,2018-01-01,79805.2048798412,98263.8152770408,384941.24457209994,1115.9282327569229
sweden,12937.058707150223,14439.334880391843,2018-01-01,140993.3694375947,316221.99651294283,25112.937162638085,1416.84753064038
montenegro,35.58076400747548,59.6291300069853,2018-01-01,2392.3149500123795,5530.222376645707,3451.72045325343,95.74583944129904
morocco,77835.58540316076,77971.30271920761,2018-01-01,972.9456907379296,2090.741719971566,55836.32492906157,1948.499688055147
eswatini,665.4771548965682,672.963171474693,2018-01-01,1111.834857413174,1628.059093345711,9362.395293748888,29.446777796875
zambia,3404.6246190678307,3444.9619918959556,2018-01-01,105131.18257724412,200458.54138978687,191497.95185126964,891.605607022856
algeria,57629.68688838535,57843.80748524536,2018-01-01,3621.681025221208,6837.214251407248,40621.80720009407,3017.838052935601
tunisia,25316.168799233088,25376.62772540435,2018-01-01,777.0143616587013,1333.960405867586,9111.829868527084,1244.4479761089462
albania,2341.179079491114,2875.428331292586,2018-01-01,1226.5338717587624,3063.08238904657,8835.485897950115,225.06273197555151
lesotho,885.0519122226729,897.5355613164229,2018-01-01,0,0.4994805,26478.874772023093,80.89545237144613
uganda,28392.5495495406,97912.45172564982,2018-01-01,6848.139396389277,13290.041748986336,31122.97689396091,546.0508786874992
guyana,1538.530666030392,2086.5214390442943,2018-01-01,182625.2003376128,189943.72440257805,13131.060034956135,144.07082698480406
eritrea,3069.3349928602884,3095.7389454852887,2018-01-01,0.99649515625,0.99649515625,41442.93459310413,82.35077386446079
argentina,342829.89141636644,348310.4210863926,2018-01-01,109387.61880986634,204839.7189589735,863511.331571306,17375.591287344192
paraguay,15220.281001910913,30587.87774861953,2018-01-01,27527.77413773975,84642.65088375482,34116.491101884865,1411.1116465849257
spain,130754.36774150976,133063.51477991507,2018-01-01,35222.710921338396,96711.77485509714,135417.19851815174,5378.494207702509
tajikistan,7582.990298664155,7582.990298664155,2018-01-01,1.1127782785539215,1.1127782785539215,62275.67230714514,1283.1139509496334
libya,11220.376273672056,11220.376273672056,2018-01-01,0,0,8912.184194844727,1335.190681159987
kosovo,1865.1258558286152,1983.950540237992,2018-01-01,1449.7062299415445,3944.371228198708,2129.0994321854764,131.59449121740198
south_africa,68749.88302369905,70898.638998503,2018-01-01,19460.396347640028,34594.73643274583,545235.7797461731,9935.626743601357
republic_of_macedonia,2831.427110764033,2854.8763195824768,2018-01-01,3845.772172822794,8613.270813674559,9288.588953230195,388.9498187335173
bulgaria,41068.47070988814,41917.12520353101,2018-01-01,25114.637577274512,41350.29534445209,17116.287346921003,2544.008038121935
kyrgyzstan,12879.411279082711,12916.461999988962,2018-01-01,261.26731525508575,534.7501838333947,145016.46648465082,1828.674766879411
italy,98154.56097356904,112366.4935326634,2018-01-01,47981.064661350414,85322.09370667169,32329.63086799892,14197.68739966366
madagascar,3775.5568351615266,4143.896461880277,2018-01-01,59057.176133657376,111855.9030951405,386752.7874736122,255.8245928712622
brazil,317073.81293276994,400731.18576815265,2018-01-01,3559964.148936213,3938365.15329163,1928771.8717016757,39317.76192985624
greece,26175.193647018372,28167.27853293841,2018-01-01,17443.45301357107,36404.54251449645,26921.83685968742,1880.9085611454675
turkey,220209.83485951135,226337.39701398488,2018-01-01,45713.39802987021,87562.59854787313,366110.1200073112,9170.155268329963
portugal,12515.479375648598,14104.60798078119,2018-01-01,5403.420287701106,20589.520041586475,23524.55145571265,1214.8009546166038
peru,11523.701175974318,12251.59172636494,2018-01-01,720783.0095635544,756485.1540947553,326853.11631620873,4742.129436950185
bolivia,23073.54925933176,24155.91621853201,2018-01-01,490398.5527323241,566251.5879698734,168447.84491274797,2023.8613977766552
namibia,694.0064807200388,748.8275382981636,2018-01-01,14.204793083088234,14.898609342279409,197917.05812052873,276.37834488958333
malawi,25975.1931248778,26542.48129114091,2018-01-01,6538.615656446257,9166.481995373892,35676.6509201991,189.53911395943655
mozambique,7381.614826192828,7936.795152748039,2018-01-01,111335.03867374576,160193.5196103554,164233.9913684045,1124.44878309522
egypt,28850.35783178048,29709.26504338127,2018-01-01,0,10.739261734375,7771.514062751952,4549.132148953063
zimbabwe,18211.67054220699,18309.603229081993,2018-01-01,4864.941025679353,5872.271196944959,295314.11147335224,546.0117391553307
east_timor,434.2336441756129,486.2137406235907,2018-01-01,2408.6079712934416,6098.7179790281325,948.122517596262,40.87419323572304
senegal,25178.890232291884,25287.99585726063,2018-01-01,107.09450430091916,111.414065657353,157581.07597947092,570.0909840215687
mauritania,70.80082784007354,70.80082784007354,2018-01-01,0,0,160870.6517769636,154.62103615398283
chad,107481.60065201706,108639.33355202328,2018-01-01,5591.2085133047885,5591.706481289163,430698.0942413514,308.5110300468749
taiwan,3680.717264213968,5651.021634224995,2018-01-01,20547.65435037092,22641.599195071987,620.3992585669731,3106.5859507014748
mali,18587.77320951214,18605.45919416839,2018-01-01,3.98392271875,3.98392271875,482574.23916621465,483.1092331577203
switzerland,2257.5394983432634,3714.519301766232,2018-01-01,7404.2799056402,13171.96969915594,11902.690899409865,1340.7272643355388
suriname,313.6514161038599,314.89600243198487,2018-01-01,136855.0640400764,138461.01376951666,1524.4204045295958,125.95100621874988
australia,257237.05513256544,258266.84804340516,2018-01-01,246545.17589630664,390647.37837712455,1832670.4743868476,10361.009988551285
botswana,50.43394870698529,50.43394870698529,2018-01-01,17.945825640625,19.441254765624997,329788.9664024774,469.3605776942402
french_guiana,2.7380629062499997,2.7380629062499997,2018-01-01,80644.47133222755,81637.39819477808,210.20806046905648,62.29627564724265
indonesia,45785.99052931744,123190.51895825496,2018-01-01,1168487.8012384034,1516704.9523406397,41729.96987002799,13885.143290685295
armenia,4061.183101959622,4061.934054428372,2018-01-01,1518.9241208390324,2280.0622333389742,19932.18254872671,888.694635440564
papua_new_guinea,344.11015893278164,1303.2605895734075,2018-01-01,386418.7567684192,417427.4300682675,7964.632226020403,208.92037984381128
serbia,26112.380649861378,36157.14983530749,2018-01-01,12775.862272261327,29408.542867499244,1619.8961374627452,1786.4327850231011
oman,277.44854004718115,277.44854004718115,2018-01-01,0,0,4764.655544284006,299.7643162316177
lebanon,2071.1414706916685,2076.8902479885433,2018-01-01,61.734365578124965,101.22322599999998,3618.6244902857266,439.3871885430141
slovenia,1175.121066980148,2176.666832172303,2018-01-01,10417.045111595658,14446.719518944668,886.2208447004898,369.0868857514092
ecuador,4228.56441036843,11507.950002977828,2018-01-01,124231.19077769692,154330.02199126774,18668.026398007336,2692.6452262236476
ivory_coast,281.57218786905645,8420.701774925436,2018-01-01,6711.688943763909,40845.68292634634,45530.84427679835,1769.2100206376238
central_african_republic,911.2435170708336,930.168827270221,2018-01-01,230160.83587822973,270350.58023115434,41420.35759259028,295.25484624454657
south_sudan,16084.22914153246,16092.692914752864,2018-01-01,9245.824570614825,11782.93215922469,241524.85986431348,84.87661184283093
ghana,22047.847614505023,32533.39511435716,2018-01-01,8414.750608782293,34746.43078283162,92455.11569956929,2814.5940467132923
togo,3800.871923184134,4708.510439370168,2018-01-01,158.35669319185052,1078.653506475858,25970.218331483557,452.43884894087074
cameroon,56568.20505815143,68308.34153144268,2018-01-01,207930.48186881663,250254.3302770328,13030.68135374634,898.9905187455262
benin,43699.66684151948,52972.21294071629,2018-01-01,410.1196852603552,420.3258530103552,36714.74665730085,664.7364369256765
sudan,72296.67313692924,72934.13474891128,2018-01-01,102.91777489062498,104.90086256249998,656236.6935408298,3016.635669591793
niger,21449.230822575944,64264.289015643466,2018-01-01,0,0,238316.00913830864,477.5311699784929
burkina_faso,16869.15929972897,18054.4182552071,2018-01-01,0.24901821875,0.24901821875,252437.59767754705,387.10467483419126
cayman_islands,3.943968982107844,3.943968982107844,2018-01-01,16.754421835110293,31.83174972855392,7.910470227696079,16.505031442708344
british_virgin_islands,0.99686440625,0.99686440625,2019-01-01,11.546047193321078,30.63404964460787,13.411932871629901,1.2460789062500002
montserrat,3.793076078125,3.793076078125,2019-01-01,19.140324768504904,30.361281451899533,26.817341193014705,2.8345442230392157
poland,135214.37898287238,144715.92064387715,2019-01-01,74947.24435838126,97673.24445011004,26808.790054529352,8322.901820432917
guadeloupe,121.43446306011025,324.605064826654,2019-01-01,682.1827890483463,1236.1564251511031,576.7635446490209,68.58740853560049
saint_kitts_and_nevis,2.722347423284314,2.722347423284314,2019-01-01,68.61566135147055,86.59343804901954,59.62047728333329,5.570827462071078
barbados,63.71223470490193,63.71223470490193,2019-01-01,7.969819421875002,10.460390734375,218.7591729598657,21.27121212414215
myanmar,132375.83779851688,133687.44837846793,2019-01-01,327372.88223314553,443643.5751640683,37907.52844207162,1550.57953535343
japan,24517.912298737632,36078.14714873953,2019-01-01,235564.8524286346,259475.4121430255,16746.918414607346,29115.691859793395
trinidad_and_tobago,43.48193319846811,50.95162177659313,2019-01-01,2496.681224149572,3279.240405636574,706.2799251678323,361.2136784478551
luxembourg,443.9703677536771,669.6349136536771,2019-01-01,490.42609184724233,746.2508041474254,273.0826864476103,164.6771293291054
iceland,0.25158434375,0.25158434375,2019-01-01,51.546694354901945,64.42571938878676,55357.69280543245,47.373451718995085
cambodia,46847.40613313859,49264.53413096445,2019-01-01,43649.49120874176,57749.85431191737,27250.80990738958,463.45250567665414
guinea-bissau,76.33205944975491,76.33205944975491,2019-01-01,1031.187553005515,1615.6488129891543,2373.062645089767,44.021083002328425
jamaica,315.7773043235907,608.063914107965,2019-01-01,4004.674840632904,8604.271871771389,333.03955504509804,360.1940561588852
puerto_rico,455.849804616851,696.663003032232,2019-01-01,1900.766100874632,5686.9138542590645,544.9158259209561,1169.6384821451002
south_korea,17254.364300749945,18683.903995043212,2019-01-01,42889.0571935619,63562.25547333048,4018.401481820957,5242.500262165012
dominican_republic,2085.967514994302,3819.6912960624254,2019-01-01,7555.348537987932,24225.190115105583,3285.5732150446656,788.2003899032468
cuba,10267.79478489165,32789.80221929249,2019-01-01,21228.8653281375,40447.21385348769,2502.3268999547176,668.9998084306374
laos,3940.942469647244,4029.2896450357225,2019-01-01,131812.91291428448,185316.09398246603,21887.13134114779,184.01312484399517
panama,326.2663154884805,371.8251075509803,2019-01-01,33203.06166102649,48186.6629566181,3214.0728631649495,419.1034313965077
the_bahamas,4.275380725367647,4.275380725367647,2019-01-01,1232.576248731434,2194.068688374754,2926.5274896977826,79.6758781448529
liberia,24.67109810220588,251.33123917248847,2019-01-01,42324.10788228633,91633.29836832052,269.4943020033701,230.18633160024524
bangladesh,65285.78652640234,87819.2205922811,2019-01-01,3988.23390838431,13467.973777637317,3539.9310004072913,1080.1178194844358
honduras,2023.3916053432,2215.2293621347426,2019-01-01,27653.007939045692,76296.0816163524,5686.380762493385,280.52657328425244
nepal,21109.204206732917,22254.825272778377,2019-01-01,36888.12396201676,64326.54045660769,24275.80618937306,335.7512668676471
colombia,2135.4428240784923,7401.118994348585,2019-01-01,583910.2256323071,730550.4899161459,91948.88717961356,4152.778453937437
sierra_leone,373.0990991446691,5849.1682684517245,2019-01-01,1890.9781732510412,34459.08137600259,757.9242659374387,192.58717778339457
thailand,194634.59517134365,207406.25161945572,2019-01-01,118002.97266056135,200940.07337787616,34778.23762929272,5859.274463295833
chile,4083.34505636213,7292.023570534013,2019-01-01,154813.91630626866,187247.77335983727,93998.15795304305,4207.823761288236
philippines,22066.48835800031,46912.94080601914,2019-01-01,92320.71150930092,167174.00942164645,16432.114141164813,3137.071363552822
vietnam,40668.301754720495,66429.13851574565,2019-01-01,92908.44697941956,157017.75817494214,17841.083089422427,5310.276225624878
bhutan,83.36608246973039,114.28374970943624,2019-01-01,27690.47881402469,29751.231534104045,5780.8321058719275,20.753525477634803
equatorial_guinea,7.715754734374998,11.449169171874992,2019-01-01,21389.801173917815,25440.21330125083,60.06179543235297,46.267463901776956
nicaragua,3437.2185704453436,4280.389030083217,2019-01-01,20844.92688653493,64011.27501615202,7529.275343506682,202.51283333707107
latvia,9057.805872803085,10842.7284758866,2019-01-01,23184.134723070656,40097.7424697989,4929.140516448408,223.29653002267145
brunei,0.248905734375,0.248905734375,2019-01-01,4644.8652246489455,4900.157817400413,152.14027435367643,211.2093073947916
united_kingdom,49750.312403857286,65675.79042471142,2019-01-01,12657.002243046243,15583.93346227579,47925.73959018347,9592.212663326414
finland,184.35552945312497,184.35552945312497,2019-01-01,83956.92697920743,245933.8234388388,12430.390568750365,592.9051040793504
belize,59.806806589522054,87.08414572334561,2019-01-01,13942.336641779037,16963.010259149498,2359.0041378626843,12.011753702757357
ireland,2147.7049476648285,4957.855136982661,2019-01-01,5281.904317927696,6114.481112440075,23166.49925571836,374.4774823539804
norway,1564.4322020686884,1801.9211786556984,2019-01-01,46289.03916506734,96470.26129322124,118027.7439571572,430.4632628251841
haiti,5888.536728380075,9668.794706079325,2019-01-01,196.37600419773293,3608.952953877517,2966.188756723717,373.8096001077821
venezuela,8315.877185318343,9131.20900880315,2019-01-01,419302.71734400187,490282.5175984831,201454.06907934745,5223.875306034744
el_salvador,1429.965440827331,3500.07097269253,2019-01-01,1850.76323239559,7224.325899589524,319.95331547499984,190.78436777573543
costa_rica,504.21046420551494,521.63989197114,2019-01-01,19670.768821649297,40270.88448978962,3422.327578057232,466.8184375367645
gambia,4541.601400360536,4548.076946548036,2019-01-01,0,0.249064265625,4787.920992997976,91.23272363841907
guatemala,2868.7129132243895,6002.058039116304,2019-01-01,34287.108438220384,71487.49647616815,4879.22317213027,407.8151133056994
malaysia,3096.217078720893,5711.312653700366,2019-01-01,222606.90539917364,290181.52953844547,10204.802579640316,4692.6689665563845
north_korea,31876.75656404053,33257.23411426191,2019-01-01,56378.04022951992,70037.36923625256,9577.733627091728,1881.9862026384196
mexico,124706.32075608772,142695.3328278491,2019-01-01,262966.0282135964,488809.51430214336,461516.4354498809,9764.831459778336
belgium,9535.946977887996,12931.634314618886,2019-01-01,4688.513824154844,5485.4975452866465,2096.5881772440553,3485.1895447928305
estonia,4163.521928604468,4671.775731472422,2019-01-01,17403.058848559183,30489.83588971212,4203.7166011109675,190.07304020177705
lithuania,19851.848176601885,20784.289665605273,2019-01-01,14572.697920912924,20972.400016423395,11254.502790066354,370.0230523962624
yemen,3634.0115498681407,3650.949991258766,2019-01-01,0,0,25670.03741674247,849.374283834988
djibouti,0,0,2019-01-01,0,0,5335.174950608089,17.643950066850493
qatar,0.7484361562499999,0.7484361562499999,2019-01-01,0,0,20.45813084375001,357.32188955716947
somalia,1116.836103995956,1139.4845458865811,2019-01-01,0.7466516875,4.728800390625,245546.21862772937,311.2408570667279
kenya,22467.133033962644,39220.84743019671,2019-01-01,6875.704660153064,12121.568304543996,427726.34035912587,548.6140485695473
uzbekistan,48143.827671418585,48143.827671418585,2019-01-01,0,0,175823.7214847734,10745.348238764578
china,1219252.5281478788,1462509.0551625767,2019-01-01,966497.8849047776,1827610.6941455817,2798604.4130733754,140189.84655404274
belarus,53955.66104732523,57353.04112673728,2019-01-01,65615.53247488137,99862.75169490388,25657.34537892026,1447.4394534094345
pakistan,176470.60538935874,178134.31938739444,2019-01-01,1671.4918375373788,5818.38538644455,109338.30786135123,6523.96754244204
somaliland,0,0,2019-01-01,32.61936789062499,48.55551485937499,13581.110883705873,81.41532718590685
jordan,2573.9236975961417,2576.4220607680177,2019-01-01,0,0,1260.59554213511,817.884250735907
mongolia,296.794003470343,296.794003470343,2019-01-01,11995.683515880828,39219.0825084979,1015585.553069102,992.0251458827208
turkmenistan,14962.795491975976,14962.795491975976,2019-01-01,0,0,103236.89715046392,1685.187787525981
russia,1104224.0177234237,1206402.2144676684,2019-01-01,3795548.300545373,6448430.255541701,2301204.968928219,30147.51340758925
france,187543.93914680756,245105.2508340172,2019-01-01,71860.00634021459,132151.60598865084,35830.21822837554,13019.859186718457
republic_of_the_congo,56.40186617138478,518.6053208707109,2019-01-01,217188.21181955596,242263.44573760676,33392.43119566786,564.8856752318022
palestine,2015.6344591065588,2019.1321474190584,2019-01-01,0,0,1983.8999506773923,357.0393845026963
democratic_republic_of_the_congo,461.7519177109682,1114.243395618628,2019-01-01,1249791.2122991283,1604230.757929728,60020.53301677717,2855.5450544274527
austria,13133.518874715295,15240.25381835684,2019-01-01,30379.045179077984,45172.97930718876,12589.383711575054,2110.812570373652
gabon,4.8245033053308815,222.2423838004903,2019-01-01,206907.419304694,239890.54241304545,8099.464895272177,297.23196629368863
canada,481570.3681006065,501902.1727630524,2019-01-01,1610932.349995261,3443647.587767207,1920958.337587098,9925.848924137135
ethiopia,163396.07641877022,165537.05671962956,2019-01-01,32006.80841935554,44242.40417349616,502605.1041278564,1080.9307042344994
guinea,7124.823075881864,15000.302497116669,2019-01-01,2584.6579285962625,15408.437983619511,25780.61334861252,362.0671562882966
nigeria,309201.0323785458,378717.8221270161,2019-01-01,24492.32287275924,46372.25895083469,343071.6941484346,8565.106430253982
new_zealand,1423.0215753305142,1502.8865244734682,2019-01-01,102490.08081310916,114385.5393802063,90529.36237803732,1119.791567062745
uruguay,5116.230478267221,5348.411319049941,2019-01-01,6823.358833666549,8344.977989030882,96676.79358237732,1086.622430043875
india,1934056.492274148,1996370.849948906,2019-01-01,300470.51937668223,426884.779601814,249523.12523127015,36160.28338706089
iran,76048.55711310543,76311.40447085543,2019-01-01,11124.690220027534,16276.64056974296,339769.8367826392,8359.25600948241
conus_ak,1370830.565183904,1493104.7220590434,2019-01-01,1323606.6242546248,2545813.281501804,2885469.993865038,135523.54877170594
hungary,56685.128131460224,59133.123384237086,2019-01-01,10305.30195904496,13931.146708477258,8370.763018799871,3606.734476225306
united_arab_emirates,2.2454326718749997,2.2454326718749997,2019-01-01,0,0,225.707226670098,558.8204357766546
croatia,9134.67526205124,10552.21529671484,2019-01-01,16481.17033142716,24717.200508735128,7120.23115569247,650.8209824359074
germany,122144.36775388524,141950.34376754405,2019-01-01,84872.12391147611,101037.335994249,27778.76884150394,25272.355447724494
bosnia_and_herzegovina,4263.755340075438,6942.331273895776,2019-01-01,18670.54909159591,30477.896930204937,5551.013362146077,380.879955327451
slovakia,15591.43744956471,15893.071465554296,2019-01-01,20084.286198220125,23879.850975682315,3037.2501709229778,1698.6030819998157
netherlands,6479.625331561022,12260.892643833631,2019-01-01,1874.2416874676455,1971.9362055216309,5178.108734295406,4755.3728989579095
afghanistan,15766.45854804564,15766.45854804564,2019-01-01,173.77966005085784,576.0418303194243,241351.5149432522,915.7527680829048
iraq,52258.142897650665,52345.59738669753,2019-01-01,0,0,78240.93884243352,3767.2376961632935
georgia,2346.295881647796,2377.594233225919,2019-01-01,23625.42173670113,33144.50339605926,24324.113031201836,864.5613076677084
rwanda,5199.533501457234,11759.079397775517,2019-01-01,1318.2318198925857,1463.052889646077,6293.4687068321555,120.58003698063756
ukraine,375483.3526094704,391106.5991196165,2019-01-01,58700.83748059661,81792.11690261544,37313.1409331563,10363.440720576216
czech_republic,33393.41526588711,36917.3866811418,2019-01-01,20990.845686037268,26439.880055380698,3845.164113957476,3446.6808747818036
israel,4813.605924789528,4814.855184742653,2019-01-01,12.992546640625,21.237687265624995,3713.280785674882,1121.6393609335162
saudi_arabia,2830.819843156061,2830.819843156061,2019-01-01,0,0,20018.335495722924,4698.176921607165
syria,44597.91800091464,45709.20531894693,2019-01-01,89.55107814730391,160.88257101403195,16001.641325404767,2681.6314561523295
romania,102952.80854670177,105526.7545603126,2019-01-01,60296.62487840642,78841.46671595832,16765.475575510125,5348.4021960123755
moldova,27660.470420579808,28411.06192789636,2019-01-01,1140.2815359647675,1368.3033648055148,1156.5216743760416,1014.9368846804532
burundi,6621.138894063236,13407.478641844064,2019-01-01,415.3545196039211,503.0886223957104,5109.9835872999965,85.6197452968751
kazakhstan,127056.55545207128,127932.82052213668,2019-01-01,10613.167727896947,19761.1507489016,2330355.0251326784,3661.931438372795
sri_lanka,3772.102617843324,10350.585417221308,2019-01-01,8777.38252798963,31467.99262669591,4978.190410031182,458.2438147292281
angola,3265.726266667093,5006.079808240996,2019-01-01,116530.75071518852,324013.9550935221,423567.1900863632,1012.809583869853
azerbaijan,24620.877126763902,24715.80797297531,2019-01-01,3516.275660628368,6051.697931827328,44430.39133248603,2090.860813954533
denmark,23043.52286381028,29351.82095695951,2019-01-01,2271.158594871814,2311.4996547705887,1375.2271860708329,874.286788708272
tanzania,16232.29053201548,20420.74915681279,2019-01-01,73302.45182153574,93696.4040692332,384863.64496325585,1131.2231861996313
sweden,12651.89065140022,14237.338149614498,2019-01-01,142288.0336329175,318955.4953038814,23683.526084225723,1435.8252257261645
montenegro,28.366924181127448,49.40501188480391,2019-01-01,2522.720099205332,5592.513721081063,3342.4338311138467,95.74583944129904
morocco,73102.7860596412,73240.0036513287,2019-01-01,966.1856830816794,2152.7112178465677,56112.5252043936,1955.245606633272
eswatini,725.6590972413597,734.3928173663601,2019-01-01,1408.9226468151344,1996.8045497931373,9163.053507447536,29.446777796875
zambia,3227.0421814237143,3278.8366365018396,2019-01-01,94847.87319430806,191358.9152532065,199030.77328216672,899.5769161634811
algeria,56668.33099802486,56940.55136264814,2019-01-01,4021.636085962811,7056.131861500627,41991.47380415185,3027.839187794976
tunisia,25427.36327584571,25498.241031066165,2019-01-01,807.6138922646452,1376.9541489950382,8620.387720248711,1245.698284671446
albania,2456.454415741973,2929.7619808782474,2019-01-01,1303.0648342345592,3149.05400748082,9167.680576145216,225.06273197555151
lesotho,1010.6714332844356,1022.9053463781854,2019-01-01,0,0.24974690625,26497.358176987986,82.14383799644612
uganda,25111.987258366553,97699.95685041428,2019-01-01,7101.1093839912355,13850.31285101277,29548.76355339707,555.0106546093745
guyana,1588.3776608331482,2092.8021436492577,2019-01-01,182528.8087893176,189943.1056691419,13181.919358072308,145.81332854730405
eritrea,3920.5599700293496,3930.02557896685,2019-01-01,2.7403623125,3.23860353125,41700.63952147635,82.35077386446079
argentina,337620.54426434496,343365.07349084876,2019-01-01,109186.07992016418,212505.9719905674,863771.8597979011,17380.088052125444
paraguay,15386.461210503074,30720.479490702462,2019-01-01,32506.945997921408,88787.71155124312,32456.307966914792,1411.3611349443008
spain,127526.43766134616,130044.4595466393,2019-01-01,35355.841547790624,98224.29950888822,130977.64064261108,5396.00940968817
tajikistan,8080.764535915559,8080.764535915559,2019-01-01,0.8625505441789215,0.8625505441789215,61813.5331618306,1286.8668816058837
libya,11918.039323838788,11918.039323838788,2019-01-01,0,0,9324.981490889151,1335.940223581862
kosovo,1797.1381915101688,1909.95314118517,2019-01-01,1621.8976058402582,3792.5993440313073,2276.3387523706483,131.84489481115196
south_africa,68880.92028163825,70944.23550091403,2019-01-01,20178.302094867333,36219.62136719499,549001.9747963016,9989.781210710727
republic_of_macedonia,2759.5734289411134,2777.7289224969973,2019-01-01,3917.597142584804,8274.23001338137,9691.01254517854,388.9498187335173
bulgaria,41230.93858972764,41722.703958095626,2019-01-01,25713.32586662365,40452.24339735053,17933.422857866357,2545.5104813094354
kyrgyzstan,12260.05331455747,12293.850029448096,2019-01-01,265.0358564145833,582.7406487232231,145287.30243912304,1830.696428721445
italy,98364.80435477736,113012.88928914776,2019-01-01,48429.58698412074,84914.90678948337,32355.112226348756,14207.9528653731
madagascar,3924.313349167469,4331.562837933095,2019-01-01,58683.67510162577,111466.54741362248,389071.0562098632,258.0674304650122
brazil,320478.09131884977,404219.3608837204,2019-01-01,3562404.8208263945,3940674.6358694048,1918896.4566640584,39335.44646999363
greece,26489.38275048516,28375.3217617878,2019-01-01,17404.838482690873,35995.87996345707,26069.9453183614,1881.6593734423425
turkey,212011.50632211115,218413.17999177505,2019-01-01,46822.174964743404,89371.63051629442,370494.1570174464,9211.043434473042
portugal,12305.96271058505,13903.419951357118,2019-01-01,5365.978474716789,20983.222170650984,23286.36618089451,1216.7382513921557
peru,11553.923210726902,12292.515308836282,2019-01-01,720002.6579867236,756484.8521017547,326121.5316808041,4754.331945887684
bolivia,23224.761737055152,24217.926814192913,2019-01-01,490756.78462768457,568583.2590391818,174289.9564512806,2026.8514995579053
namibia,620.9406498365819,634.645919570957,2019-01-01,3.631307845772059,3.976263304963235,191734.0101980488,277.3758406708333
malawi,25278.991820007137,25826.017987167368,2019-01-01,6116.693408411329,8754.579845166176,36694.93451773859,192.77723533443657
mozambique,6809.728215827451,7410.907430694425,2019-01-01,106167.23012557536,157523.292512138,166258.52213919384,1136.2400619962618
egypt,29022.145640861097,29821.107664267336,2019-01-01,0,4.245774234375,7873.49070613088,4619.550972296813
zimbabwe,18489.88159871744,18566.89503502995,2019-01-01,3515.138349993876,4594.840977679708,300075.72711673955,549.5004748897057
east_timor,485.8355393875615,521.408316950858,2019-01-01,2944.6365126731607,6566.672202578318,928.4414688784314,41.37211790759804
senegal,24011.736344020686,24101.162279301938,2019-01-01,135.51440114264707,151.6715336344363,159167.03141328803,571.0872785371938
mauritania,74.75024393155634,74.75024393155634,2019-01-01,0,0,152056.51703599916,154.62103615398283
chad,108043.04201051744,109099.36698587662,2019-01-01,5849.500982258954,5850.994769087079,429763.12824494846,311.99744693749994
taiwan,3791.0681758954,5725.51798144816,2019-01-01,20565.83547117638,22808.919177720632,597.6851971661151,3117.56123306085
mali,17499.403876984074,17522.32062196845,2019-01-01,5.2290994531249995,5.976148421874999,487181.73454520386,492.0747386108454
switzerland,2217.9563184027616,3721.860480346624,2019-01-01,7376.092456930028,13089.11405293952,12133.113110324017,1342.4817959449138
suriname,334.31155382261045,335.80505774448557,2019-01-01,136761.02749190215,138516.0843408458,1495.6381568782474,125.95100621874988
australia,269305.46943170996,270190.14474410727,2019-01-01,239034.1925124254,385699.351881087,1786202.109830314,10391.48906564957
botswana,30.929580912132348,31.92735044338235,2019-01-01,3.24019478125,4.486314749999999,322539.4684069701,473.8502275223651
french_guiana,1.244573390625,1.244573390625,2019-01-01,80617.72013649101,81620.4507953603,222.14783263468155,62.29627564724265
indonesia,50365.10130300886,124871.58578516872,2019-01-01,1159929.5537329223,1511767.8829362183,43894.21558091772,14062.757235891788
armenia,3065.8348926591916,3065.8348926591916,2019-01-01,1544.1581026676463,2129.7948588984086,21050.95288365263,897.2039097843137
papua_new_guinea,297.0609685344361,1250.8933250062505,2019-01-01,385414.04503685824,417235.4334204158,8219.198647386454,210.4142141563113
serbia,26843.594408189372,35817.709103956506,2019-01-01,13313.984517158136,28855.71200404942,1781.1694985435663,1787.1843883356012
oman,206.0162209350488,206.0162209350488,2019-01-01,0,0.24915975,4939.8317728744405,300.26314224724274
lebanon,2265.6326373772713,2273.630880799146,2019-01-01,68.23321979687499,107.22220387499996,3581.3827937794226,440.34285247959497
slovenia,1047.311184277757,2120.4077308728556,2019-01-01,10630.01860545601,14514.312989827567,837.6750575294118,369.0868857514092
ecuador,4067.881979682096,11029.690168557116,2019-01-01,122097.8089454084,152782.73572194728,17935.406768140794,2704.5917318798975
ivory_coast,201.18187026476713,7279.971472244429,2019-01-01,7786.659086450551,42748.50288207968,44301.863820729865,1784.6427609501231
central_african_republic,936.871887968811,951.3457997272668,2019-01-01,232933.86689221585,271237.5729312375,40846.38628757071,296.49935890079655
south_sudan,18195.524746402167,18201.44795284665,2019-01-01,11329.024702001583,13887.346538887805,237801.99267030213,85.12551801470593
ghana,20563.363026154333,30049.935100510404,2019-01-01,9183.283513894728,35855.23542644947,93289.53400069172,2849.582085513477
togo,3689.8760147479206,4220.699435188608,2019-01-01,303.35143051397057,1294.5445210843145,26788.346618153053,456.67053776899553
cameroon,56018.01213007006,67410.14807451132,2019-01-01,210379.09967636815,252499.93628904223,13402.26814704463,904.9641898549012
benin,43949.78942871137,52663.34547237426,2019-01-01,827.338837572181,832.713959364215,37295.02126666136,671.9553481288016
sudan,75266.43840558996,76179.960672433,2019-01-01,224.5645807301471,225.5517465738971,656069.7073714221,3032.578717560543
niger,20725.89625392459,60605.93963840049,2019-01-01,0,0,237714.00523235576,481.0180780409929
burkina_faso,15882.61708162751,17291.83770765197,2019-01-01,4.731167234375,4.731167234375,253265.100923716,393.5793743966912
cayman_islands,3.606755952389706,3.606755952389706,2019-01-01,17.486500145281862,32.05458174718137,6.7160356181985295,16.505031442708344
british_virgin_islands,0.99686440625,0.99686440625,2020-01-01,11.805029050245096,30.461058779044148,14.47530088082108,1.2460789062500002
montserrat,4.29139440625,4.29139440625,2020-01-01,18.15541606372549,28.76862002261032,26.97465140263481,2.8345442230392157
poland,133495.05875512448,142466.3460242221,2020-01-01,77377.63349891806,101623.02214175936,28296.837591312586,8337.45771347979
guadeloupe,181.52247598118865,367.2526041383576,2020-01-01,684.3028936937509,1232.3265493363983,554.3091471305156,68.58740853560049
saint_kitts_and_nevis,3.220697626409314,3.220697626409314,2020-01-01,69.33974599540437,88.16470786127445,64.4203078071078,5.570827462071078
barbados,100.7892978233456,100.7892978233456,2020-01-01,8.966048546875001,10.958507015625,197.15281490361596,21.27121212414215
myanmar,134224.79464759104,135357.1344376405,2020-01-01,327479.506796208,440986.1147758284,41099.77888345183,1561.0480487284303
japan,24395.652509762735,36052.681599564705,2020-01-01,237731.08872280025,260683.1899158429,15756.517203812617,29199.55981515158
trinidad_and_tobago,68.24431787040446,73.47311113602944,2020-01-01,2476.4305797240813,3268.4160901259743,744.1420914901972,361.2136784478551
luxembourg,451.10233384638593,658.9341563806989,2020-01-01,486.79796823272056,771.8081578389694,212.3086176050245,165.42961776660542
iceland,0.25158434375,0.25158434375,2020-01-01,45.95974625637254,55.77529417824755,55345.953670827395,47.373451718995085
cambodia,48262.55660679251,50693.647124271454,2020-01-01,42790.92024215959,56441.56387042949,29487.08592368646,472.5612493213234
guinea-bissau,67.02414940857842,67.02414940857842,2020-01-01,1124.9565012213843,1895.724415632412,2125.4765374827207,44.77304725569852
jamaica,341.8060624779413,631.6265891185656,2020-01-01,4082.654576621321,8590.707906987873,314.5803343911765,360.4432726901352
puerto_rico,561.1963383601725,776.342114103678,2020-01-01,2043.5129011581469,5696.957114414334,483.6840510220589,1172.13060642635
south_korea,17039.75224123255,18477.59511381712,2020-01-01,42874.38985068342,63755.631283076305,4136.625737630145,5266.506489696262
dominican_republic,2348.878414192155,3907.059319974251,2020-01-01,7731.649870946941,24263.524865456195,3295.2597959561895,794.3502580156243
cuba,12027.99796228922,32605.0695242129,2020-01-01,24593.176003135177,42185.19765963126,2523.5903914857845,668.9998084306372
laos,5226.80566964724,5308.376157300856,2020-01-01,128224.7577817118,183385.02297818937,24125.07188270857,186.5051327814952
panama,363.3388400191177,406.90601653474266,2020-01-01,33025.39645112163,48225.339396268944,3333.0238637409902,420.8461700371327
the_bahamas,6.5118969299632345,6.5118969299632345,2020-01-01,1214.099664765503,2173.1485407127448,2997.6938221620603,79.6758781448529
liberia,22.036611811825978,262.78465265778243,2020-01-01,44779.45059192894,91877.0770207672,247.41458003026972,240.37555328137293
bangladesh,64631.68407695089,87296.2292624499,2020-01-01,4391.912808913234,13592.95802517874,3491.551448519854,1088.8477625625603
honduras,2340.45236298223,2527.2325856735915,2020-01-01,27228.23855841777,76561.1276584745,5983.144002435914,286.25633190925237
nepal,20463.500392485857,21690.62089705454,2020-01-01,36661.920657353425,64638.08140519408,24178.191760909092,341.9913323363971
colombia,2500.92207152151,8182.522852549316,2020-01-01,583391.7105795984,730352.9829714771,92957.12774478956,4164.477339874937
sierra_leone,373.6230046335171,5648.937910732662,2020-01-01,1914.6278851186887,35649.90376651706,806.5826900574755,198.31308503339457
thailand,200457.5326793449,212485.02682016208,2020-01-01,117375.45715388015,199684.0646113963,32615.109143246256,5921.012037633517
chile,4413.119683265375,7293.737794452884,2020-01-01,152429.41318475117,184950.01338090724,96833.46183217644,4222.809896163236
philippines,23260.286762422787,47288.69955620097,2020-01-01,90505.34089915302,167328.88525661157,16992.649574882355,3154.0081149735306
vietnam,40836.923230182794,66734.8578412132,2020-01-01,93214.35715284589,156762.58496056477,18009.832950959622,5394.582417736705
bhutan,73.0258510132353,107.65864106495091,2020-01-01,27765.593549225425,29751.50831493084,5928.480158476832,20.753525477634803
equatorial_guinea,6.9690647031249995,10.951354281249992,2020-01-01,21224.497971839886,25505.051863483062,61.724956272181416,46.267463901776956
nicaragua,3848.502488978615,4637.962361931745,2020-01-01,19801.014148995713,64959.64279652202,8310.043051706312,205.25217929019607
latvia,8923.7924601892355,10443.975502386846,2020-01-01,24937.293397836587,41820.58498889136,5250.48247356685,224.0502770070464
brunei,0,0,2020-01-01,4650.032622800233,4904.913292134175,155.1779157806985,211.20930739479164
united_kingdom,48156.8336013058,65954.16568641391,2020-01-01,12478.867579116402,15707.241887964286,48928.72158398036,9627.21383330362
finland,214.03527212500012,214.03527212500012,2020-01-01,86137.56110053453,246626.40677931285,12801.718449246931,596.1740650637254
belize,95.0428679764706,109.35535768511032,2020-01-01,13993.790990214637,16936.379239465306,2546.864244208577,12.260938077757356
ireland,2192.313948315871,4903.304377215259,2020-01-01,5201.964629966974,6086.750243550122,24284.30149075379,375.2306108071054
norway,1704.8463179918513,1924.9906101101103,2020-01-01,46305.6318899248,93975.5942819108,116009.9807885783,436.41205672794143
haiti,6044.8175698542755,9819.748668826378,2020-01-01,207.0829461107232,3761.5530063311912,2865.122807014035,376.551072264032
venezuela,9369.943677382927,10006.235166914605,2020-01-01,422946.6294510771,491276.3161964532,208038.46052366585,5225.377051773837
el_salvador,1443.0591901495125,3376.0860453515975,2020-01-01,2165.611417121569,7813.3716599968175,328.52196999571083,191.7806463226105
costa_rica,523.8641086913608,535.5667248944859,2020-01-01,19735.05570707227,40499.063086238835,3646.7977333083336,470.0552066930143
gambia,4664.468161884434,4670.196508259434,2020-01-01,0,0.498127578125,4665.910882285048,91.48178434154408
guatemala,2780.117509253557,5848.8467618052755,2020-01-01,35285.515409006934,72116.35860732947,4693.382246979963,412.04978661819945
malaysia,3176.3153671982227,5780.009146448646,2020-01-01,221908.0965200484,290505.25384092925,10004.019575558032,4721.390751027094
north_korea,31488.448307248924,32834.99491474445,2020-01-01,56862.667242448,70730.27714766545,10052.132651397858,1890.496637692831
mexico,123184.05213957035,141733.667231679,2020-01-01,259897.74960041244,483806.1900784098,463391.82767135184,9840.62774635646
belgium,9513.585528264468,12910.518501196824,2020-01-01,4674.310800408275,5550.013714528008,1658.825982115134,3495.9782884959545
estonia,4217.117651693011,4607.709201694726,2020-01-01,18619.479902512805,31506.66065755232,4208.955197429228,191.83244952990205
lithuania,19106.337230991172,19846.60690605748,2020-01-01,15624.12756978585,22260.798997514343,12199.757756793488,372.2832852712624
yemen,3885.464729487258,3904.147656034133,2020-01-01,0.249117109375,0.249117109375,25750.04884492929,851.3670158818627
djibouti,0,0,2020-01-01,0,0,5899.513808597242,17.643950066850497
qatar,0,0,2020-01-01,0,0,19.210485078125004,358.07036265091944
somalia,1183.2025689515317,1207.8371403721812,2020-01-01,10.950920250000005,21.496780383639702,252768.2118052987,314.9547978985293
kenya,17788.628746160484,37060.45501886865,2020-01-01,8344.223773069354,13929.907035401768,422225.1547013669,551.8496326632974
uzbekistan,47995.35013036352,47995.35013036352,2020-01-01,0.25047178125,0.25047178125,168446.6824036007,10757.111885108328
china,1207418.236807655,1455136.8650406331,2020-01-01,983487.5200304822,1847669.5483914572,2795631.1478394084,141640.36479886906
belarus,54758.08119133551,57420.30874947765,2020-01-01,69034.99700138575,102611.43666430694,25123.69391829237,1452.961956503184
pakistan,176942.63293720718,179079.77336012785,2020-01-01,1814.757001222368,5995.902847875008,111134.92419260308,6538.146884714038
somaliland,0,0,2020-01-01,48.80451721874998,55.27857156249998,16515.769805548174,81.91332195153186
jordan,2628.880445178434,2630.3794596471835,2020-01-01,0,0,1273.8148101268384,819.133134860907
mongolia,243.29230064528187,243.29230064528187,2020-01-01,12881.310984033214,41303.56885736395,1011946.8370732268,992.526598492096
turkmenistan,14559.500292971565,14559.500292971565,2020-01-01,0,0,107811.10929079734,1685.187787525981
russia,1090225.037143383,1185301.8786989986,2020-01-01,3808428.6923365225,6479652.344845171,2296396.0392313185,30285.096416695735
france,184464.56326980685,243937.1992657682,2020-01-01,71170.67816759282,132671.94938308254,33420.19271552361,13040.253261935792
republic_of_the_congo,56.72266804485295,590.8060915852332,2020-01-01,216159.44317042144,243205.42496240395,33072.716007368435,569.1169845755521
palestine,2022.9935924320496,2026.491261072675,2020-01-01,0,0,1925.3882668259816,358.03859765894634
democratic_republic_of_the_congo,370.8882851073528,1140.9398997932603,2020-01-01,1253829.470882642,1612114.647585417,56847.00752283797,2883.673992958702
austria,13017.841572801022,14971.742772256046,2020-01-01,31157.69789150023,45789.44299681842,12882.485937090987,2116.0779648111516
gabon,3.2589288667279415,225.15668854938744,2020-01-01,203105.03697965993,240298.063328717,8139.514098106918,298.47638005931356
canada,480727.8251213467,501413.86751213635,2020-01-01,1601460.028405669,3450615.4031597697,1930429.921941989,9959.157852838853
ethiopia,154917.3809072188,157338.18792098438,2020-01-01,35795.09009680253,49579.30000791186,506725.983705856,1092.880791703249
guinea,7797.039640414705,15300.993185381478,2020-01-01,2683.140123913051,16055.912279169885,26681.149459961627,369.28736991329663
nigeria,304447.47913857136,378227.3263818663,2020-01-01,24211.81712772872,46522.934906519666,348027.1201696914,8679.539175907472
new_zealand,1494.29036426924,1579.163126537194,2020-01-01,102718.59924477409,114064.2568139124,91531.36870077872,1128.3013940780636
uruguay,5918.804731468934,6113.315732247792,2020-01-01,6109.009790050186,7574.949749348593,103445.03465069956,1090.87101527825
india,1931263.76666174,1993782.22928712,2020-01-01,307164.829540009,434607.5686340325,241447.76492903932,36509.896787699094
iran,76389.60586503168,76661.4573719223,2020-01-01,11497.33570065322,16435.7803243551,343687.3195307795,8373.755318091784
conus_ak,1355339.8225293085,1479076.32456948,2020-01-01,1317273.8658003353,2549019.1407288415,2891625.427763441,135861.81378440087
hungary,55189.001667367294,57687.040971087015,2020-01-01,11069.450903793371,14630.797890832944,9312.62979557505,3612.500284694056
united_arab_emirates,3.4929017031250007,3.4929017031250007,2020-01-01,0,0,235.19584447898285,563.5077352875
croatia,9078.397747351297,10552.839763692044,2020-01-01,17310.163792937947,25346.597676029683,6957.007455323536,651.0715865140323
germany,117394.97567285284,139143.19215496007,2020-01-01,85298.3673865383,102621.14119280947,27513.01136446606,25309.966016870825
bosnia_and_herzegovina,3980.38542398824,6339.491902661034,2020-01-01,20485.93206265614,31642.20325329083,5517.089598063726,380.879955327451
slovakia,15381.72604630086,15624.099291903069,2020-01-01,20913.278759499673,24502.769616094185,3088.708511221445,1701.1105139216909
netherlands,6268.560458431857,12082.292174396309,2020-01-01,1918.1313584286752,2064.6243654102336,4614.306025914519,4775.46455523199
afghanistan,15261.889630391654,15261.889630391654,2020-01-01,183.02897803523285,621.3569426374389,243963.9843624989,916.00272262978
iraq,53817.36730058874,53862.84495708873,2020-01-01,0,0,76033.83942409935,3790.235220491418
georgia,2074.1552804598036,2102.6993878191784,2020-01-01,24272.255422285132,33684.390570118834,24434.803987892883,865.8131781208335
rwanda,5252.169780657775,11751.500723476684,2020-01-01,1324.0372845293498,1487.860683137071,5766.535087109672,122.32223580876256
ukraine,377657.17183272785,389399.9239813675,2020-01-01,61430.29526724167,83699.01741328149,38738.88446218318,10387.264137357464
czech_republic,32883.034091813715,36344.09543534149,2020-01-01,21505.771596085495,27552.492182380814,4190.608170052266,3448.9385208130534
israel,4915.708918823839,4918.457083183214,2020-01-01,13.742357578125,22.986884234375,3604.192609576228,1124.3873520897662
saudi_arabia,2253.130591105326,2253.130591105326,2020-01-01,0,0,19153.50067976875,4706.6585625915395
syria,43478.033568212275,44507.667864354495,2020-01-01,81.87518947837006,148.4269048976103,12408.84760154827,2684.6310180429546
romania,100953.09064418376,102640.39700000084,2020-01-01,63516.69132427272,80827.166278263,17515.715455754227,5360.430421559249
moldova,27139.73209088888,27539.02350806921,2020-01-01,1218.0446325391545,1344.640687914154,1950.8511511286133,1016.189935164828
burundi,5519.155119306253,13478.939252557304,2020-01-01,435.20376498033056,531.4382418237129,4327.43263567371,87.61089456250008
kazakhstan,117629.61546641674,118264.9627798588,2020-01-01,10900.544595257736,21088.66453276868,2326900.0118326517,3672.464638497796
sri_lanka,4194.123533945833,10679.45495145262,2020-01-01,8749.139696809238,30998.860879358523,5086.281134294912,464.46228617990215
angola,3362.7923017008497,4868.266155199141,2020-01-01,111874.9537774024,321124.74649773416,426663.0519378673,1020.5275746511028
azerbaijan,22304.33345672917,22378.0422747538,2020-01-01,3701.9570604442392,6188.311528509132,46766.684102824715,2096.7422366187493
denmark,22843.392042928674,28989.97961690111,2020-01-01,2511.252821760599,2574.5921766274496,1641.8380656884185,875.7939204426469
tanzania,15148.23665370586,18208.85868854636,2020-01-01,74809.74439049883,95498.49559988196,374230.5298465512,1143.6696602465065
sweden,12536.152678581228,14181.184562834287,2020-01-01,145023.3545081293,316602.761163404,23097.272900363147,1449.1246021577206
montenegro,26.800322346323533,47.69891197481616,2020-01-01,2755.0371685939335,5797.629505933332,3227.9189781436876,95.99624592567406
morocco,67761.89203281932,67931.6027502568,2020-01-01,935.8816425809434,2053.734479971567,56290.391186557135,1961.242756102022
eswatini,707.8394572479161,718.8188745447915,2020-01-01,1240.388563522427,1863.896170452083,9335.857679120269,29.945871937500005
zambia,3082.456174688296,3124.5368752351715,2020-01-01,86539.30303262596,185124.4756328017,206413.20978503005,907.0494138509812
algeria,53371.65011169767,53622.28213730767,2020-01-01,3952.413130221086,7029.457526185558,40856.37551928159,3037.5806031175252
tunisia,24276.145268006032,24356.11013628666,2020-01-01,779.6464090210178,1381.625130378248,8099.947547002387,1247.7201996833337
albania,2295.677109774572,2849.5718693107847,2020-01-01,1449.1141515710783,3531.277468687687,9059.467691782593,225.56332138180153
lesotho,1260.9137021289805,1276.3933592539795,2020-01-01,0,0.24974690625,26848.456704948137,82.89289449644615
uganda,19987.14124136904,97599.00333444343,2020-01-01,7323.194592114458,14285.66880741662,28355.461919701826,560.7349645312496
guyana,1610.7887778794104,2086.2252938020156,2020-01-01,182442.62663855107,189955.9125356149,13180.319679302642,146.06225707855407
eritrea,4134.898805013294,4147.353628825795,2020-01-01,1.743867015625,7.971909796875,43757.170740256945,82.35077386446079
argentina,347295.65756695403,352914.0197405478,2020-01-01,98258.540558153,204873.7063488974,871767.4421368075,17384.335921625443
paraguay,16749.70809619155,31797.07297857052,2020-01-01,17688.52356128025,73307.06350842131,36590.84897056612,1412.3590877724257
spain,133066.53846381087,135685.17885584,2020-01-01,36219.069523088736,98331.51442071729,130148.21493480688,5406.5491739448535
tajikistan,7833.399173179962,7833.399173179962,2020-01-01,0.8625505441789215,0.8625505441789215,61602.362978677505,1288.6181381996334
libya,11451.791636639706,11452.04149228033,2020-01-01,0,0,8790.472462204967,1336.4516710693624
kosovo,1564.5036941820458,1681.3252374195445,2020-01-01,1862.797780252819,3946.230612750482,2342.0569136622544,134.34900492052697
south_africa,72821.56010561093,74887.46698295257,2020-01-01,20757.471842202143,36248.99411221701,563184.511092988,10064.581991937752
republic_of_macedonia,2671.2034034049616,2687.218336909741,2020-01-01,4282.587143764088,8493.235700313351,9585.32493021414,389.7009628272672
bulgaria,40541.50825604165,40861.65820745188,2020-01-01,26286.5808974872,40161.853510861954,18946.137385586397,2548.265392715685
kyrgyzstan,11849.881586587437,11868.90805638431,2020-01-01,339.36563314644616,733.5030446314336,145090.9261391526,1831.4474085026948
italy,96503.06617344209,112264.43131139743,2020-01-01,49052.040703792656,86100.4392812638,32035.026884004616,14215.215863435596
madagascar,3864.5955820356057,4240.17367526998,2020-01-01,58107.51238989049,111127.84963957978,389637.33565209096,261.05833801188714
brazil,338344.7081848986,419033.9116205693,2020-01-01,3566267.5139246043,3936893.999587041,1868590.0085080864,39357.44773993897
greece,26073.322864057973,28089.800406768933,2020-01-01,18158.87688234051,36922.64089788233,25523.426376228672,1882.382277760786
turkey,203291.96548735705,209494.26153563696,2020-01-01,46713.30219021817,89344.29877844908,376315.313948231,9247.717986971817
portugal,13137.65538107709,14919.086730380408,2020-01-01,5434.937640243505,21207.95326796525,21955.71006571425,1218.2400075171556
peru,11296.255215838162,12090.106399775666,2020-01-01,719132.9506084536,755938.9676550138,326281.7023008905,4761.554968340808
bolivia,23473.38288443095,24517.86925893095,2020-01-01,483100.74540601793,563161.047447265,175808.24992966125,2030.090757464155
namibia,552.0831538295344,554.3258358295344,2020-01-01,7.6183535332720584,7.6183535332720584,195890.20122501111,277.6252162958333
malawi,25115.831695940095,25534.27657708121,2020-01-01,5703.584600160591,8469.8629323951,38302.551558513056,198.2574684594365
mozambique,7065.460822271508,7635.268621017097,2020-01-01,92154.195915725315,145418.64825194582,184559.73550479405,1150.9077835394603
egypt,29305.277968416744,30015.582293135496,2020-01-01,0,4.7451781875000005,7665.009736578978,4669.783795675493
zimbabwe,18900.788968845827,19021.670204517708,2020-01-01,2562.253005311034,3662.1159751674554,308215.7275469636,562.2096847959557
east_timor,532.6097080843751,578.8089482806986,2020-01-01,3137.1836085694204,6791.303973362813,875.4328376105394,41.37211790759804
senegal,28318.971474179027,28408.896191350897,2020-01-01,241.90042248210804,276.2714333514095,154588.84000481872,572.3327560528188
mauritania,87.67434396488973,87.67434396488973,2020-01-01,0,0,155705.69706114894,156.11688977898282
chad,110767.99649428662,111981.8386592845,2020-01-01,5691.517009593452,5694.504711374702,430154.2234879465,315.98192810937496
taiwan,3877.200274050177,5779.038761653491,2020-01-01,20645.798290611187,22864.846602778412,578.2336634084559,3127.0399707327256
mali,20306.018489936097,20323.70442790485,2020-01-01,5.228891625000001,5.228891625000001,491536.6902541102,497.05560053272046
switzerland,2076.33585469369,3720.0092249830222,2020-01-01,7474.100596530889,13344.378063234251,11986.724689358944,1344.3879761896442
suriname,357.9586760101102,358.7054286038602,2020-01-01,136732.78319037304,138527.56503461208,1516.7020902526954,127.19558882812488
australia,306392.73988806433,307216.92184286134,2020-01-01,238458.723623997,374089.75144393713,1781951.895495309,10429.019369154776
botswana,43.397510381127425,45.89193570925242,2020-01-01,19.939380546875004,22.680903187500004,315842.4499934787,476.84291513174014
french_guiana,0.24891503125,0.49782940625,2020-01-01,80600.95711729248,81610.42403276436,208.33853549926468,62.29627564724265
indonesia,49145.40213346253,126335.56333313652,2020-01-01,1157621.063516494,1517921.904304867,41677.09001386119,14230.273520842777
armenia,2176.9276327209536,2176.9276327209536,2020-01-01,1675.3594242883566,2249.186896883091,21806.552461146333,899.2061227843137
papua_new_guinea,279.8882723805758,1236.176293775307,2020-01-01,386459.6558225138,418481.0549091613,7687.91255291508,211.16112954693625
serbia,26349.8192202738,34663.13840668027,2020-01-01,15368.789975207104,29930.629727397452,1745.0630828367034,1788.186602538726
oman,236.8016362468747,237.05106341874972,2020-01-01,0,0,5451.57030838088,302.00899412224277
lebanon,2358.351205180824,2370.5982411808245,2020-01-01,65.73382154687499,100.224139109375,3483.8201684201063,441.09262821397
slovenia,986.871146187562,2004.3127640572332,2020-01-01,10996.791759549336,14749.080292075178,793.5531771487745,369.5881284857842
ecuador,4056.248478236328,11563.360596767605,2020-01-01,120827.99025025472,153125.7562702084,18246.158158340782,2721.018137583022
ivory_coast,171.82538552653187,8693.236221723406,2020-01-01,8022.875029411021,43906.9902602636,43905.884646311955,1809.9786159519608
central_african_republic,717.0686777580268,730.0128793830268,2020-01-01,244783.96454529613,278100.63897513534,40322.638131545755,296.49935890079655
south_sudan,18271.31898327917,18277.586019825,2020-01-01,16026.713764573093,18712.432333668195,222782.7734145734,85.62336698345592
ghana,19194.1050326503,29684.232674511022,2020-01-01,8477.891690437496,34724.99023352785,96064.3715622495,2908.720300523525
togo,3028.5103662647675,3521.9435243957105,2020-01-01,207.24148263872561,1302.0481468055143,28381.4842336754,458.9108536752456
cameroon,55980.21112826701,67083.61814029855,2020-01-01,213511.9357408928,255285.03786956935,14215.904341254554,908.4491424799012
benin,43343.207098221144,51810.90436482293,2020-01-01,524.0905631202818,527.8122379631128,39519.37072874984,681.997376131559
sudan,78026.61627325049,78962.2135123015,2020-01-01,228.93070989105388,233.9015106098039,661933.6775578305,3046.777900966794
niger,20206.333437046105,57785.537348543185,2020-01-01,0,0,244686.7654387873,483.75779241599287
burkina_faso,15100.465396802074,16594.17645367689,2020-01-01,2.241089453125,2.241089453125,254063.49729279897,396.56768850606625
cayman_islands,5.436528130208334,5.436528130208334,2020-01-01,17.87750307352941,31.39089528658088,8.092279982965685,16.505031442708344
