aoi,population,year
british_virgin_islands,131.51382349055888,2003
montserrat,18.64928654815052,2003
poland,329518.79640154477,2003
guadeloupe,5400.981833769527,2003
saint_kitts_and_nevis,295.976614501079,2003
barbados,1731.112773401597,2003
myanmar,487207.3143508171,2003
japan,1067685.2001479156,2003
trinidad_and_tobago,10395.313374481775,2003
luxembourg,4020.8928053282634,2003
iceland,2199.934676586653,2003
cambodia,105243.65826228244,2003
guinea-bissau,10210.153227879013,2003
jamaica,21233.85391664786,2003
puerto_rico,32285.294173966784,2003
south_korea,376769.73487400817,2003
dominican_republic,70473.0064969562,2003
cuba,93775.06679260932,2003
laos,46440.787806077766,2003
panama,25581.58444468998,2003
the_bahamas,2151.0587216611425,2003
liberia,24991.388996498907,2003
bangladesh,1070379.3869550314,2003
honduras,57804.189735394495,2003
nepal,204340.8131390294,2003
colombia,349421.410153748,2003
sierra_leone,38356.607231935704,2003
thailand,530574.9865407135,2003
chile,129184.8228872444,2003
philippines,650074.3281131256,2003
vietnam,672485.346967328,2003
bhutan,5943.705457075062,2003
equatorial_guinea,8331.381038953261,2003
nicaragua,42563.762429513554,2003
latvia,14827.030633926684,2003
brunei,2781.643715493468,2003
united_kingdom,496155.89837847935,2003
finland,43615.66748582219,2003
belize,2277.2878438883354,2003
ireland,34105.088531726266,2003
norway,35750.421475635485,2003
haiti,68132.40120419687,2003
venezuela,199455.0637662898,2003
el_salvador,47227.29867998767,2003
costa_rica,33732.99460837766,2003
gambia,10003.895108276574,2003
guatemala,105293.79129366582,2003
malaysia,192333.63882944817,2003
north_korea,194488.3953722636,2003
mexico,855482.8481319996,2003
belgium,89897.6748495441,2003
estonia,10817.456594591164,2003
lithuania,28686.78483857125,2003
yemen,162329.16195698705,2003
djibouti,4663.392346167702,2003
qatar,5405.358103652245,2003
somalia,44568.839277343446,2003
kenya,276437.3357999883,2003
uzbekistan,218243.80200920103,2003
china,10807549.107728751,2003
belarus,84807.15010212097,2003
pakistan,1307306.7770129913,2003
somaliland,15281.941443975616,2003
jordan,42707.16016133656,2003
mongolia,21018.128254641033,2003
turkmenistan,53025.63716170651,2003
russia,1263934.4368657426,2003
france,503825.92916688125,2003
republic_of_the_congo,33762.614950739,2003
palestine,34121.07318482839,2003
democratic_republic_of_the_congo,444273.1894613106,2003
austria,70593.25042201327,2003
gabon,12200.86418391945,2003
canada,246444.69492509068,2003
ethiopia,569199.2555870814,2003
guinea,70080.69557136954,2003
nigeria,1094754.1853890107,2003
new_zealand,31187.10909776233,2003
uruguay,26543.97456068394,2003
india,9073267.855611289,2003
iran,637509.4209589962,2003
conus_ak,2445224.827143402,2003
hungary,91398.58946839288,2003
united_arab_emirates,29826.311075331392,2003
croatia,35260.008718808094,2003
germany,707622.6228253889,2003
bosnia_and_herzegovina,33236.599980015635,2003
slovakia,46063.76845509726,2003
netherlands,136417.94329294155,2003
afghanistan,183872.3264437488,2003
iraq,226966.4396653949,2003
georgia,37861.79206013234,2003
rwanda,71482.79670600098,2003
ukraine,390817.611721459,2003
czech_republic,88084.00372164976,2003
israel,45961.72774692497,2003
saudi_arabia,186952.45769825976,2003
syria,147089.31607851494,2003
romania,180312.7337501926,2003
moldova,33333.35706027373,2003
burundi,61681.910166783186,2003
kazakhstan,131220.36830115446,2003
sri_lanka,156789.89467937883,2003
angola,168819.53586305585,2003
azerbaijan,70853.6452233759,2003
denmark,41356.433797856655,2003
tanzania,301322.2694176171,2003
sweden,70917.46644877802,2003
montenegro,5329.401073793953,2003
morocco,253001.29607718997,2003
eswatini,8470.1619788892,2003
zambia,90469.660695061,2003
algeria,264582.97709638166,2003
tunisia,78700.0095219707,2003
albania,24982.07775946491,2003
lesotho,15977.682293276936,2003
uganda,216452.77142528625,2003
guyana,5993.486460623518,2003
eritrea,28768.83309889673,2003
argentina,316928.8259003819,2003
paraguay,47170.69933149914,2003
spain,344833.259461682,2003
tajikistan,56230.01356384045,2003
libya,46119.50945671813,2003
kosovo,12967.94580594719,2003
south_africa,390040.041283337,2003
republic_of_macedonia,17564.409217589742,2003
bulgaria,67042.48934916993,2003
kyrgyzstan,44826.84589934749,2003
italy,480294.0612087566,2003
madagascar,141318.33012015733,2003
brazil,1464681.8974709995,2003
greece,88344.13241637532,2003
turkey,591153.4909465445,2003
portugal,82379.52842936563,2003
peru,215870.5645934936,2003
bolivia,73599.58057870755,2003
namibia,16112.454001469136,2003
malawi,97480.13404013756,2003
mozambique,151163.10674975003,2003
egypt,582170.5551706903,2003
zimbabwe,100804.04509684732,2003
east_timor,7539.028762522501,2003
senegal,85916.22138594686,2003
mauritania,22938.594310783516,2003
chad,76560.11059851554,2003
taiwan,187858.46742003117,2003
mali,100230.85666666907,2003
switzerland,64635.40566964394,2003
suriname,4191.129162654802,2003
australia,178291.2944723122,2003
botswana,14923.391019830684,2003
french_guiana,1359.1301791180936,2003
indonesia,1768609.1326689932,2003
armenia,25310.448833984476,2003
papua_new_guinea,46795.24030133935,2003
serbia,64723.28119227636,2003
oman,20296.35714748537,2003
lebanon,31318.399546222383,2003
slovenia,17124.86668256037,2003
ecuador,105861.89921623904,2003
ivory_coast,144337.8873821025,2003
central_african_republic,33591.86623872004,2003
south_sudan,57835.34086446885,2003
ghana,174037.2820012839,2003
togo,42925.30100240257,2003
cameroon,140855.420046674,2003
benin,60647.177148136674,2003
sudan,232814.7104241228,2003
niger,102650.3003237736,2003
burkina_faso,109449.7418437048,2003
cayman_islands,254.51035433901723,2003
british_virgin_islands,133.83954231778117,2004
montserrat,18.646156413911605,2004
poland,329657.6247674574,2004
guadeloupe,5429.419715136697,2004
saint_kitts_and_nevis,298.8419488116806,2004
barbados,1740.007487667542,2004
myanmar,476757.9037330171,2004
japan,1068281.681229357,2004
trinidad_and_tobago,10442.174230613631,2004
luxembourg,4088.589329481737,2004
iceland,2222.2874267348593,2004
cambodia,106883.99805700358,2004
guinea-bissau,10418.040216871424,2004
jamaica,21291.90827892235,2004
puerto_rico,32214.296200327197,2004
south_korea,378246.21173832775,2004
dominican_republic,71730.63733789409,2004
cuba,93810.2355517534,2004
laos,47229.65965668334,2004
panama,26060.317890299208,2004
the_bahamas,2167.6041331868983,2004
liberia,25631.101616313903,2004
bangladesh,1085875.5868644495,2004
honduras,58952.36254478534,2004
nepal,205625.2235469882,2004
colombia,357485.56453954347,2004
sierra_leone,39054.75130456567,2004
thailand,534398.8784141731,2004
chile,131088.11379375315,2004
philippines,657208.6296758775,2004
vietnam,679213.5137627977,2004
bhutan,6061.924842160328,2004
equatorial_guinea,8442.60732305934,2004
nicaragua,43261.06619716553,2004
latvia,15136.050116612554,2004
brunei,2830.2609312229483,2004
united_kingdom,499768.30681277026,2004
finland,43772.12715340603,2004
belize,2348.3886955911853,2004
ireland,34506.2751235083,2004
norway,36087.74276799796,2004
haiti,69901.6970978457,2004
venezuela,202619.15141744452,2004
el_salvador,47557.75832345841,2004
costa_rica,34118.14573567939,2004
gambia,10348.546699671742,2004
guatemala,107697.8076820935,2004
malaysia,196627.3342480173,2004
north_korea,194650.3748454088,2004
mexico,868867.5288842674,2004
belgium,90448.57399899444,2004
estonia,10707.75409604966,2004
lithuania,28326.18005548783,2004
yemen,166832.42983960727,2004
djibouti,4743.123309662155,2004
qatar,6208.063610609456,2004
somalia,45715.22594028208,2004
kenya,284580.7620013523,2004
uzbekistan,221784.32260179028,2004
china,10876389.182536757,2004
belarus,84327.40928960736,2004
pakistan,1339273.0849415986,2004
somaliland,15677.948068734,2004
jordan,43629.80039924665,2004
mongolia,21199.080656730872,2004
turkmenistan,54463.28298001783,2004
russia,1261572.076079155,2004
france,507080.3260435827,2004
republic_of_the_congo,32651.64629435327,2004
palestine,34803.980136953265,2004
democratic_republic_of_the_congo,463366.8765366437,2004
austria,70915.77079033724,2004
gabon,12631.169317023752,2004
canada,249217.0144675866,2004
ethiopia,584472.0694653388,2004
guinea,71519.33049048511,2004
nigeria,1128704.265524284,2004
new_zealand,31404.761296327106,2004
uruguay,26584.945747373557,2004
india,9220362.318137633,2004
iran,635449.0425928504,2004
conus_ak,2467160.292713621,2004
hungary,90576.47519097454,2004
united_arab_emirates,31429.45803403713,2004
croatia,35171.67567048981,2004
germany,705214.918890892,2004
bosnia_and_herzegovina,32953.017817717555,2004
slovakia,46116.78300496987,2004
netherlands,136962.83480956202,2004
afghanistan,187442.67390276297,2004
iraq,233795.09599195083,2004
georgia,37368.25293992763,2004
rwanda,73117.66737239459,2004
ukraine,388669.066203232,2004
czech_republic,88242.89484910083,2004
israel,45427.76275136944,2004
saudi_arabia,192696.68340642835,2004
syria,151086.61601317194,2004
romania,179089.9281648992,2004
moldova,33186.4883577323,2004
burundi,63123.62334696159,2004
kazakhstan,132053.3355077201,2004
sri_lanka,157768.6523087517,2004
angola,168257.4422183806,2004
azerbaijan,71673.7208696813,2004
denmark,41566.16975355512,2004
tanzania,309149.04200941656,2004
sweden,71500.87434529656,2004
montenegro,5311.555454262203,2004
morocco,255776.38903838897,2004
eswatini,8510.18782010501,2004
zambia,93071.56537160143,2004
algeria,269007.2467144818,2004
tunisia,79417.66281175624,2004
albania,24705.311277479945,2004
lesotho,15968.757111356226,2004
uganda,222771.49619835764,2004
guyana,5971.116543189458,2004
eritrea,29189.798635920575,2004
argentina,320517.311571728,2004
paraguay,47914.85193136885,2004
spain,349253.71238500514,2004
tajikistan,57444.73051935669,2004
libya,46789.11495149817,2004
kosovo,13217.447026901182,2004
south_africa,395581.2490677713,2004
republic_of_macedonia,17604.245775711956,2004
bulgaria,66530.40475675257,2004
kyrgyzstan,45109.28616047906,2004
italy,482270.4104877042,2004
madagascar,145002.06169048924,2004
brazil,1481382.1517782493,2004
greece,88297.96514055134,2004
turkey,592252.1623790544,2004
portugal,82420.91767541927,2004
peru,219582.21412687743,2004
bolivia,74817.07923182877,2004
namibia,16302.236670938246,2004
malawi,100153.69261203136,2004
mozambique,155584.77685643884,2004
egypt,592441.8417163304,2004
zimbabwe,101960.28382758897,2004
east_timor,7721.273345338595,2004
senegal,88380.44193540396,2004
mauritania,23556.193841433695,2004
chad,79332.78777075013,2004
taiwan,188436.32474177977,2004
mali,103915.0762793257,2004
switzerland,65225.93150341257,2004
suriname,4221.886159231478,2004
australia,178271.7584231333,2004
botswana,15192.943905623426,2004
french_guiana,1415.8418500782975,2004
indonesia,1795920.771972089,2004
armenia,25190.046659087027,2004
papua_new_guinea,48144.853329155885,2004
serbia,64521.95311451098,2004
oman,20810.480708433057,2004
lebanon,32759.2988743551,2004
slovenia,17222.7158417954,2004
ecuador,107931.3147738565,2004
ivory_coast,148090.81895491597,2004
central_african_republic,34217.95219836882,2004
south_sudan,60031.80317472165,2004
ghana,178557.11619625584,2004
togo,44123.71769383427,2004
cameroon,145028.83107874138,2004
benin,62811.61793117854,2004
sudan,238861.53566070631,2004
niger,106766.81090261636,2004
burkina_faso,112923.47405504069,2004
cayman_islands,262.54594571320155,2004
british_virgin_islands,138.06381689318843,2005
montserrat,19.79756669051507,2005
poland,329983.78223559074,2005
guadeloupe,5471.893002383001,2005
saint_kitts_and_nevis,305.695323362479,2005
barbados,1739.928017714678,2005
myanmar,467902.8676520154,2005
japan,1068539.1351702302,2005
trinidad_and_tobago,10490.404665437649,2005
luxembourg,4147.80744077775,2005
iceland,2267.6916381010647,2005
cambodia,108630.71153567635,2005
guinea-bissau,10628.978194347888,2005
jamaica,21372.899565583673,2005
puerto_rico,32148.95020064415,2005
south_korea,379783.048381981,2005
dominican_republic,73102.73927366668,2005
cuba,93741.05747184838,2005
laos,48059.764277275375,2005
panama,26544.276431334525,2005
the_bahamas,2204.732069895958,2005
liberia,26135.99352261721,2005
bangladesh,1101744.4245904533,2005
honduras,60116.30058174526,2005
nepal,207488.82474560323,2005
colombia,365935.25425265153,2005
sierra_leone,39789.05691737551,2005
thailand,538517.1200338328,2005
chile,133019.48879012803,2005
philippines,665688.9827854141,2005
vietnam,686106.6098040746,2005
bhutan,6166.308989909526,2005
equatorial_guinea,8515.94834246837,2005
nicaragua,44042.24516740685,2005
latvia,15413.354933242405,2005
brunei,2863.254813893136,2005
united_kingdom,503413.6382542124,2005
finland,43898.19319079074,2005
belize,2409.1121821196575,2005
ireland,34967.93645465719,2005
norway,36398.69392446453,2005
haiti,71745.85908456931,2005
venezuela,205757.39191035123,2005
el_salvador,48120.56637125131,2005
costa_rica,34487.066830691,2005
gambia,10760.38676496233,2005
guatemala,110162.7172843394,2005
malaysia,201170.60461678676,2005
north_korea,194729.23434159375,2005
mexico,882842.5129441308,2005
belgium,91023.57714462676,2005
estonia,10609.084422973809,2005
lithuania,27990.09554924889,2005
yemen,171609.1109093971,2005
djibouti,4893.729791489126,2005
qatar,7110.469958937183,2005
somalia,46961.441080084696,2005
kenya,293215.319273822,2005
uzbekistan,225427.35169841247,2005
china,10947561.39274477,2005
belarus,83851.50805277473,2005
pakistan,1372543.3224784613,2005
somaliland,16092.601225724691,2005
jordan,44521.142424793994,2005
mongolia,21432.99180231712,2005
turkmenistan,56005.64984196078,2005
russia,1258834.504738795,2005
france,510494.1894136537,2005
republic_of_the_congo,31947.862550089645,2005
palestine,36528.76775373568,2005
democratic_republic_of_the_congo,483243.63165006426,2005
austria,71241.98761418533,2005
gabon,13119.66535935338,2005
canada,252026.0110626634,2005
ethiopia,599941.8961884602,2005
guinea,73046.51143678524,2005
nigeria,1163879.3530326835,2005
new_zealand,31631.21056623718,2005
uruguay,26605.50693304472,2005
india,9370543.69648962,2005
iran,634799.87508515,2005
conus_ak,2491432.543684069,2005
hungary,89741.25482586275,2005
united_arab_emirates,33168.40639025807,2005
croatia,35057.335667030224,2005
germany,703172.4356532203,2005
bosnia_and_herzegovina,32659.16626740361,2005
slovakia,46084.24476817867,2005
netherlands,137543.53901902257,2005
afghanistan,190954.86964926583,2005
iraq,240851.9769049816,2005
georgia,36905.51014661954,2005
rwanda,74907.0073154109,2005
ukraine,386470.8123063157,2005
czech_republic,88398.34720733676,2005
israel,53186.20518969461,2005
saudi_arabia,198753.3931781355,2005
syria,154778.270832169,2005
romania,177816.7452480235,2005
moldova,33027.28335261481,2005
burundi,64691.411506840515,2005
kazakhstan,132980.85486260106,2005
sri_lanka,158762.28034528796,2005
angola,168466.79729251863,2005
azerbaijan,72458.90981091904,2005
denmark,41730.26440656795,2005
tanzania,317231.74115758896,2005
sweden,72047.75551827543,2005
montenegro,5302.738533693294,2005
morocco,258956.8458107556,2005
eswatini,8545.47064274441,2005
zambia,95948.75952529728,2005
algeria,273378.8108369197,2005
tunisia,80143.31943043547,2005
albania,24390.759976636095,2005
lesotho,15975.107536039905,2005
uganda,229341.3016023788,2005
guyana,5969.803198573376,2005
eritrea,29589.55796598349,2005
argentina,324206.5525545329,2005
paraguay,48681.64607645185,2005
spain,354114.1267743219,2005
tajikistan,58646.454467500385,2005
libya,47464.257594365816,2005
kosovo,13460.873479786524,2005
south_africa,401309.3038539525,2005
republic_of_macedonia,17624.41343691008,2005
bulgaria,66025.15960108745,2005
kyrgyzstan,45372.31773555423,2005
italy,484269.8994672209,2005
madagascar,148965.0376129219,2005
brazil,1498627.1004361,2005
greece,88230.91031644234,2005
turkey,594288.4144330457,2005
portugal,82479.35002273378,2005
peru,223346.0668916305,2005
bolivia,76118.78923988949,2005
namibia,16532.691454144104,2005
malawi,102959.4065927436,2005
mozambique,160262.8574623243,2005
egypt,603202.4015331852,2005
zimbabwe,103119.65984178217,2005
east_timor,7910.799661150278,2005
senegal,90948.5952804678,2005
mauritania,24159.342119741603,2005
chad,82072.58199907451,2005
taiwan,189338.76765089703,2005
mali,107884.55127245172,2005
switzerland,65837.59689186273,2005
suriname,4270.105946753381,2005
australia,178278.95617247903,2005
botswana,15477.281232102643,2005
french_guiana,1487.9362291363866,2005
indonesia,1824745.059821956,2005
armenia,25067.909922195,2005
papua_new_guinea,49467.321045360055,2005
serbia,64250.9991409771,2005
oman,21283.531706093767,2005
lebanon,34444.0591844664,2005
slovenia,17332.249381501093,2005
ecuador,110043.52001033674,2005
ivory_coast,151659.77831475157,2005
central_african_republic,34964.60375742599,2005
south_sudan,62365.20930494799,2005
ghana,183541.70256621187,2005
togo,45306.08453934423,2005
cameroon,149544.64900393697,2005
benin,65054.99313572337,2005
sudan,244982.82001311216,2005
niger,111087.84535012042,2005
burkina_faso,116613.86691690244,2005
cayman_islands,274.08733587085334,2005
british_virgin_islands,141.40147681470012,2006
montserrat,19.791469743760192,2006
poland,330291.81699121493,2006
guadeloupe,5499.666936437931,2006
saint_kitts_and_nevis,309.65032815074227,2006
barbados,1751.57395361732,2006
myanmar,459631.8725735491,2006
japan,1069653.4567952687,2006
trinidad_and_tobago,10529.418971215247,2006
luxembourg,4214.01764744865,2006
iceland,2299.3341250391572,2006
cambodia,110552.86381690246,2006
guinea-bissau,10867.820751733878,2006
jamaica,21444.305613751563,2006
puerto_rico,32073.7606816802,2006
south_korea,381362.5427789354,2006
dominican_republic,74450.60748032712,2006
cuba,93650.78672271798,2006
laos,48962.16516140936,2006
panama,27025.08477372763,2006
the_bahamas,2233.438095896836,2006
liberia,26722.760364138263,2006
bangladesh,1117937.963204289,2006
honduras,61314.23349177217,2006
nepal,209987.69074723305,2006
colombia,374372.60465609754,2006
sierra_leone,40538.89134239355,2006
thailand,542724.2725134632,2006
chile,135059.5451686109,2006
philippines,675457.1746006032,2006
vietnam,693619.0435859166,2006
bhutan,6270.913724982065,2006
equatorial_guinea,8602.486434061999,2006
nicaragua,44835.30876486372,2006
latvia,15729.055618523284,2006
brunei,2924.894376805624,2006
united_kingdom,507069.0101224436,2006
finland,44094.283828777014,2006
belize,2471.008706266932,2006
ireland,35457.625055507255,2006
norway,36648.21505834632,2006
haiti,73764.59301062711,2006
venezuela,209286.72213125744,2006
el_salvador,48536.8272438782,2006
costa_rica,34890.939905303756,2006
gambia,11117.212396920664,2006
guatemala,112731.77528266696,2006
malaysia,205627.49259488704,2006
north_korea,194842.13389876083,2006
mexico,897300.9211653867,2006
belgium,91548.36769360396,2006
estonia,10552.224809832887,2006
lithuania,27617.12413941605,2006
yemen,176338.44293296232,2006
djibouti,5139.132453596235,2006
qatar,8162.655892244953,2006
somalia,48415.48325663438,2006
kenya,302174.2109686122,2006
uzbekistan,229361.14788571376,2006
china,11021289.25546076,2006
belarus,83401.40681337351,2006
pakistan,1407545.150492685,2006
somaliland,16507.045120621056,2006
jordan,45515.49459268831,2006
mongolia,21714.53710095139,2006
turkmenistan,57484.93110308765,2006
russia,1256131.842392387,2006
france,514015.1020880187,2006
republic_of_the_congo,30876.758811412456,2006
palestine,37378.33866480503,2006
democratic_republic_of_the_congo,504748.653458872,2006
austria,71587.75495380002,2006
gabon,13602.255265274476,2006
canada,254924.68338559876,2006
ethiopia,615934.2292784876,2006
guinea,74590.07739079719,2006
nigeria,1200044.4670544104,2006
new_zealand,31854.66763103354,2006
uruguay,26663.50212410562,2006
india,9524671.963371528,2006
iran,634665.6034410483,2006
conus_ak,2514484.6849259306,2006
hungary,88906.49018557828,2006
united_arab_emirates,34999.2863301649,2006
croatia,34989.79277185709,2006
germany,700956.0857208336,2006
bosnia_and_herzegovina,32369.156426322497,2006
slovakia,46128.64873304013,2006
netherlands,138086.4785735207,2006
afghanistan,194606.62043065185,2006
iraq,248222.66801474875,2006
georgia,36390.67112928838,2006
rwanda,76750.1143042159,2006
ukraine,384343.7664373005,2006
czech_republic,88529.49738647342,2006
israel,52221.82830150097,2006
saudi_arabia,204964.1268619502,2006
syria,158639.28109314607,2006
romania,176526.5370285364,2006
moldova,32888.81969561868,2006
burundi,66297.11274089148,2006
kazakhstan,133918.22698928445,2006
sri_lanka,159744.32595750992,2006
angola,169254.63309219974,2006
azerbaijan,73351.31216985674,2006
denmark,41938.95138794921,2006
tanzania,325583.22742854257,2006
sweden,72559.75353574485,2006
montenegro,5282.671051474247,2006
morocco,261904.48688127263,2006
eswatini,8602.39361017841,2006
zambia,98902.16101388556,2006
algeria,277946.8918714915,2006
tunisia,81008.46405574086,2006
albania,24152.513531204935,2006
lesotho,15967.90729235689,2006
uganda,236264.3207586352,2006
guyana,6004.026308442969,2006
eritrea,30016.274748245556,2006
argentina,327833.45191186626,2006
paraguay,49506.310314082795,2006
spain,358934.43461892183,2006
tajikistan,59783.99909545479,2006
libya,48174.7818769345,2006
kosovo,13719.560722771848,2006
south_africa,407166.0880617203,2006
republic_of_macedonia,17663.265197139357,2006
bulgaria,65541.17871442082,2006
kyrgyzstan,45518.19386261336,2006
italy,486259.652304562,2006
madagascar,153015.12848528984,2006
brazil,1516403.8884124183,2006
greece,88109.54001569292,2006
turkey,596521.6196005188,2006
portugal,82560.17775537353,2006
peru,227196.5408394013,2006
bolivia,77472.33686534576,2006
namibia,16757.816257249524,2006
malawi,105775.72548950724,2006
mozambique,165077.47705677574,2006
egypt,614232.1495137913,2006
zimbabwe,104338.3948736774,2006
east_timor,8090.354557946295,2006
senegal,93512.59870719578,2006
mauritania,24805.02875991965,2006
chad,85140.43797261642,2006
taiwan,190009.3180660884,2006
mali,112047.93819573813,2006
switzerland,66450.07188420942,2006
suriname,4307.066257296226,2006
australia,178285.82543722767,2006
botswana,15760.301524927165,2006
french_guiana,1543.9985014788742,2006
indonesia,1851454.9886781657,2006
armenia,24918.73209718988,2006
papua_new_guinea,50922.5395799594,2006
serbia,63953.02531200272,2006
oman,21808.773781494572,2006
lebanon,36175.62934171695,2006
slovenia,17426.499592341952,2006
ecuador,112223.85103182327,2006
ivory_coast,155553.5098665472,2006
central_african_republic,35657.74770385482,2006
south_sudan,64877.97958284019,2006
ghana,188385.4120148278,2006
togo,46640.83046635889,2006
cameroon,154056.51256834416,2006
benin,67337.09379801336,2006
sudan,251400.9026373157,2006
niger,115529.74273444312,2006
burkina_faso,120382.83852200733,2006
cayman_islands,285.4919765469197,2006
british_virgin_islands,144.51833482946748,2007
montserrat,20.581303452422805,2007
poland,330724.16315229406,2007
guadeloupe,5547.269261936697,2007
saint_kitts_and_nevis,315.83127615387536,2007
barbados,1763.4675318189695,2007
myanmar,452621.6445772544,2007
japan,1068545.8355009248,2007
trinidad_and_tobago,10581.421690480372,2007
luxembourg,4266.785347891262,2007
iceland,2322.9421655192823,2007
cambodia,112546.78447712689,2007
guinea-bissau,11144.788766384989,2007
jamaica,21538.472497638493,2007
puerto_rico,32001.531226434545,2007
south_korea,383492.3575885293,2007
dominican_republic,75920.30903120428,2007
cuba,93658.41710540558,2007
laos,49858.33527855623,2007
panama,27518.995806212795,2007
the_bahamas,2272.640588861558,2007
liberia,27200.50153460474,2007
bangladesh,1135562.9082824837,2007
honduras,62518.151753814585,2007
nepal,213050.26940747324,2007
colombia,383374.6982812293,2007
sierra_leone,41269.958753113235,2007
thailand,547219.6499562092,2007
chile,137016.4296171686,2007
philippines,683869.0752375937,2007
vietnam,701218.5383753021,2007
bhutan,6384.58368356181,2007
equatorial_guinea,8665.647722505997,2007
nicaragua,45627.42776323011,2007
latvia,16066.0018097746,2007
brunei,2958.342761552467,2007
united_kingdom,510800.03695105016,2007
finland,44280.87715505096,2007
belize,2519.651025122116,2007
ireland,35961.59190898758,2007
norway,37119.860784025914,2007
haiti,75867.93183782249,2007
venezuela,212633.2119464649,2007
el_salvador,48999.9376041017,2007
costa_rica,35240.76638740663,2007
gambia,11556.82419565524,2007
guatemala,115279.15381177665,2007
malaysia,210143.9882123349,2007
north_korea,194922.0900422135,2007
mexico,912081.588928492,2007
belgium,92141.26885079048,2007
estonia,10485.828827466725,2007
lithuania,27279.92899009394,2007
yemen,181149.02878726783,2007
djibouti,5305.162034470958,2007
qatar,9410.910684163178,2007
somalia,49605.023024469985,2007
kenya,311670.4295903706,2007
uzbekistan,233001.52341889535,2007
china,11093106.38585805,2007
belarus,82971.78194648994,2007
pakistan,1441941.3687429472,2007
somaliland,16943.991293571333,2007
jordan,46469.311370247546,2007
mongolia,21953.86043022385,2007
turkmenistan,59110.161382981474,2007
russia,1253690.1693466515,2007
france,517541.0443802344,2007
republic_of_the_congo,30142.934146670104,2007
palestine,38094.92926935232,2007
democratic_republic_of_the_congo,527517.9228690702,2007
austria,71906.44397709558,2007
gabon,14180.86842185018,2007
canada,257860.6444774903,2007
ethiopia,632296.3405755598,2007
guinea,76204.75520135782,2007
nigeria,1237532.2852105186,2007
new_zealand,32078.683565632207,2007
uruguay,26750.858604857112,2007
india,9682809.34647388,2007
iran,635432.1280762324,2007
conus_ak,2538093.099622457,2007
hungary,88123.3724374034,2007
united_arab_emirates,37122.769117798976,2007
croatia,34790.00745421332,2007
germany,698875.0911733769,2007
bosnia_and_herzegovina,32112.278929841017,2007
slovakia,46115.493674954814,2007
netherlands,138673.22754279285,2007
afghanistan,198449.22954462335,2007
iraq,255693.7318584043,2007
georgia,35906.43582772333,2007
rwanda,78710.14609603844,2007
ukraine,382222.1576463883,2007
czech_republic,88775.91786289374,2007
israel,51591.55588451493,2007
saudi_arabia,211290.1930308122,2007
syria,162804.44852603224,2007
romania,175436.93787045608,2007
moldova,32742.460872432806,2007
burundi,67974.80785773539,2007
kazakhstan,135015.08307037616,2007
sri_lanka,160884.9409947389,2007
angola,170541.73770686428,2007
azerbaijan,74166.96125067752,2007
denmark,42134.78088013786,2007
tanzania,334541.97891111067,2007
sweden,73108.72090598826,2007
montenegro,5266.633715358326,2007
morocco,264924.7063764278,2007
eswatini,8638.590284684586,2007
zambia,102006.6669224616,2007
algeria,283085.4922048689,2007
tunisia,81870.35728974748,2007
albania,23918.813444511474,2007
lesotho,15960.295225851754,2007
uganda,243312.0852073047,2007
guyana,5976.619376761457,2007
eritrea,30443.238480917706,2007
argentina,331461.00755044306,2007
paraguay,50346.842870038425,2007
spain,363809.2868305933,2007
tajikistan,61121.96592911353,2007
libya,48860.997839000265,2007
kosovo,13987.142997425166,2007
south_africa,413090.87205922743,2007
republic_of_macedonia,17700.303472094518,2007
bulgaria,65076.89099989239,2007
kyrgyzstan,45852.67185808242,2007
italy,488385.0034896719,2007
madagascar,157225.88142561933,2007
brazil,1534377.8801354684,2007
greece,87987.82828825977,2007
turkey,599189.738202099,2007
portugal,82634.26618883565,2007
peru,231304.60481585216,2007
bolivia,78816.99870977396,2007
namibia,16988.143910344897,2007
malawi,108745.86496706004,2007
mozambique,170017.91952936753,2007
egypt,626085.9398805886,2007
zimbabwe,105577.857321022,2007
east_timor,8280.010089679383,2007
senegal,96220.17447959696,2007
mauritania,25470.074205438927,2007
chad,88249.85552585365,2007
taiwan,190810.60936582825,2007
mali,116360.67261438236,2007
switzerland,67047.31778733194,2007
suriname,4357.211277162495,2007
australia,178277.30509728726,2007
botswana,16026.488698174646,2007
french_guiana,1612.1133719171935,2007
indonesia,1880727.377144901,2007
armenia,24818.919308195116,2007
papua_new_guinea,52319.43898604717,2007
serbia,63764.82447764088,2007
oman,22378.04308021882,2007
lebanon,37938.93610354896,2007
slovenia,17525.799805151684,2007
ecuador,114447.18467970648,2007
ivory_coast,159226.60665278212,2007
central_african_republic,36444.29223239912,2007
south_sudan,67594.4980056269,2007
ghana,193474.34960071577,2007
togo,47960.070584268586,2007
cameroon,158714.9475649509,2007
benin,69793.80558421435,2007
sudan,258067.1482365952,2007
niger,120124.01821536664,2007
burkina_faso,124375.1761786056,2007
cayman_islands,296.4158142503935,2007
british_virgin_islands,148.26267237558085,2008
montserrat,20.009227193921223,2008
poland,330939.1010018169,2008
guadeloupe,5577.241495188778,2008
saint_kitts_and_nevis,317.2797554267388,2008
barbados,1761.61564922473,2008
myanmar,446439.0246088348,2008
japan,1070382.737482915,2008
trinidad_and_tobago,10633.76276818696,2008
luxembourg,4328.794305302452,2008
iceland,2344.4182908274875,2008
cambodia,114837.96163989912,2008
guinea-bissau,11374.237204570536,2008
jamaica,21573.412837978023,2008
puerto_rico,31931.16946014673,2008
south_korea,385434.23002627207,2008
dominican_republic,77430.79206955561,2008
cuba,93660.35885138428,2008
laos,50842.71678966576,2008
panama,28113.097115010507,2008
the_bahamas,2303.4784985818037,2008
liberia,27776.64831661597,2008
bangladesh,1152746.4706454657,2008
honduras,63828.72693426251,2008
nepal,216879.09064846183,2008
colombia,392669.61321152566,2008
sierra_leone,42191.670217697894,2008
thailand,552131.9631704789,2008
chile,139414.4729421662,2008
philippines,694429.1718534296,2008
vietnam,708988.5816527328,2008
bhutan,6469.6338578465175,2008
equatorial_guinea,8833.877754439649,2008
nicaragua,46474.7587447812,2008
latvia,16391.01395189917,2008
brunei,3023.8817014546103,2008
united_kingdom,514571.6985113186,2008
finland,44499.04837754899,2008
belize,2587.599252831912,2008
ireland,36489.025366999536,2008
norway,37405.39289818393,2008
haiti,78003.27352899995,2008
venezuela,216350.6806863023,2008
el_salvador,49482.67136254599,2008
costa_rica,35656.97973601935,2008
gambia,11982.42322347044,2008
guatemala,117932.19159700358,2008
malaysia,215028.96433764513,2008
north_korea,195051.3389253521,2008
mexico,927496.9484727628,2008
belgium,92752.67492963142,2008
estonia,10435.97700485886,2008
lithuania,26959.90598700447,2008
yemen,186250.65796730036,2008
djibouti,5493.607886897614,2008
qatar,10818.84846199694,2008
somalia,51032.79880784662,2008
kenya,321083.39558402397,2008
uzbekistan,236833.34174925287,2008
china,11170402.63848109,2008
belarus,82571.56124452926,2008
pakistan,1477434.769556746,2008
somaliland,17424.72662882916,2008
jordan,47403.50073709064,2008
mongolia,22246.921689952986,2008
turkmenistan,60791.1721538625,2008
russia,1251117.9587481765,2008
france,521146.4589805319,2008
republic_of_the_congo,29629.536697372296,2008
palestine,39167.053755246205,2008
democratic_republic_of_the_congo,551507.7554959197,2008
austria,72243.2163890604,2008
gabon,14771.99470930934,2008
canada,260872.8116115339,2008
ethiopia,649324.5061692337,2008
guinea,77946.16100970226,2008
nigeria,1276065.6722601205,2008
new_zealand,32311.414381193055,2008
uruguay,26796.248354295076,2008
india,9842151.69834994,2008
iran,636704.2394139906,2008
conus_ak,2562276.3764512963,2008
hungary,87476.85165969102,2008
united_arab_emirates,39156.31870386639,2008
croatia,34676.55837728314,2008
germany,696788.5326764501,2008
bosnia_and_herzegovina,31859.587654687948,2008
slovakia,46112.47885862769,2008
netherlands,139275.2673788982,2008
afghanistan,202509.88891913128,2008
iraq,263406.54398823465,2008
georgia,35507.69185621063,2008
rwanda,80758.20528494912,2008
ukraine,379872.0091766209,2008
czech_republic,88941.52972582175,2008
israel,50622.40845137686,2008
saudi_arabia,217792.84725719303,2008
syria,166977.97163721337,2008
romania,174328.98718022663,2008
moldova,32602.96013792902,2008
burundi,69779.87074965338,2008
kazakhstan,136079.24606948506,2008
sri_lanka,162014.9104887856,2008
angola,172742.8280942981,2008
azerbaijan,75058.34250733773,2008
denmark,42375.00317198219,2008
tanzania,343454.4786767076,2008
sweden,73684.6031742255,2008
montenegro,5253.6409364225265,2008
morocco,268345.1081171838,2008
eswatini,8695.614005147816,2008
zambia,105246.99858397125,2008
algeria,287771.17022562446,2008
tunisia,82616.9332745377,2008
albania,23701.987371916468,2008
lesotho,15962.216942891291,2008
uganda,250681.12457793232,2008
guyana,5991.506154034138,2008
eritrea,30873.2209274607,2008
argentina,335359.578448267,2008
paraguay,51178.86633180404,2008
spain,369227.0551328635,2008
tajikistan,62309.06944055101,2008
libya,49591.602781290174,2008
kosovo,14268.949511747604,2008
south_africa,419254.0625927474,2008
republic_of_macedonia,17738.11581818278,2008
bulgaria,64591.24114900166,2008
kyrgyzstan,46192.350317195334,2008
italy,490479.6571003334,2008
madagascar,161723.16202847677,2008
brazil,1552823.6191100348,2008
greece,87838.71989351275,2008
turkey,602034.6453045306,2008
portugal,82714.99746947593,2008
peru,235720.41857931804,2008
bolivia,80282.17035569774,2008
namibia,17224.115005601485,2008
malawi,111799.12462192251,2008
mozambique,175266.50942785424,2008
egypt,638126.4548567162,2008
zimbabwe,106829.11092913602,2008
east_timor,8534.807566742717,2008
senegal,99072.54711427695,2008
mauritania,26140.782333577376,2008
chad,91554.70532980956,2008
taiwan,191565.41137025904,2008
mali,120970.6809229539,2008
switzerland,67607.14491053927,2008
suriname,4406.925673969129,2008
australia,178262.47923540213,2008
botswana,16340.575717763948,2008
french_guiana,1678.1141384679677,2008
indonesia,1910652.4933181368,2008
armenia,24724.14140180819,2008
papua_new_guinea,53955.055186263264,2008
serbia,63452.86027127517,2008
oman,22931.45946017428,2008
lebanon,39974.406133923345,2008
slovenia,17644.728349330457,2008
ecuador,116706.70727684892,2008
ivory_coast,163179.31072480147,2008
central_african_republic,37135.24726771978,2008
south_sudan,70547.28611117385,2008
ghana,198868.66975575587,2008
togo,49417.71369300118,2008
cameroon,163661.23984069188,2008
benin,72283.19345640265,2008
sudan,264890.7818234269,2008
niger,125152.60346964412,2008
burkina_faso,128527.23412464048,2008
cayman_islands,305.8310711161544,2008
british_virgin_islands,151.62395800034716,2009
montserrat,20.79735999814435,2009
poland,331419.6527398952,2009
guadeloupe,5604.180812288005,2009
saint_kitts_and_nevis,325.147597208736,2009
barbados,1779.7533577164013,2009
myanmar,442074.978480886,2009
japan,1070109.4253327951,2009
trinidad_and_tobago,10695.077822833697,2009
luxembourg,4399.788718221849,2009
iceland,2438.659040775088,2009
cambodia,117223.14575564678,2009
guinea-bissau,11605.278585538594,2009
jamaica,21672.937770855424,2009
puerto_rico,31860.32769929924,2009
south_korea,387432.0175392997,2009
dominican_republic,78985.91839675604,2009
cuba,93676.6177839486,2009
laos,51831.987763114805,2009
panama,28609.655320640835,2009
the_bahamas,2319.238861325564,2009
liberia,28385.319290216616,2009
bangladesh,1170105.9881895503,2009
honduras,65104.610520307535,2009
nepal,221542.3247475564,2009
colombia,402404.2825001252,2009
sierra_leone,43020.9960710842,2009
thailand,557291.4043169467,2009
chile,141725.60618122452,2009
philippines,705787.6129326108,2009
vietnam,717140.0508502424,2009
bhutan,6658.301886139627,2009
equatorial_guinea,9031.723894427963,2009
nicaragua,47304.28731386946,2009
latvia,16713.862994429448,2009
brunei,3086.1986362570137,2009
united_kingdom,518390.0756655644,2009
finland,44587.95808374194,2009
belize,2641.412599631362,2009
ireland,37045.472152380615,2009
norway,37707.15165172283,2009
haiti,80551.02789299366,2009
venezuela,219945.19472177757,2009
el_salvador,49938.671246485224,2009
costa_rica,36072.0436470482,2009
gambia,12362.476204561632,2009
guatemala,120670.2480756738,2009
malaysia,219801.2414565996,2009
north_korea,194977.0802852736,2009
mexico,943506.7987574404,2009
belgium,93359.618225082,2009
estonia,10446.912818262666,2009
lithuania,26663.33998980625,2009
yemen,191215.7968123446,2009
djibouti,5770.135384679359,2009
qatar,12377.775884843382,2009
somalia,52112.520112982274,2009
kenya,331043.6012065197,2009
uzbekistan,240929.39309362427,2009
china,11249909.39890995,2009
belarus,82115.365153125,2009
pakistan,1514010.772501198,2009
somaliland,17853.00852737462,2009
jordan,48408.17652834883,2009
mongolia,22557.54467927776,2009
turkmenistan,62498.41076721824,2009
russia,1248592.4459126994,2009
france,524742.3979440517,2009
republic_of_the_congo,29365.038135366336,2009
palestine,39987.31237546883,2009
democratic_republic_of_the_congo,576601.6701443013,2009
austria,72614.64757474329,2009
gabon,15405.327909362848,2009
canada,263906.5838832778,2009
ethiopia,666590.1627880288,2009
guinea,79696.69981084348,2009
nigeria,1315780.5301123925,2009
new_zealand,32550.549067663884,2009
uruguay,26842.406756936485,2009
india,10003521.579336377,2009
iran,638356.6072591195,2009
conus_ak,2587076.1455395524,2009
hungary,86756.04505430402,2009
united_arab_emirates,41327.74741529008,2009
croatia,34416.702172083635,2009
germany,694733.0006936451,2009
bosnia_and_herzegovina,31590.282388815012,2009
slovakia,46147.49357815637,2009
netherlands,139839.32916752237,2009
afghanistan,206556.7291163638,2009
iraq,271650.106255377,2009
georgia,35090.18360669273,2009
rwanda,82950.09542271544,2009
ukraine,377685.3856608203,2009
czech_republic,89172.82489602733,2009
israel,49757.7509376388,2009
saudi_arabia,224634.6987978181,2009
syria,171513.79688173567,2009
romania,173403.22954189245,2009
moldova,32431.698678296307,2009
burundi,71622.95049173258,2009
kazakhstan,137133.32140723313,2009
sri_lanka,163134.53414831942,2009
angola,175795.25274706195,2009
azerbaijan,75875.61794448129,2009
denmark,42583.51891053822,2009
tanzania,353000.5494908708,2009
sweden,74146.72816706667,2009
montenegro,5222.990427225075,2009
morocco,271235.2513256987,2009
eswatini,8748.355362637694,2009
zambia,108642.4796612504,2009
algeria,293593.26010530005,2009
tunisia,83371.67149710572,2009
albania,23543.618269607676,2009
lesotho,15962.711744997556,2009
uganda,258351.96473206577,2009
guyana,6016.946585672731,2009
eritrea,31375.853726605168,2009
argentina,339364.0180397408,2009
paraguay,52015.74334948824,2009
spain,373500.91296106816,2009
tajikistan,63501.53730132953,2009
libya,50335.374233784074,2009
kosovo,14556.529641054516,2009
south_africa,425530.914284665,2009
republic_of_macedonia,17760.967601614255,2009
bulgaria,64167.95175004361,2009
kyrgyzstan,46511.22983019351,2009
italy,492620.1225783315,2009
madagascar,166408.55958233698,2009
brazil,1571841.542394411,2009
greece,87658.45791372062,2009
turkey,605228.7723817006,2009
portugal,82798.44789180037,2009
peru,240160.70379387803,2009
bolivia,81719.39910980557,2009
namibia,17494.06550413738,2009
malawi,114941.03943880988,2009
mozambique,180716.79442485276,2009
egypt,650099.7195640662,2009
zimbabwe,108116.3604466887,2009
east_timor,8765.666659305929,2009
senegal,101968.2941015984,2009
mauritania,26963.83897193015,2009
chad,94862.3883542628,2009
taiwan,192469.58937338428,2009
mali,125811.69815089845,2009
switzerland,68298.64271836281,2009
suriname,4475.432181862699,2009
australia,178240.98755357086,2009
botswana,16636.68705477316,2009
french_guiana,1747.3418016483693,2009
indonesia,1940173.862987898,2009
armenia,24617.77420047829,2009
papua_new_guinea,55515.054142459034,2009
serbia,63262.46985053859,2009
oman,23562.7438058231,2009
lebanon,41908.99029266158,2009
slovenia,17752.70085962249,2009
ecuador,119055.09744543832,2009
ivory_coast,167430.65642031544,2009
central_african_republic,37936.64287310441,2009
south_sudan,73775.28298103358,2009
ghana,204414.27627182257,2009
togo,50967.477017087534,2009
cameroon,168712.97718117005,2009
benin,74886.86094107747,2009
sudan,271968.4423447006,2009
niger,130104.3099560388,2009
burkina_faso,132764.4292598015,2009
cayman_islands,312.53910909165796,2009
british_virgin_islands,157.06368838114048,2010
montserrat,20.54594976820198,2010
poland,331834.55576229584,2010
guadeloupe,5632.989355456331,2010
saint_kitts_and_nevis,331.7523889449881,2010
barbados,1799.2266658348196,2010
myanmar,436753.803387302,2010
japan,1070543.8435305331,2010
trinidad_and_tobago,10751.49526580924,2010
luxembourg,4469.696561242275,2010
iceland,2446.4472322916617,2010
cambodia,119927.42747233936,2010
guinea-bissau,11904.878453914662,2010
jamaica,21717.36783681564,2010
puerto_rico,31794.735080560473,2010
south_korea,390041.2731991987,2010
dominican_republic,80569.2629623236,2010
cuba,93673.69722344026,2010
laos,52829.98424171708,2010
panama,29144.69552113233,2010
the_bahamas,2370.513089586669,2010
liberia,28991.32502799821,2010
bangladesh,1173072.5278400418,2010
honduras,66468.96143483407,2010
nepal,226869.11218875853,2010
colombia,412223.8061529782,2010
sierra_leone,43735.73752419808,2010
thailand,562558.7689220225,2010
chile,144045.73807589704,2010
philippines,716300.6840746227,2010
vietnam,725560.2192584672,2010
bhutan,6715.842426294068,2010
equatorial_guinea,9053.557140308065,2010
nicaragua,48203.94109587256,2010
latvia,17070.13373511808,2010
brunei,3130.6274953352035,2010
united_kingdom,522226.8166883424,2010
finland,44799.642906805995,2010
belize,2729.2666106912034,2010
ireland,37636.780494517974,2010
norway,38101.62135315773,2010
haiti,83128.1539019225,2010
venezuela,223645.20144948867,2010
el_salvador,50398.579268838424,2010
costa_rica,36487.58362275135,2010
gambia,12758.696250226953,2010
guatemala,123470.80625430869,2010
malaysia,224817.5589009077,2010
north_korea,195222.57018561877,2010
mexico,960248.6165298078,2010
belgium,93979.97056891384,2010
estonia,10414.505325569353,2010
lithuania,26335.969442126592,2010
yemen,196593.281691354,2010
djibouti,5913.503546721249,2010
qatar,14260.177699309575,2010
somalia,53798.42008165087,2010
kenya,341381.9271408885,2010
uzbekistan,244848.11129405937,2010
china,11329130.974907266,2010
belarus,81806.54166493194,2010
pakistan,1550731.921502096,2010
somaliland,18331.36092298207,2010
jordan,49413.24209564385,2010
mongolia,22889.026632371184,2010
turkmenistan,64216.25193636315,2010
russia,1246538.1076286724,2010
france,528517.3907730654,2010
republic_of_the_congo,28978.80534922858,2010
palestine,42011.930138542426,2010
democratic_republic_of_the_congo,603516.8483472271,2010
austria,72937.7516458517,2010
gabon,15974.743426583162,2010
canada,267010.0161746386,2010
ethiopia,684139.9191788743,2010
guinea,81572.5603582488,2010
nigeria,1357450.4563091567,2010
new_zealand,32784.36073772092,2010
uruguay,26925.544758917164,2010
india,10170187.168383803,2010
iran,640777.3252584296,2010
conus_ak,2614467.9465548084,2010
hungary,86080.27814542489,2010
united_arab_emirates,43638.36903640345,2010
croatia,34218.72213249112,2010
germany,692666.3661761468,2010
bosnia_and_herzegovina,31338.206517271203,2010
slovakia,46158.371583439526,2010
netherlands,140442.5853737311,2010
afghanistan,210750.13912732812,2010
iraq,280155.2091280355,2010
georgia,34653.340175955585,2010
rwanda,85182.10321272626,2010
ukraine,375615.9344180674,2010
czech_republic,89423.60719560113,2010
israel,58364.083794908074,2010
saudi_arabia,231578.25927003493,2010
syria,175592.8135883072,2010
romania,172620.43165195003,2010
moldova,32333.036493099706,2010
burundi,73495.5242498096,2010
kazakhstan,138376.29781881854,2010
sri_lanka,164104.65454989424,2010
angola,179479.93072922475,2010
azerbaijan,76834.87430417853,2010
denmark,42847.849826380414,2010
tanzania,362800.4907208189,2010
sweden,74697.7253740563,2010
montenegro,5202.020717444321,2010
morocco,274353.034965102,2010
eswatini,8789.912872595884,2010
zambia,112208.25393297288,2010
algeria,299071.0649239645,2010
tunisia,84273.64667278022,2010
albania,23343.908758963746,2010
lesotho,15970.539436180012,2010
uganda,266194.0559459525,2010
guyana,5998.866552420388,2010
eritrea,31763.19634620036,2010
argentina,343317.5507087361,2010
paraguay,52916.8093085186,2010
spain,378853.4092642938,2010
tajikistan,65062.783751715986,2010
libya,51113.102928282104,2010
kosovo,14845.946933488663,2010
south_africa,432057.5311117881,2010
republic_of_macedonia,17792.331155010295,2010
bulgaria,63819.96774391697,2010
kyrgyzstan,46808.290794491026,2010
italy,494829.3020601595,2010
madagascar,171448.99435301797,2010
brazil,1591237.1469760488,2010
greece,87616.98571219803,2010
turkey,608676.9856567282,2010
portugal,82892.69409482412,2010
peru,244558.09155014093,2010
bolivia,83215.4808152008,2010
namibia,17730.11922322232,2010
malawi,118282.98123763452,2010
mozambique,186553.4636109184,2010
egypt,662053.8941982406,2010
zimbabwe,109388.02626322246,2010
east_timor,9015.613392403951,2010
senegal,104909.20300139792,2010
mauritania,27671.247473101816,2010
chad,98397.7275276562,2010
taiwan,193181.94937928524,2010
mali,130924.68143280278,2010
switzerland,68917.14391300635,2010
suriname,4524.4647247058165,2010
australia,178263.92917761562,2010
botswana,16955.167827449433,2010
french_guiana,1815.225894995973,2010
indonesia,1972584.3337599477,2010
armenia,24540.346655924994,2010
papua_new_guinea,57134.122695957434,2010
serbia,63084.13923065291,2010
oman,24150.87683917451,2010
lebanon,44059.21560375806,2010
slovenia,17860.82336238521,2010
ecuador,121345.6689753654,2010
ivory_coast,171632.37852528246,2010
central_african_republic,38684.26085899504,2010
south_sudan,77324.09967864507,2010
ghana,210056.0147966307,2010
togo,52610.21164010315,2010
cameroon,174017.73056585874,2010
benin,77695.35216200986,2010
sudan,279184.7524683822,2010
niger,135633.60998434172,2010
burkina_faso,137348.51606955173,2010
cayman_islands,322.41727383198116,2010
british_virgin_islands,162.4529477250635,2011
montserrat,21.90032458217705,2011
poland,332260.1005401126,2011
guadeloupe,5675.976517965778,2011
saint_kitts_and_nevis,334.0564436164557,2011
barbados,1792.927733503136,2011
myanmar,431805.3862128488,2011
japan,1070934.2672614115,2011
trinidad_and_tobago,10811.071132502751,2011
luxembourg,4541.481152611286,2011
iceland,2488.453745073511,2011
cambodia,122573.13502649056,2011
guinea-bissau,12233.66413524534,2011
jamaica,21780.40231340974,2011
puerto_rico,31733.870293963053,2011
south_korea,392404.8398507143,2011
dominican_republic,82404.118889062,2011
cuba,93685.43508250208,2011
laos,53834.75177165311,2011
panama,29724.153058307264,2011
the_bahamas,2390.6821997512902,2011
liberia,29697.096106915244,2011
bangladesh,1206835.688693801,2011
honduras,67779.24996624084,2011
nepal,233381.37304883107,2011
colombia,423054.07858971873,2011
sierra_leone,44593.22299326398,2011
thailand,568648.9860638597,2011
chile,146863.19446263774,2011
philippines,727628.0342151846,2011
vietnam,734401.078735883,2011
bhutan,6898.805153857908,2011
equatorial_guinea,9190.82714961576,2011
nicaragua,49118.36279499147,2011
latvia,17408.994700289535,2011
brunei,3207.476086716678,2011
united_kingdom,526119.7099175453,2011
finland,45045.37830890194,2011
belize,2795.5976867255017,2011
ireland,38260.907241730136,2011
norway,38435.25503974075,2011
haiti,85924.87476494972,2011
venezuela,227530.07906028745,2011
el_salvador,51016.761653645066,2011
costa_rica,36995.540211360894,2011
gambia,13357.267788640012,2011
guatemala,126374.727430054,2011
malaysia,230212.4780470693,2011
north_korea,195336.7232910082,2011
mexico,977712.6949171023,2011
belgium,94576.6791969368,2011
estonia,10450.323114560331,2011
lithuania,26038.395603031608,2011
yemen,202132.6081769676,2011
djibouti,6096.251252545501,2011
qatar,16330.406394464317,2011
somalia,55305.932177145296,2011
kenya,351997.34798100806,2011
uzbekistan,248731.23054960553,2011
china,11412607.53855414,2011
belarus,81476.67961012883,2011
pakistan,1588142.9302760037,2011
somaliland,18792.05223281471,2011
jordan,50427.74253133467,2011
mongolia,23274.57262344978,2011
turkmenistan,65919.15552437362,2011
russia,1244089.111215321,2011
france,532442.4850325286,2011
republic_of_the_congo,28906.83335533674,2011
palestine,43014.70157746616,2011
democratic_republic_of_the_congo,632343.7751883977,2011
austria,73264.85249465524,2011
gabon,16662.7314738231,2011
canada,270170.8090357833,2011
ethiopia,702762.0837208353,2011
guinea,83404.73327238367,2011
nigeria,1399520.569042971,2011
new_zealand,33025.92398749122,2011
uruguay,26980.898243107087,2011
india,10340920.052695544,2011
iran,643646.438941014,2011
conus_ak,2640482.2531979154,2011
hungary,85478.07916866241,2011
united_arab_emirates,46016.73467053504,2011
croatia,34204.48843194224,2011
germany,690667.7722734644,2011
bosnia_and_herzegovina,31074.00339399115,2011
slovakia,46110.56012260501,2011
netherlands,141091.33151411024,2011
afghanistan,215048.1277484619,2011
iraq,288973.3641924368,2011
georgia,34272.08195453534,2011
rwanda,87585.0622945828,2011
ukraine,373397.7078903701,2011
czech_republic,89624.55312306424,2011
israel,57407.63967056182,2011
saudi_arabia,238835.19908802977,2011
syria,180352.77801145968,2011
romania,172182.45209799166,2011
moldova,32202.49540440446,2011
burundi,75532.83206261662,2011
kazakhstan,139780.61792797293,2011
sri_lanka,165357.16980683326,2011
angola,184521.85630004373,2011
azerbaijan,77655.6111129485,2011
denmark,43090.37282864571,2011
tanzania,372585.1499617027,2011
sweden,75208.44500881096,2011
montenegro,5200.634059783124,2011
morocco,278036.83777615544,2011
eswatini,8839.331931329973,2011
zambia,115955.18616043028,2011
algeria,304925.295197021,2011
tunisia,85013.73342608109,2011
albania,23227.790387930298,2011
lesotho,15963.246287828972,2011
uganda,274483.1487414515,2011
guyana,5986.612682014599,2011
eritrea,32267.105174421096,2011
argentina,347251.5211659519,2011
paraguay,53789.09760777475,2011
spain,383521.3120771781,2011
tajikistan,66373.99628509048,2011
libya,51873.987305829614,2011
kosovo,15148.132350253823,2011
south_africa,438679.3788183272,2011
republic_of_macedonia,17833.476828641888,2011
bulgaria,63382.52690935365,2011
kyrgyzstan,47167.85977142068,2011
italy,497085.77955838066,2011
madagascar,176521.80693397066,2011
brazil,1610950.2481919366,2011
greece,87620.73548401441,2011
turkey,612737.6846367134,2011
portugal,82996.22019296192,2011
peru,249542.12398318236,2011
bolivia,84770.80372908663,2011
namibia,17999.09627279883,2011
malawi,121685.47595698,2011
mozambique,192563.84378270764,2011
egypt,675431.7596166776,2011
zimbabwe,110699.06675711802,2011
east_timor,9275.08854880628,2011
senegal,108084.3818274004,2011
mauritania,28425.208041720925,2011
chad,101966.52871291943,2011
taiwan,193952.39661874785,2011
mali,136303.37481561332,2011
switzerland,69515.84663880941,2011
suriname,4590.2729692234525,2011
australia,178229.5376624604,2011
botswana,17280.35660460318,2011
french_guiana,1885.1471209401263,2011
indonesia,2004262.260277309,2011
armenia,24420.69783568683,2011
papua_new_guinea,58872.397776418344,2011
serbia,62823.42275291909,2011
oman,24876.158793656377,2011
lebanon,46428.94173964166,2011
slovenia,17969.268217160974,2011
ecuador,123815.04797979048,2011
ivory_coast,175966.8521702984,2011
central_african_republic,39451.85329922593,2011
south_sudan,81185.23317771156,2011
ghana,216042.12554419375,2011
togo,54351.81197660755,2011
cameroon,179530.95736002576,2011
benin,80448.94235440233,2011
sudan,286789.8187912173,2011
niger,141122.61314347634,2011
burkina_faso,142038.8765058776,2011
cayman_islands,331.1286989995004,2011
british_virgin_islands,162.92799548596207,2012
montserrat,20.489501473629,2012
poland,332653.3455250197,2012
guadeloupe,5657.318975815322,2012
saint_kitts_and_nevis,326.02759123555586,2012
barbados,1782.4895136876437,2012
myanmar,428361.2958840342,2012
japan,1068603.6625573635,2012
trinidad_and_tobago,10865.829722994478,2012
luxembourg,4595.561174929186,2012
iceland,2499.7516470990154,2012
cambodia,125984.2048878088,2012
guinea-bissau,12553.43177962701,2012
jamaica,21820.96458091861,2012
puerto_rico,31672.49767515298,2012
south_korea,395056.2982783358,2012
dominican_republic,84328.86165491228,2012
cuba,93587.08429576528,2012
laos,54959.855489278714,2012
panama,30336.53745638641,2012
the_bahamas,2425.9334449672147,2012
liberia,30260.205052717993,2012
bangladesh,1209625.5516637848,2012
honduras,69094.69589142565,2012
nepal,240555.93814456425,2012
colombia,434033.67885416147,2012
sierra_leone,45423.21236160112,2012
thailand,574621.3890131828,2012
chile,149443.51611616745,2012
philippines,740090.3344298915,2012
vietnam,743175.7041990923,2012
bhutan,6985.100479931266,2012
equatorial_guinea,9339.520706750807,2012
nicaragua,50107.66269272556,2012
latvia,17760.163337547103,2012
brunei,3253.19764254954,2012
united_kingdom,530050.1452092229,2012
finland,45353.195134221096,2012
belize,2849.1167700816804,2012
ireland,38938.53105681759,2012
norway,38781.18387989888,2012
haiti,88881.66079188534,2012
venezuela,230942.8361760769,2012
el_salvador,51656.40560451257,2012
costa_rica,37382.48275105952,2012
gambia,13845.473996922785,2012
guatemala,129385.64899572216,2012
malaysia,235130.97899226105,2012
north_korea,195581.72230655423,2012
mexico,995592.519074652,2012
belgium,95233.32327599368,2012
estonia,10430.558334303136,2012
lithuania,25714.86869417381,2012
yemen,207517.63211162403,2012
djibouti,6238.755741312645,2012
qatar,18721.977277601873,2012
somalia,56572.03082014182,2012
kenya,365312.171794791,2012
uzbekistan,252691.0352190832,2012
china,11495048.490558969,2012
belarus,81131.80800699689,2012
pakistan,1628435.4726227466,2012
somaliland,19306.873184962977,2012
jordan,51466.10842479733,2012
mongolia,23601.3963536339,2012
turkmenistan,67829.0285355175,2012
russia,1242081.62805877,2012
france,536473.4331140225,2012
republic_of_the_congo,28919.61238815791,2012
palestine,44329.65136283877,2012
democratic_republic_of_the_congo,662153.0745003764,2012
austria,73657.88419046992,2012
gabon,17414.17458144095,2012
canada,273388.04274677,2012
ethiopia,720775.5626408383,2012
guinea,85485.33475393444,2012
nigeria,1443296.2558863547,2012
new_zealand,33247.785774558775,2012
uruguay,27136.80789779291,2012
india,10516135.661879528,2012
iran,646650.9270745666,2012
conus_ak,2667140.111321354,2012
hungary,84718.70971194697,2012
united_arab_emirates,48615.093264944546,2012
croatia,34010.35192238855,2012
germany,688964.3375689687,2012
bosnia_and_herzegovina,30907.375773564603,2012
slovakia,46176.69492864973,2012
netherlands,141730.36924742823,2012
afghanistan,219737.50250786316,2012
iraq,298173.297613295,2012
georgia,33805.312183534064,2012
rwanda,90111.7112074732,2012
ukraine,371504.57926707825,2012
czech_republic,89835.4254884874,2012
israel,55694.16455927628,2012
saudi_arabia,246078.9462820267,2012
syria,184139.69917232188,2012
romania,172408.96206167512,2012
moldova,32067.53209798928,2012
burundi,77648.79727300945,2012
kazakhstan,141125.54764796275,2012
sri_lanka,166438.7061694737,2012
angola,190669.9284328937,2012
azerbaijan,78644.21158185726,2012
denmark,43388.28520961987,2012
tanzania,383142.99727156945,2012
sweden,75857.68355509327,2012
montenegro,5188.897424978217,2012
morocco,281062.8118920338,2012
eswatini,8876.492736534414,2012
zambia,119846.6544898804,2012
algeria,311298.9555115468,2012
tunisia,85378.28270564973,2012
albania,23109.943744723772,2012
lesotho,15986.353667018728,2012
uganda,283192.9761735642,2012
guyana,5942.255742977507,2012
eritrea,32727.353720101528,2012
argentina,351078.2128917732,2012
paraguay,54838.268374213774,2012
spain,388370.27658591885,2012
tajikistan,67937.61687431348,2012
libya,52577.0028744651,2012
kosovo,15430.32345705468,2012
south_africa,445464.4281256392,2012
republic_of_macedonia,17875.535517281474,2012
bulgaria,63098.437569946575,2012
kyrgyzstan,47400.45885845384,2012
italy,499429.8980717864,2012
madagascar,182033.48173296536,2012
brazil,1631235.739254741,2012
greece,87468.35761717592,2012
turkey,616162.3406461977,2012
portugal,83109.66493703301,2012
peru,254601.8642381338,2012
bolivia,86504.12752315612,2012
namibia,18262.15555350473,2012
malawi,125042.51036786746,2012
mozambique,198906.6459264385,2012
egypt,688544.2320734238,2012
zimbabwe,111891.73696224787,2012
east_timor,9505.262687970871,2012
senegal,111126.85755521477,2012
mauritania,29303.885412454973,2012
chad,105673.94742442586,2012
taiwan,194524.78645864717,2012
mali,141986.7689522204,2012
switzerland,70254.18526725617,2012
suriname,4660.2409291419835,2012
australia,178242.98876292817,2012
botswana,17627.77632305416,2012
french_guiana,1973.709291120076,2012
indonesia,2036231.8622523868,2012
armenia,24268.256020540957,2012
papua_new_guinea,60534.40450844948,2012
serbia,62690.71447977852,2012
oman,25528.589032241172,2012
lebanon,48846.79033321321,2012
slovenia,18074.280768125016,2012
ecuador,126151.56649797158,2012
ivory_coast,180833.44551782456,2012
central_african_republic,40330.59601741103,2012
south_sudan,85469.33582720101,2012
ghana,222258.0500789058,2012
togo,56087.259614906594,2012
cameroon,185405.30828760192,2012
benin,83555.66625090878,2012
sudan,294472.1688499273,2012
niger,147131.4623301016,2012
burkina_faso,146963.25472145004,2012
cayman_islands,339.94225021353105,2012
british_virgin_islands,168.99231880746188,2013
montserrat,20.035382047061823,2013
poland,333096.4637278679,2013
guadeloupe,5699.2459246562385,2013
saint_kitts_and_nevis,333.028987120764,2013
barbados,1778.3202341762244,2013
myanmar,424735.5140075444,2013
japan,1070248.9377084286,2013
trinidad_and_tobago,10923.162132244235,2013
luxembourg,4673.019597055296,2013
iceland,2551.0958280900422,2013
cambodia,129577.2181676774,2013
guinea-bissau,12867.313648331285,2013
jamaica,21891.61152782785,2013
puerto_rico,31616.03232588678,2013
south_korea,398176.7483510622,2013
dominican_republic,86209.10995019096,2013
cuba,93680.30032672043,2013
laos,56047.20409518552,2013
panama,30926.264428336683,2013
the_bahamas,2463.5584752449936,2013
liberia,30950.553669365378,2013
bangladesh,1243092.4046748108,2013
honduras,70465.53879912176,2013
nepal,249098.8252159181,2013
colombia,445244.3070893971,2013
sierra_leone,46336.87027981691,2013
thailand,581054.5361338274,2013
chile,152204.28804449015,2013
philippines,752259.2568763813,2013
vietnam,752961.4780176353,2013
bhutan,7096.601851200284,2013
equatorial_guinea,9502.497658956883,2013
nicaragua,51116.77043463399,2013
latvia,18143.50722754201,2013
brunei,3298.256590672744,2013
united_kingdom,534031.3373287416,2013
finland,45549.55896441541,2013
belize,2921.85426464578,2013
ireland,39626.232727792616,2013
norway,39152.94633693271,2013
haiti,91822.22836440153,2013
venezuela,235315.47007260693,2013
el_salvador,52296.18123143216,2013
costa_rica,37886.22949107554,2013
gambia,14318.70709634678,2013
guatemala,132498.41168008637,2013
malaysia,240730.07915628777,2013
north_korea,195855.8624910188,2013
mexico,1014641.8879670816,2013
belgium,95910.7889965996,2013
estonia,10451.23628667086,2013
lithuania,25437.24166511976,2013
yemen,213235.3970855461,2013
djibouti,6435.281885631932,2013
qatar,21469.181564820658,2013
somalia,58100.187697654146,2013
kenya,375191.6876853648,2013
uzbekistan,256848.141196062,2013
china,11582562.955412364,2013
belarus,80815.26056947425,2013
pakistan,1668006.7673468003,2013
somaliland,19818.03690239825,2013
jordan,52621.85466070432,2013
mongolia,23989.61874190924,2013
turkmenistan,69701.48892055357,2013
russia,1240031.5312692802,2013
france,540376.7137891789,2013
republic_of_the_congo,28979.737127718887,2013
palestine,44943.95817084344,2013
democratic_republic_of_the_congo,693865.4468384451,2013
austria,73973.8684545944,2013
gabon,18185.535280910055,2013
canada,276676.94036838564,2013
ethiopia,740410.8124290538,2013
guinea,87509.07528127721,2013
nigeria,1488722.7549550086,2013
new_zealand,33494.40091257045,2013
uruguay,27205.726866080488,2013
india,10690238.419769231,2013
iran,649975.2185117808,2013
conus_ak,2694530.236483109,2013
hungary,84175.80225692973,2013
united_arab_emirates,51335.88337074297,2013
croatia,33873.088168749426,2013
germany,686924.1073602715,2013
bosnia_and_herzegovina,30647.52504518843,2013
slovakia,46232.496631903945,2013
netherlands,142362.49587362338,2013
afghanistan,224408.4705328258,2013
iraq,307251.33190703817,2013
georgia,33385.31484493428,2013
rwanda,92833.4226478516,2013
ukraine,369525.6652370482,2013
czech_republic,90077.09766336014,2013
israel,55298.11662027456,2013
saudi_arabia,253677.67899175757,2013
syria,188928.33022594353,2013
romania,173274.32569022974,2013
moldova,31945.36174146924,2013
burundi,79828.80153201726,2013
kazakhstan,142601.8067633576,2013
sri_lanka,167780.58180853774,2013
angola,198067.8753517089,2013
azerbaijan,79738.498856352,2013
denmark,43666.44213848808,2013
tanzania,394143.81037992606,2013
sweden,76424.73103050703,2013
montenegro,5181.701374051557,2013
morocco,284383.900570425,2013
eswatini,8910.342274887962,2013
zambia,124025.57491418916,2013
algeria,317609.4829642629,2013
tunisia,86261.13724062835,2013
albania,23041.187430479004,2013
lesotho,15979.235098814665,2013
uganda,292017.26069927146,2013
guyana,5952.736367105591,2013
eritrea,33224.28410103723,2013
argentina,355191.82603511936,2013
paraguay,55822.03185181903,2013
spain,393461.46422424266,2013
tajikistan,69353.87358125976,2013
libya,53389.43994857806,2013
kosovo,15745.396795347302,2013
south_africa,452722.7118974443,2013
republic_of_macedonia,17905.810406127133,2013
bulgaria,62795.41236259092,2013
kyrgyzstan,47712.52987442588,2013
italy,501760.5616770383,2013
madagascar,187779.86495795136,2013
brazil,1651934.8799773497,2013
greece,87291.5149891784,2013
turkey,620430.7361260257,2013
portugal,83232.90093595051,2013
peru,259819.6017761796,2013
bolivia,88153.99416352117,2013
namibia,18543.17709123109,2013
malawi,128704.8947289217,2013
mozambique,205432.60947357697,2013
egypt,701807.2639257748,2013
zimbabwe,113229.68899758994,2013
east_timor,9787.740694287864,2013
senegal,114432.92967873965,2013
mauritania,30328.137108762585,2013
chad,109726.74137383889,2013
taiwan,195198.1263694148,2013
mali,148054.9169539466,2013
switzerland,70884.49602935876,2013
suriname,4714.9841341372685,2013
australia,178251.9305220224,2013
botswana,17970.385544042827,2013
french_guiana,2064.4238438032844,2013
indonesia,2070925.7338804305,2013
armenia,24194.40953198553,2013
papua_new_guinea,62396.64128936653,2013
serbia,62469.06865137228,2013
oman,26243.33118762301,2013
lebanon,51549.80183968286,2013
slovenia,18183.07867192369,2013
ecuador,128790.66851338028,2013
ivory_coast,185551.59138933456,2013
central_african_republic,41115.04925327788,2013
south_sudan,90159.27664642171,2013
ghana,228504.8244666239,2013
togo,57944.9894137889,2013
cameroon,191079.8856759302,2013
benin,86701.82666385887,2013
sudan,302480.3956905501,2013
niger,153262.15642365228,2013
burkina_faso,152201.8018485348,2013
cayman_islands,348.61334779570785,2013
british_virgin_islands,171.98928692875157,2014
montserrat,20.929565568326733,2014
poland,333766.1780109741,2014
guadeloupe,5706.739647006432,2014
saint_kitts_and_nevis,337.7436048233626,2014
barbados,1792.940796841126,2014
myanmar,421194.1486489583,2014
japan,1070205.6162052767,2014
trinidad_and_tobago,10988.62052537926,2014
luxembourg,4741.265103773775,2014
iceland,2590.599240374549,2014
cambodia,133366.27476616774,2014
guinea-bissau,13183.197242290622,2014
jamaica,21974.37449630046,2014
puerto_rico,31555.511023209587,2014
south_korea,401030.9945607764,2014
dominican_republic,88304.77892705057,2014
cuba,93661.00047626215,2014
laos,57182.46966676659,2014
panama,31459.529062200203,2014
the_bahamas,2504.4623200738033,2014
liberia,31628.54651836684,2014
bangladesh,1246941.9688105355,2014
honduras,71897.52437268212,2014
nepal,258726.8659476477,2014
colombia,457342.1346266888,2014
sierra_leone,47259.974357590225,2014
thailand,587802.0410546957,2014
chile,155249.22177947272,2014
philippines,765030.0033689986,2014
vietnam,762623.4497070725,2014
bhutan,7218.501905183122,2014
equatorial_guinea,9579.473716145858,2014
nicaragua,52110.34113660751,2014
latvia,18531.94800170571,2014
brunei,3352.33535279011,2014
united_kingdom,538064.6022971368,2014
finland,45788.761455221334,2014
belize,3006.6745103724593,2014
ireland,40342.97782980325,2014
norway,39591.196879243056,2014
haiti,95196.94662315011,2014
venezuela,239385.87456957836,2014
el_salvador,53070.394035357065,2014
costa_rica,38356.59519076354,2014
gambia,14848.217299830732,2014
guatemala,135744.02321920326,2014
malaysia,246482.67278090733,2014
north_korea,195746.39601007008,2014
mexico,1034996.5099746354,2014
belgium,96523.67783526596,2014
estonia,10473.168576187392,2014
lithuania,25159.901451304213,2014
yemen,219252.57192827397,2014
djibouti,6695.442765498473,2014
qatar,24665.13534096063,2014
somalia,59832.03312810168,2014
kenya,389285.7802014477,2014
uzbekistan,261017.8510662487,2014
china,11671732.090824978,2014
belarus,80519.39648281228,2014
pakistan,1709615.0214664987,2014
somaliland,20321.118992103868,2014
jordan,53731.43494027266,2014
mongolia,24376.436681843858,2014
turkmenistan,71700.37604490694,2014
russia,1237850.598786418,2014
france,544588.4852695037,2014
republic_of_the_congo,29119.85611347572,2014
palestine,46083.50130644402,2014
democratic_republic_of_the_congo,727459.846989328,2014
austria,74327.27423283899,2014
gabon,18902.013183885785,2014
canada,280025.393786828,2014
ethiopia,760149.6650643238,2014
guinea,89660.56580811132,2014
nigeria,1535246.798531525,2014
new_zealand,33749.592266012434,2014
uruguay,27264.01892066396,2014
india,10870649.528619774,2014
iran,654658.0210565251,2014
conus_ak,2722556.544054312,2014
hungary,83512.34976110671,2014
united_arab_emirates,54279.47320485287,2014
croatia,33739.67720912493,2014
germany,685053.9974048208,2014
bosnia_and_herzegovina,30439.429938078774,2014
slovakia,46256.84699588187,2014
netherlands,142995.90859866672,2014
afghanistan,229338.84596575671,2014
iraq,316937.9356996589,2014
georgia,33012.42564891119,2014
rwanda,95655.92235459723,2014
ukraine,367509.01230382704,2014
czech_republic,90385.6010687534,2014
israel,54094.433438943575,2014
saudi_arabia,261604.14570872416,2014
syria,193811.70154004457,2014
romania,175157.7667532996,2014
moldova,31835.913540635447,2014
burundi,82205.01347049161,2014
kazakhstan,144143.8178762314,2014
sri_lanka,169066.0871840633,2014
angola,207120.6591354884,2014
azerbaijan,80653.69791256894,2014
denmark,43966.14273159981,2014
tanzania,405125.3127377389,2014
sweden,76995.1481438839,2014
montenegro,5188.529693390147,2014
morocco,287826.9861435194,2014
eswatini,8964.48620833712,2014
zambia,128527.20105806402,2014
algeria,324411.25435491593,2014
tunisia,87353.45702367052,2014
albania,22987.894259027296,2014
lesotho,15978.5753196224,2014
uganda,301304.38041962165,2014
guyana,5948.687149548441,2014
eritrea,33757.62585012501,2014
argentina,359605.8697106089,2014
paraguay,56803.07460341141,2014
spain,398935.15491065127,2014
tajikistan,70901.18512831353,2014
libya,54157.43252084739,2014
kosovo,16068.82119746199,2014
south_africa,460050.0498323212,2014
republic_of_macedonia,17953.5058389544,2014
bulgaria,62611.95925085567,2014
kyrgyzstan,48001.22844769646,2014
italy,504216.0761998859,2014
madagascar,193673.10624492203,2014
brazil,1673265.8498537769,2014
greece,87223.42498159551,2014
turkey,626313.7014517871,2014
portugal,83353.97010050443,2014
peru,265065.88557428704,2014
bolivia,89909.61596596279,2014
namibia,18840.170855512763,2014
malawi,132206.83186661973,2014
mozambique,212459.1652223319,2014
egypt,716384.0284198716,2014
zimbabwe,114589.88572785164,2014
east_timor,10066.208134781718,2014
senegal,117707.46591083554,2014
mauritania,31280.903284386957,2014
chad,113790.60929987956,2014
taiwan,196106.30292076763,2014
mali,154407.92530273233,2014
switzerland,71575.07902286995,2014
suriname,4792.066873783366,2014
australia,178202.72064946234,2014
botswana,18319.183103254494,2014
french_guiana,2145.424402273334,2014
indonesia,2108191.139849991,2014
armenia,24122.48099170316,2014
papua_new_guinea,64220.34076840146,2014
serbia,62257.910359952744,2014
oman,26908.220154961073,2014
lebanon,54279.919950056945,2014
slovenia,18304.668134190895,2014
ecuador,131317.7079356061,2014
ivory_coast,190426.88527839605,2014
central_african_republic,41986.95597972443,2014
south_sudan,95457.11966336716,2014
ghana,235320.3307113401,2014
togo,59922.303498439345,2014
cameroon,197322.1766398369,2014
benin,89967.6641378268,2014
sudan,310695.47311376943,2014
niger,159621.1551438094,2014
burkina_faso,157671.296712782,2014
cayman_islands,356.59504809771823,2014
british_virgin_islands,176.42048843878078,2015
montserrat,21.458015403911176,2015
poland,334348.69270553277,2015
guadeloupe,5769.2848850305745,2015
saint_kitts_and_nevis,341.93196166578457,2015
barbados,1791.4470915523227,2015
myanmar,418454.73165257694,2015
japan,1070159.0110689627,2015
trinidad_and_tobago,11047.916888762486,2015
luxembourg,4815.0313552114885,2015
iceland,2620.500354071781,2015
cambodia,137520.2172192125,2015
guinea-bissau,13468.354826448016,2015
jamaica,22028.77756958642,2015
puerto_rico,31492.30218331445,2015
south_korea,404386.98134722107,2015
dominican_republic,90509.39540576632,2015
cuba,93591.99257426772,2015
laos,58332.07725525839,2015
panama,32119.391370424488,2015
the_bahamas,2543.169783005065,2015
liberia,32170.187371624852,2015
bangladesh,1282703.9797517832,2015
honduras,73414.21509969859,2015
nepal,269861.7526093414,2015
colombia,469544.07477757207,2015
sierra_leone,48235.1260740704,2015
thailand,595040.9814276757,2015
chile,158339.80064125435,2015
philippines,779227.1004061537,2015
vietnam,772937.4393701621,2015
bhutan,7361.350746967084,2015
equatorial_guinea,9844.419998821251,2015
nicaragua,53172.75408517703,2015
latvia,18888.33790629305,2015
brunei,3410.802323624779,2015
united_kingdom,542134.9979051267,2015
finland,46017.02930982567,2015
belize,3092.2816225821066,2015
ireland,41091.35909641737,2015
norway,39935.85781595073,2015
haiti,98619.57041173078,2015
venezuela,243777.59616399417,2015
el_salvador,53684.95735920441,2015
costa_rica,38842.42025842931,2015
gambia,15478.13385584053,2015
guatemala,139074.28594643273,2015
malaysia,252262.5469981375,2015
north_korea,195889.7343857762,2015
mexico,1063133.4634463754,2015
belgium,97159.28036300256,2015
estonia,10533.6945254817,2015
lithuania,24876.596837250338,2015
yemen,225416.76091756337,2015
djibouti,6959.628096244339,2015
qatar,28253.83031396484,2015
somalia,61171.356353330986,2015
kenya,399750.3842907911,2015
uzbekistan,265278.2785941221,2015
china,11762572.492176335,2015
belarus,80249.6261577328,2015
pakistan,1751329.7543689494,2015
somaliland,20868.36334411525,2015
jordan,54849.82751236431,2015
mongolia,24783.24681682879,2015
turkmenistan,73704.92856832722,2015
russia,1236076.1270193544,2015
france,548745.8402746874,2015
republic_of_the_congo,29524.119846013607,2015
palestine,48201.83209674107,2015
democratic_republic_of_the_congo,763634.4424736308,2015
austria,74716.26294151985,2015
gabon,19778.569711667536,2015
canada,283440.22269995254,2015
ethiopia,780372.5011893434,2015
guinea,92043.95889150418,2015
nigeria,1584061.6699036942,2015
new_zealand,33998.90337825598,2015
uruguay,27346.62938743261,2015
india,11052851.042237451,2015
iran,659182.5563707518,2015
conus_ak,2753473.349757898,2015
hungary,83002.70482692932,2015
united_arab_emirates,57379.52721716747,2015
croatia,33682.94716965992,2015
germany,683208.6075175998,2015
bosnia_and_herzegovina,30215.826604547736,2015
slovakia,46323.00731547801,2015
netherlands,143685.53498083114,2015
afghanistan,234380.00062860743,2015
iraq,326940.6775402573,2015
georgia,32649.393787895177,2015
rwanda,98583.62899173245,2015
ukraine,365590.6643512913,2015
czech_republic,90783.7544596001,2015
israel,64019.45716191608,2015
saudi_arabia,269820.8576175936,2015
syria,198744.8195208556,2015
romania,178804.18452783034,2015
moldova,31740.85409703052,2015
burundi,84608.9612676049,2015
kazakhstan,145763.21505961756,2015
sri_lanka,170337.1801632755,2015
angola,217916.777603651,2015
azerbaijan,81599.02294877154,2015
denmark,44298.259928880085,2015
tanzania,416703.62053310446,2015
sweden,77689.7191406661,2015
montenegro,5178.690770910965,2015
morocco,291751.5339971911,2015
eswatini,9024.064843393717,2015
zambia,133074.8692482787,2015
algeria,331564.18214493955,2015
tunisia,88321.0935070577,2015
albania,22910.3333939866,2015
lesotho,15995.772316307091,2015
uganda,310892.22000599635,2015
guyana,5952.469019408367,2015
eritrea,34270.49894287587,2015
argentina,363921.5531871358,2015
paraguay,57776.8563574151,2015
spain,404361.54630115005,2015
tajikistan,72505.4056160217,2015
libya,54929.50647844007,2015
kosovo,16401.453667572234,2015
south_africa,467596.52875316783,2015
republic_of_macedonia,17992.612308497515,2015
bulgaria,62601.16455267408,2015
kyrgyzstan,48378.06538466346,2015
italy,506651.6296650136,2015
madagascar,199937.9465839882,2015
brazil,1695101.6592805523,2015
greece,87064.39961920111,2015
turkey,631976.9522750244,2015
portugal,83487.05809907198,2015
peru,271145.2212430132,2015
bolivia,91748.36238412307,2015
namibia,19157.293937084203,2015
malawi,136139.63518979316,2015
mozambique,219580.2490786422,2015
egypt,730382.9242847568,2015
zimbabwe,115900.54931708856,2015
east_timor,10337.509946970276,2015
senegal,121163.1762436698,2015
mauritania,32287.039656612986,2015
chad,118097.63020681284,2015
taiwan,196892.16890450055,2015
mali,161107.136258483,2015
switzerland,72293.6430499037,2015
suriname,4864.164800623309,2015
australia,178206.4098294165,2015
botswana,18662.360297254152,2015
french_guiana,2248.539232184518,2015
indonesia,2145066.481651654,2015
armenia,24034.46430940936,2015
papua_new_guinea,66280.06500243222,2015
serbia,62016.95260682797,2015
oman,27609.46575084378,2015
lebanon,57284.39566998576,2015
slovenia,18433.91084395707,2015
ecuador,133947.8924319582,2015
ivory_coast,195406.33568378503,2015
central_african_republic,42921.8352497043,2015
south_sudan,101319.7320638022,2015
ghana,242368.32905251204,2015
togo,62069.5544836889,2015
cameroon,203895.32179916924,2015
benin,93296.16426114528,2015
sudan,319232.36593805405,2015
niger,166328.42990466853,2015
burkina_faso,163327.81318237705,2015
cayman_islands,366.83358839127237,2015
british_virgin_islands,182.05478601756275,2016
montserrat,22.295333990191715,2016
poland,335028.8455792958,2016
guadeloupe,5798.718447379328,2016
saint_kitts_and_nevis,346.05552656568733,2016
barbados,1796.234446082162,2016
myanmar,415575.8841066123,2016
japan,1071742.0635261931,2016
trinidad_and_tobago,11111.88798746908,2016
luxembourg,4895.3058826164,2016
iceland,2667.950248118386,2016
cambodia,142310.1231962317,2016
guinea-bissau,13798.805591332291,2016
jamaica,22098.172310739643,2016
puerto_rico,31441.70411199407,2016
south_korea,408008.7160905128,2016
dominican_republic,92842.07577626052,2016
cuba,93581.18494614026,2016
laos,59543.51810439454,2016
panama,32693.68917658324,2016
the_bahamas,2587.097918885408,2016
liberia,32983.667869901146,2016
bangladesh,1301751.1650076983,2016
honduras,74940.38534928742,2016
nepal,282504.8949882246,2016
colombia,482965.23018166615,2016
sierra_leone,49321.78541287775,2016
thailand,602626.5917257915,2016
chile,161514.42128837004,2016
philippines,793423.4415597437,2016
vietnam,783488.1843536547,2016
bhutan,7488.24850590563,2016
equatorial_guinea,9805.542363007136,2016
nicaragua,54212.81096724592,2016
latvia,19271.439862012212,2016
brunei,3464.947977808839,2016
united_kingdom,546274.2348421705,2016
finland,46249.52729187699,2016
belize,3157.452690911708,2016
ireland,41886.75701955432,2016
norway,40307.49556340696,2016
haiti,102291.25600185116,2016
venezuela,248139.5774614768,2016
el_salvador,54314.23078383915,2016
costa_rica,39306.731426993334,2016
gambia,16088.80070566217,2016
guatemala,142440.7743200544,2016
malaysia,258123.1748385139,2016
north_korea,196051.46658349223,2016
mexico,1086260.0430983377,2016
belgium,97835.24152042602,2016
estonia,10588.685534839204,2016
lithuania,24607.31500692221,2016
yemen,231494.34692384524,2016
djibouti,7180.288431426533,2016
qatar,32452.581561858664,2016
somalia,63162.58256555323,2016
kenya,413331.1507687392,2016
uzbekistan,269951.5122850614,2016
china,11856028.597943146,2016
belarus,79930.29270268414,2016
pakistan,1794869.1304127036,2016
somaliland,21430.76370191295,2016
jordan,56027.731135339534,2016
mongolia,25254.38352956785,2016
turkmenistan,75725.13461524477,2016
russia,1234427.707699963,2016
france,553179.6830284711,2016
republic_of_the_congo,30158.042059667343,2016
palestine,48977.702021478915,2016
democratic_republic_of_the_congo,801596.9691785445,2016
austria,75069.55499614692,2016
gabon,20577.18787480257,2016
canada,286925.2117623773,2016
ethiopia,801111.8757868371,2016
guinea,94482.6662881843,2016
nigeria,1634397.4088540548,2016
new_zealand,34258.032348431334,2016
uruguay,27428.589416688148,2016
india,11242759.252326692,2016
iran,664463.9668136833,2016
conus_ak,2782851.5690190373,2016
hungary,82471.76175299747,2016
united_arab_emirates,60901.104338556375,2016
croatia,33566.04104839796,2016
germany,681275.3096813823,2016
bosnia_and_herzegovina,29985.613374064644,2016
slovakia,46371.4044567977,2016
netherlands,144328.74377823676,2016
afghanistan,239378.1342327476,2016
iraq,337005.1605810256,2016
georgia,32291.64434165318,2016
rwanda,101748.8763647656,2016
ukraine,363656.02996646333,2016
czech_republic,91149.29112238566,2016
israel,62954.46639214359,2016
saudi_arabia,278202.5179583106,2016
syria,203810.58041258017,2016
romania,185008.7193693607,2016
moldova,31630.54310572268,2016
burundi,87007.91583783706,2016
kazakhstan,147516.13407442824,2016
sri_lanka,171646.82593353372,2016
angola,230555.7509366038,2016
azerbaijan,82815.22199634717,2016
denmark,44613.89646222005,2016
tanzania,428628.73741223954,2016
sweden,78316.23266855355,2016
montenegro,5178.930739145673,2016
morocco,295426.46672988764,2016
eswatini,9079.841316943406,2016
zambia,137923.5827232427,2016
algeria,338998.67109168327,2016
tunisia,89248.36454185398,2016
albania,22880.797920834324,2016
lesotho,15989.353688900415,2016
uganda,320698.2858988479,2016
guyana,5952.85709326027,2016
eritrea,34769.75046608242,2016
argentina,368299.1482221572,2016
paraguay,58902.08751895479,2016
spain,409874.4496765135,2016
tajikistan,74012.69283337795,2016
libya,55755.50017875101,2016
kosovo,16742.232186451496,2016
south_africa,475252.86558345275,2016
republic_of_macedonia,18027.34983813844,2016
bulgaria,62745.53557171642,2016
kyrgyzstan,48511.417925288886,2016
italy,509197.0754229333,2016
madagascar,206488.60554659663,2016
brazil,1717454.3199512262,2016
greece,86990.39900523912,2016
turkey,638266.6015488072,2016
portugal,83632.52189681614,2016
peru,277063.4719287225,2016
bolivia,93617.71372498426,2016
namibia,19475.7756110598,2016
malawi,140164.6009908667,2016
mozambique,227123.39078536985,2016
egypt,745328.3717099841,2016
zimbabwe,117243.21174933977,2016
east_timor,10636.605218680706,2016
senegal,124645.53453427723,2016
mauritania,33417.960582489075,2016
chad,122598.01911079964,2016
taiwan,197808.20142287028,2016
mali,168301.7266636617,2016
switzerland,72911.2247926453,2016
suriname,4950.649303264458,2016
australia,178213.68941278438,2016
botswana,19019.020633841672,2016
french_guiana,2331.0763666890725,2016
indonesia,2182461.788967866,2016
armenia,23934.27919383608,2016
papua_new_guinea,68252.22905154599,2016
serbia,61845.99969639376,2016
oman,28492.318386881365,2016
lebanon,60463.06611637619,2016
slovenia,18554.883809384897,2016
ecuador,136567.0885653165,2016
ivory_coast,200564.27217047065,2016
central_african_republic,43748.45006433711,2016
south_sudan,107840.09032762448,2016
ghana,249557.9806728351,2016
togo,64244.169916394574,2016
cameroon,210461.27778057393,2016
benin,96883.54234717472,2016
sudan,328031.53153993184,2016
niger,173397.47272874572,2016
burkina_faso,169270.9575110373,2016
cayman_islands,378.7493006162931,2016
british_virgin_islands,186.1322514415517,2017
montserrat,22.49501921666019,2017
poland,335756.9346659647,2017
guadeloupe,5835.830609830426,2017
saint_kitts_and_nevis,353.02738358238173,2017
barbados,1809.5942577526848,2017
myanmar,413153.57348013594,2017
japan,1072858.8275206578,2017
trinidad_and_tobago,11179.456727678302,2017
luxembourg,4974.007825354474,2017
iceland,2700.4225154271376,2017
cambodia,147766.56688372305,2017
guinea-bissau,14153.388603927668,2017
jamaica,22164.759422202733,2017
puerto_rico,31389.98585412732,2017
south_korea,412081.1814667436,2017
dominican_republic,95334.09103831826,2017
cuba,93637.7253035915,2017
laos,60834.27163029518,2017
panama,33364.93265733274,2017
the_bahamas,2625.3769101374487,2017
liberia,33762.81898236479,2017
bangladesh,1322028.0401155862,2017
honduras,76557.59345398101,2017
nepal,297449.4800618954,2017
colombia,496435.4526655896,2017
sierra_leone,50235.049922983635,2017
thailand,610558.5210140708,2017
chile,164957.58695365262,2017
philippines,807499.9779948562,2017
vietnam,794485.8136276975,2017
bhutan,7651.609215696519,2017
equatorial_guinea,10006.764493024128,2017
nicaragua,55366.19701445608,2017
latvia,19676.399896210805,2017
brunei,3511.560567412128,2017
united_kingdom,550445.1682631538,2017
finland,46500.59853772765,2017
belize,3258.3522463101635,2017
ireland,42750.40559939466,2017
norway,40758.683646696016,2017
haiti,106283.8992385818,2017
venezuela,252572.5431250813,2017
el_salvador,55100.92257415075,2017
costa_rica,39847.00137133055,2017
gambia,16754.7056801112,2017
guatemala,145926.5937316533,2017
malaysia,264391.9380317984,2017
north_korea,196270.1109357651,2017
mexico,1111254.448336231,2017
belgium,98508.03638418356,2017
estonia,10663.0627431661,2017
lithuania,24341.22251383124,2017
yemen,238052.25013690116,2017
djibouti,7424.195975177821,2017
qatar,37198.39599904019,2017
somalia,64846.094293657305,2017
kenya,427212.82867136074,2017
uzbekistan,274418.0694496388,2017
china,11952432.99163238,2017
belarus,79711.63442318597,2017
pakistan,1839318.6595898771,2017
somaliland,21976.072013139463,2017
jordan,57183.32009200895,2017
mongolia,25738.808114583157,2017
turkmenistan,77811.93592291411,2017
russia,1232471.8438825742,2017
france,557655.6284196029,2017
republic_of_the_congo,30766.339149125837,2017
palestine,50122.893517895354,2017
democratic_republic_of_the_congo,841858.7418681948,2017
austria,75454.73229724716,2017
gabon,21509.28242812831,2017
canada,290486.268685076,2017
ethiopia,822594.7389453436,2017
guinea,97041.77494992405,2017
nigeria,1686040.218717483,2017
new_zealand,34519.169193929745,2017
uruguay,27505.59678607984,2017
india,11434166.027945902,2017
iran,669451.4657894678,2017
conus_ak,2813042.8747725226,2017
hungary,81964.44652216411,2017
united_arab_emirates,64246.65965647616,2017
croatia,33497.485714707436,2017
germany,679465.8599855723,2017
bosnia_and_herzegovina,29734.632437032596,2017
slovakia,46423.28424754343,2017
netherlands,145000.11136192246,2017
afghanistan,244610.1577947193,2017
iraq,347819.1431454664,2017
georgia,31984.76839147694,2017
rwanda,104995.1027767066,2017
ukraine,361571.8432389145,2017
czech_republic,91560.30017423196,2017
israel,61891.991623014146,2017
saudi_arabia,287004.82446478447,2017
syria,209205.13203512784,2017
romania,195191.40075583704,2017
moldova,31508.68539932116,2017
burundi,89695.96953036616,2017
kazakhstan,149365.49802324525,2017
sri_lanka,172998.18950537214,2017
angola,245136.5241297775,2017
azerbaijan,83838.95568577718,2017
denmark,44945.12425165649,2017
tanzania,441019.5733970987,2017
sweden,78975.7236098934,2017
montenegro,5173.268481365642,2017
morocco,299297.6334407168,2017
eswatini,9128.178400580424,2017
zambia,143096.06959621626,2017
algeria,346959.48267221876,2017
tunisia,90300.42674911578,2017
albania,22913.328632139222,2017
lesotho,15999.325820816412,2017
uganda,331171.7728389979,2017
guyana,5969.133750994729,2017
eritrea,35285.36721647654,2017
argentina,372887.88487188873,2017
paraguay,59992.272955102846,2017
spain,415831.2678953193,2017
tajikistan,75663.71967717036,2017
libya,56575.16629570688,2017
kosovo,17081.16771584461,2017
south_africa,483158.1547184331,2017
republic_of_macedonia,18071.854820196713,2017
bulgaria,63317.5457301147,2017
kyrgyzstan,48848.62098665018,2017
italy,511740.10438020254,2017
madagascar,213514.29386336368,2017
brazil,1740313.2943672042,2017
greece,86879.11491473667,2017
turkey,644927.4080912272,2017
portugal,83799.96759207905,2017
peru,283322.8940138631,2017
bolivia,95575.3499866238,2017
namibia,19788.792836191835,2017
malawi,144402.47914630003,2017
mozambique,234985.59656717183,2017
egypt,761035.3996090934,2017
zimbabwe,118640.52870359922,2017
east_timor,11006.46481737884,2017
senegal,128233.69866966196,2017
mauritania,34436.18869923041,2017
chad,127298.05141288853,2017
taiwan,198724.73720168465,2017
mali,175938.92403959125,2017
switzerland,73636.43407293015,2017
suriname,5049.899055515596,2017
australia,178200.0903110012,2017
botswana,19391.429235382016,2017
french_guiana,2437.025614168491,2017
indonesia,2222922.819063223,2017
armenia,23884.902237391212,2017
papua_new_guinea,70354.31031325301,2017
serbia,61673.92677055155,2017
oman,29271.64770567163,2017
lebanon,63792.99180273212,2017
slovenia,18675.14350689545,2017
ecuador,139354.03980655735,2017
ivory_coast,206118.92933541143,2017
central_african_republic,44636.69048151832,2017
south_sudan,115198.41562130064,2017
ghana,257018.73785857728,2017
togo,66576.06495235421,2017
cameroon,217550.21339335357,2017
benin,100622.58552506396,2017
sudan,337169.74479558726,2017
niger,180882.2092849534,2017
burkina_faso,175533.950430945,2017
cayman_islands,392.4258546489637,2017
british_virgin_islands,190.3013956907333,2018
montserrat,22.511423383214897,2018
poland,336544.25398409326,2018
guadeloupe,5892.831138524881,2018
saint_kitts_and_nevis,357.28798399117653,2018
barbados,1813.401883268707,2018
myanmar,410938.5399666242,2018
japan,1073292.3575025136,2018
trinidad_and_tobago,11243.700153811482,2018
luxembourg,5053.971870750013,2018
iceland,2749.523296096951,2018
cambodia,153785.43607424508,2018
guinea-bissau,14475.890119528238,2018
jamaica,22261.927302698412,2018
puerto_rico,31339.796911923477,2018
south_korea,416096.76602876786,2018
dominican_republic,97873.74863568104,2018
cuba,93654.25416989248,2018
laos,62141.83853181955,2018
panama,34008.46942238649,2018
the_bahamas,2667.534864537908,2018
liberia,34477.33091898327,2018
bangladesh,1343415.300947774,2018
honduras,78089.95704865192,2018
nepal,314518.05398283154,2018
colombia,510947.8267562896,2018
sierra_leone,51238.70562549277,2018
thailand,619207.373006546,2018
chile,168443.89840427245,2018
philippines,823627.1105347826,2018
vietnam,806141.4955689189,2018
bhutan,7764.381762654367,2018
equatorial_guinea,10133.262125163466,2018
nicaragua,56512.44270066941,2018
latvia,20076.0962433494,2018
brunei,3579.056806984755,2018
united_kingdom,554666.6099511844,2018
finland,46730.359172756,2018
belize,3328.067580000119,2018
ireland,43628.56500662337,2018
norway,41139.94773111586,2018
haiti,110385.74563071493,2018
venezuela,257553.2850130528,2018
el_salvador,55840.47047232887,2018
costa_rica,40356.80616579087,2018
gambia,17465.602949825417,2018
guatemala,149567.95622108816,2018
malaysia,270778.23757615616,2018
north_korea,196468.1317407863,2018
mexico,1138728.4631409496,2018
belgium,99162.75792113952,2018
estonia,10761.180997462505,2018
lithuania,24076.595062730154,2018
yemen,244705.0440892461,2018
djibouti,7731.326722455498,2018
qatar,42642.657631006354,2018
somalia,66514.37641490044,2018
kenya,441874.60851182573,2018
uzbekistan,279098.13832711725,2018
china,12051392.333111364,2018
belarus,79524.74200836968,2018
pakistan,1883806.254847582,2018
somaliland,22547.36419381913,2018
jordan,58404.97549082165,2018
mongolia,26244.41800462319,2018
turkmenistan,79910.4236803714,2018
russia,1231031.6012910882,2018
france,562245.2098632937,2018
republic_of_the_congo,31525.35187094919,2018
palestine,51333.23501452394,2018
democratic_republic_of_the_congo,884885.0388747139,2018
austria,75838.89004252902,2018
gabon,22385.44736193038,2018
canada,294108.1233397434,2018
ethiopia,844686.4918127614,2018
guinea,99762.4777815656,2018
nigeria,1739360.494292922,2018
new_zealand,34783.26404124322,2018
uruguay,27626.016939768924,2018
india,11629415.441759331,2018
iran,675361.5213706336,2018
conus_ak,2844007.3562106304,2018
hungary,81446.91086061743,2018
united_arab_emirates,68093.4846434025,2018
croatia,33399.79029191946,2018
germany,677644.0391894048,2018
bosnia_and_herzegovina,29558.129028709667,2018
slovakia,46484.436668086506,2018
netherlands,145684.73361968348,2018
afghanistan,250071.4473295433,2018
iraq,358854.43905337254,2018
georgia,31687.345153345388,2018
rwanda,108478.04041692604,2018
ukraine,359821.43908599333,2018
czech_republic,91981.5388879859,2018
israel,60833.81220426812,2018
saudi_arabia,295972.6455650082,2018
syria,214413.4070256941,2018
romania,211679.2432232855,2018
moldova,31429.29890454807,2018
burundi,92457.5991995256,2018
kazakhstan,151274.03972814986,2018
sri_lanka,174383.72542654653,2018
angola,262336.4538857801,2018
azerbaijan,84919.96029075477,2018
denmark,45302.986024582504,2018
tanzania,453944.6162068314,2018
sweden,79647.90967498117,2018
montenegro,5171.682926634081,2018
morocco,303038.8073812786,2018
eswatini,9183.17382810136,2018
zambia,148600.19666491967,2018
algeria,355297.61063181126,2018
tunisia,91449.18945744398,2018
albania,22952.690559012182,2018
lesotho,16004.697213746153,2018
uganda,342003.4343815557,2018
guyana,5974.3741123452755,2018
eritrea,35827.64310503714,2018
argentina,377390.47271720256,2018
paraguay,61113.90386583127,2018
spain,421589.5102739232,2018
tajikistan,77278.88574892434,2018
libya,57448.454108193815,2018
kosovo,17431.366868399837,2018
south_africa,491285.7213378727,2018
republic_of_macedonia,18110.94783937916,2018
bulgaria,64305.16016917548,2018
kyrgyzstan,49184.53777083808,2018
italy,514400.71008331224,2018
madagascar,220942.8970422394,2018
brazil,1763882.0342308185,2018
greece,86777.478935449,2018
turkey,651835.3649231002,2018
portugal,83936.37569806655,2018
peru,289617.8452167544,2018
bolivia,97605.60626045812,2018
namibia,20126.994261082164,2018
malawi,148719.60460374528,2018
mozambique,243233.95957281633,2018
egypt,777197.1814647507,2018
zimbabwe,120095.69673283062,2018
east_timor,11319.774853734045,2018
senegal,132002.10347436156,2018
mauritania,35731.16386648673,2018
chad,132087.57087223566,2018
taiwan,199499.2011070546,2018
mali,184131.13691790064,2018
switzerland,74352.25077552818,2018
suriname,5133.095658372131,2018
australia,178187.34216829864,2018
botswana,19759.54754949522,2018
french_guiana,2536.7731634627203,2018
indonesia,2264163.295755188,2018
armenia,23804.546955546997,2018
papua_new_guinea,72652.52714113987,2018
serbia,61472.41231955523,2018
oman,30220.879907006707,2018
lebanon,67439.96149755394,2018
slovenia,18811.88819010606,2018
ecuador,142160.552690138,2018
ivory_coast,211416.573937601,2018
central_african_republic,45622.72412334279,2018
south_sudan,123489.91332208006,2018
ghana,264635.66130615125,2018
togo,69105.76425745456,2018
cameroon,224805.6465505128,2018
benin,104521.93192877206,2018
sudan,346584.40887857345,2018
niger,188693.642072508,2018
burkina_faso,182013.76624567088,2018
cayman_islands,401.7922027234279,2018
british_virgin_islands,194.4152229647426,2019
montserrat,23.076989801958497,2019
poland,337378.21125704306,2019
guadeloupe,5934.106321295543,2019
saint_kitts_and_nevis,364.5924850834352,2019
barbados,1821.204086689622,2019
myanmar,409256.4566750871,2019
japan,1073819.279425206,2019
trinidad_and_tobago,11316.19584663568,2019
luxembourg,5137.952633894543,2019
iceland,2793.7050620309756,2019
cambodia,160770.3116342773,2019
guinea-bissau,14806.533348718496,2019
jamaica,22349.049212447888,2019
puerto_rico,31294.47324413742,2019
south_korea,420707.0024604621,2019
dominican_republic,100578.35110058538,2019
cuba,93667.82645152384,2019
laos,63481.118707427624,2019
panama,34630.88369099118,2019
the_bahamas,2715.400042952292,2019
liberia,35132.81955468724,2019
bangladesh,1365223.6408952673,2019
honduras,79752.35764801683,2019
nepal,334012.37668130005,2019
colombia,525688.1619538617,2019
sierra_leone,52380.80499952565,2019
thailand,628084.5014486237,2019
chile,172093.3673529021,2019
philippines,839213.2787164039,2019
vietnam,818162.3497669147,2019
bhutan,7901.001586638307,2019
equatorial_guinea,10274.315854353326,2019
nicaragua,57730.36495469129,2019
latvia,20476.479019401937,2019
brunei,3643.307631457223,2019
united_kingdom,558910.0880805316,2019
finland,46995.500615191726,2019
belize,3440.806486484834,2019
ireland,44594.940880539296,2019
norway,41573.53177514203,2019
haiti,115067.28358939296,2019
venezuela,262416.30670657445,2019
el_salvador,56741.38525354039,2019
costa_rica,40929.36057678043,2019
gambia,18205.67206516356,2019
guatemala,153289.68306148337,2019
malaysia,277404.4176047405,2019
north_korea,196501.44743118223,2019
mexico,1169209.319514363,2019
belgium,99844.37774742476,2019
estonia,10881.121811369803,2019
lithuania,23824.42832424796,2019
yemen,251437.8166410999,2019
djibouti,7982.0636175614545,2019
qatar,48846.66610992469,2019
somalia,68406.77408319607,2019
kenya,456995.3694887888,2019
uzbekistan,283690.93296811666,2019
china,12152756.86867359,2019
belarus,79349.35133385226,2019
pakistan,1931310.3120660852,2019
somaliland,23130.082139813167,2019
jordan,59641.60943061227,2019
mongolia,26797.751052201045,2019
turkmenistan,82229.02613353002,2019
russia,1229632.0074937362,2019
france,566946.179809638,2019
republic_of_the_congo,32713.808863695485,2019
palestine,52521.81096859753,2019
democratic_republic_of_the_congo,930541.018966076,2019
austria,76212.60240946403,2019
gabon,23477.363142752303,2019
canada,297825.0040927174,2019
ethiopia,867389.447090463,2019
guinea,102524.65287656296,2019
nigeria,1794951.4706999129,2019
new_zealand,35059.45201053241,2019
uruguay,27715.58788031651,2019
india,11829438.893265408,2019
iran,681098.3971622832,2019
conus_ak,2875778.9844327583,2019
hungary,80963.90732333234,2019
united_arab_emirates,71999.78022914792,2019
croatia,33313.46101387106,2019
germany,675869.6401227332,2019
bosnia_and_herzegovina,29334.565407291782,2019
slovakia,46559.36381585625,2019
netherlands,146350.81946092044,2019
afghanistan,255613.7922275853,2019
iraq,370310.6657410549,2019
georgia,31424.688154972,2019
rwanda,112093.58277511432,2019
ukraine,357976.39765483147,2019
czech_republic,92488.8481745587,2019
israel,59803.81086301923,2019
saudi_arabia,305181.92166590446,2019
syria,220066.89546701685,2019
romania,237942.17967343892,2019
moldova,31334.155828865365,2019
burundi,95380.87090601468,2019
kazakhstan,153221.89588318169,2019
sri_lanka,175761.38414720164,2019
angola,282793.73541178566,2019
azerbaijan,86080.78723709667,2019
denmark,45658.879309106786,2019
tanzania,467366.6120699712,2019
sweden,80287.06371792973,2019
montenegro,5165.892446133973,2019
morocco,306901.33384927857,2019
eswatini,9225.545540729856,2019
zambia,154339.4445424545,2019
algeria,364204.89912739815,2019
tunisia,92424.32939020274,2019
albania,23015.15292673593,2019
lesotho,16017.331747592068,2019
uganda,353278.0666934916,2019
guyana,5962.6010888794945,2019
eritrea,36382.666884822225,2019
argentina,382167.340098763,2019
paraguay,62251.60317600787,2019
spain,427843.1642645878,2019
tajikistan,79036.12575869865,2019
libya,58283.299057978766,2019
kosovo,17797.592250892605,2019
south_africa,499664.9008218253,2019
republic_of_macedonia,18147.080071701308,2019
bulgaria,66055.58620961406,2019
kyrgyzstan,49429.6996058104,2019
italy,517100.10188863456,2019
madagascar,228712.16001739548,2019
brazil,1788055.4419535752,2019
greece,86655.72632750346,2019
turkey,658909.6232227382,2019
portugal,84120.1725520669,2019
peru,296316.9269004573,2019
bolivia,99698.54158760962,2019
namibia,20497.404945839426,2019
malawi,153247.58206583254,2019
mozambique,251922.58318436143,2019
egypt,794080.7955214425,2019
zimbabwe,121576.26125535992,2019
east_timor,11693.725179307085,2019
senegal,135817.37623690438,2019
mauritania,37041.23142499657,2019
chad,137129.68882552144,2019
taiwan,200362.89423567007,2019
mali,192797.9323311908,2019
switzerland,75076.25915037334,2019
suriname,5243.757985754136,2019
australia,178176.26313007504,2019
botswana,20152.347657642553,2019
french_guiana,2658.5597168520535,2019
indonesia,2306785.3423576723,2019
armenia,23725.367705096403,2019
papua_new_guinea,74943.68233618105,2019
serbia,61268.86710334649,2019
oman,31160.69838720313,2019
lebanon,71237.68032964558,2019
slovenia,18960.504071913096,2019
ecuador,145037.23866506593,2019
ivory_coast,216874.76356775503,2019
central_african_republic,46549.25480368133,2019
south_sudan,132886.8251114693,2019
ghana,272759.51580820326,2019
togo,71723.45827443154,2019
cameroon,232440.38477119576,2019
benin,108575.1015731081,2019
sudan,356329.48252023396,2019
niger,196842.33770166512,2019
burkina_faso,188928.5530312637,2019
cayman_islands,414.6263072957524,2019
british_virgin_islands,199.4058912810779,2020
montserrat,23.07202389389277,2020
poland,338292.0489014245,2020
guadeloupe,5987.144705699765,2020
saint_kitts_and_nevis,369.6955859189524,2020
barbados,1828.7912470043875,2020
myanmar,407143.5060514108,2020
japan,1074911.644751496,2020
trinidad_and_tobago,11372.762964883315,2020
luxembourg,5225.740668321474,2020
iceland,2848.9892001194785,2020
cambodia,168596.78658627937,2020
guinea-bissau,15185.74525333483,2020
jamaica,22433.648930696705,2020
puerto_rico,31247.92525852018,2020
south_korea,425738.4451702862,2020
dominican_republic,103496.01711558244,2020
cuba,93740.48148578446,2020
laos,64835.26959924043,2020
panama,35313.839303269095,2020
the_bahamas,2745.942995248015,2020
liberia,36085.89384239463,2020
bangladesh,1386419.927460238,2020
honduras,81454.98994383725,2020
nepal,356660.224956411,2020
colombia,541669.9841392015,2020
sierra_leone,53466.318136965856,2020
thailand,637581.8928673222,2020
chile,175938.01820105623,2020
philippines,855658.6198828603,2020
vietnam,830515.1704853362,2020
bhutan,8097.889465024882,2020
equatorial_guinea,10411.524699611336,2020
nicaragua,59015.36386067944,2020
latvia,20916.895570749788,2020
brunei,3686.695011866946,2020
united_kingdom,563222.9953403672,2020
finland,47261.49945457297,2020
belize,3503.0988256815917,2020
ireland,45598.32548736582,2020
norway,42002.996967733015,2020
haiti,120111.6992377242,2020
venezuela,267483.14721021213,2020
el_salvador,57630.16723417047,2020
costa_rica,41515.39758863019,2020
gambia,18910.703813415188,2020
guatemala,157102.7076243508,2020
malaysia,284191.4128313148,2020
north_korea,196748.4230442881,2020
mexico,1204021.918954942,2020
belgium,100519.5489809642,2020
estonia,11002.976206276422,2020
lithuania,23574.27543771384,2020
yemen,258450.78156658303,2020
djibouti,8304.954830275527,2020
qatar,56107.257416232686,2020
somalia,70356.4298858246,2020
kenya,472809.4297125972,2020
uzbekistan,288560.69909057824,2020
china,12256775.943854723,2020
belarus,79180.31680471696,2020
pakistan,1979361.2092056144,2020
somaliland,23735.11461012854,2020
jordan,60898.52939509905,2020
mongolia,27338.845442121423,2020
turkmenistan,84470.38273873406,2020
russia,1228170.9622094925,2020
france,571790.1886309132,2020
republic_of_the_congo,33786.24613833484,2020
palestine,55326.1984812885,2020
democratic_republic_of_the_congo,979585.5121617668,2020
austria,76627.52935307921,2020
gabon,24582.74268105563,2020
canada,301559.11920482566,2020
ethiopia,890892.7135294114,2020
guinea,105538.02368419904,2020
nigeria,1852277.513410146,2020
new_zealand,35332.084195928175,2020
uruguay,27810.82480742072,2020
india,12032688.740904894,2020
iran,687730.211884843,2020
conus_ak,2910739.2347878907,2020
hungary,80483.40389851572,2020
united_arab_emirates,76188.33333642427,2020
croatia,33185.84335198525,2020
germany,674150.6675153832,2020
bosnia_and_herzegovina,29122.31597214622,2020
slovakia,46611.90974346859,2020
netherlands,147124.0910513276,2020
afghanistan,261528.43407518612,2020
iraq,382197.32142711006,2020
georgia,31109.315897317323,2020
rwanda,115956.8092005207,2020
ukraine,356141.0386037618,2020
czech_republic,93061.31203808187,2020
israel,70261.15881312107,2020
saudi_arabia,314813.564845488,2020
syria,225594.72484228745,2020
romania,279418.0953972345,2020
moldova,31221.675264413097,2020
burundi,98348.59972227078,2020
kazakhstan,155364.36972801978,2020
sri_lanka,177191.2232156449,2020
angola,307020.21648080053,2020
azerbaijan,87290.58496866365,2020
denmark,46033.34869096354,2020
tanzania,481399.5372345576,2020
sweden,80963.37704223841,2020
montenegro,5173.644708379912,2020
morocco,310797.1390419871,2020
eswatini,9294.009347140676,2020
zambia,160431.4796526516,2020
algeria,373769.48328442406,2020
tunisia,93464.08089674248,2020
albania,23124.159968680764,2020
lesotho,16027.731457451371,2020
uganda,365102.7771968157,2020
guyana,5966.804067813194,2020
eritrea,36985.11773410035,2020
argentina,387042.3466768523,2020
paraguay,63421.41441486705,2020
spain,433747.3738729232,2020
tajikistan,80688.5847421986,2020
libya,59138.02009492948,2020
kosovo,18164.48206660063,2020
south_africa,508223.24330340663,2020
republic_of_macedonia,18186.617173592633,2020
bulgaria,68777.82658463436,2020
kyrgyzstan,49838.97739906972,2020
italy,519823.4130231944,2020
madagascar,236971.29176733256,2020
brazil,1812805.593987352,2020
greece,86568.67533826713,2020
turkey,665916.4449438088,2020
portugal,84273.2776879881,2020
peru,303327.24193990906,2020
bolivia,101868.4940692082,2020
namibia,20866.37228406077,2020
malawi,157925.49428991662,2020
mozambique,261015.02679679904,2020
egypt,811872.3862519768,2020
zimbabwe,122994.22119016144,2020
east_timor,12046.446689533526,2020
senegal,139736.0653004535,2020
mauritania,38449.47076194114,2020
chad,142455.5160274237,2020
taiwan,201330.2663627577,2020
mali,202120.6545984591,2020
switzerland,75812.7181306634,2020
suriname,5341.515333058304,2020
australia,178175.27157843075,2020
botswana,20537.104741031,2020
french_guiana,2779.2192485875375,2020
indonesia,2350217.6840933897,2020
armenia,23617.11484173455,2020
papua_new_guinea,77377.45369271812,2020
serbia,61105.56869350089,2020
oman,32102.844207560483,2020
lebanon,75514.64111744598,2020
slovenia,19087.65729282978,2020
ecuador,148021.07202772048,2020
ivory_coast,223295.3857758718,2020
central_african_republic,47515.00871561064,2020
south_sudan,143576.76818647428,2020
ghana,281292.7217123525,2020
togo,74455.17978292856,2020
cameroon,240386.0478144444,2020
benin,112898.20933731386,2020
sudan,366350.20193383726,2020
niger,205500.06528717023,2020
burkina_faso,196149.78575639613,2020
cayman_islands,427.2953520012033,2020
