trend_peak_season,coeficient_peak_season,intercept_peak_season,all_peak_season,00s_peak_season,10s_peak_season,test_peak_season,eff_peak_season,trend_season_length,coeficient_season_length,intercept_season_length,all_season_length,00s_season_length,10s_season_length,test_season_length,eff_season_length,trend_size,coeficient_size,intercept_size,all_size,00s_size,10s_size,test_size,eff_size,trend_total_ba,coeficient_total_ba,intercept_total_ba,all_total_ba,00s_total_ba,10s_total_ba,test_total_ba,eff_total_ba,trend_n_fires,coeficient_n_fires,intercept_n_fires,all_n_fires,00s_n_fires,10s_n_fires,test_n_fires,eff_n_fires,trend_mx_grw,coeficient_mx_grw,intercept_mx_grw,all_mx_grw,00s_mx_grw,10s_mx_grw,test_mx_grw,eff_mx_grw,trend_dur,coeficient_dur,intercept_dur,all_dur,00s_dur,10s_dur,test_dur,eff_dur,trend_fsr,coeficient_fsr,intercept_fsr,all_fsr,00s_fsr,10s_fsr,test_fsr,eff_fsr,trend_log_size,coeficient_log_size,intercept_log_size,all_log_size,00s_log_size,10s_log_size,test_log_size,eff_log_size,trend_log_n_fires,coeficient_log_n_fires,intercept_log_n_fires,all_log_n_fires,00s_log_n_fires,10s_log_n_fires,test_log_n_fires,eff_log_n_fires,trend_log_mx_grw_km2,coeficient_log_mx_grw_km2,intercept_log_mx_grw_km2,all_log_mx_grw_km2,00s_log_mx_grw_km2,10s_log_mx_grw_km2,test_log_mx_grw_km2,eff_log_mx_grw_km2,trend_log_tba,coeficient_log_tba,intercept_log_tba,all_log_tba,00s_log_tba,10s_log_tba,test_log_tba,eff_log_tba,trend_log_dur,coeficient_log_dur,intercept_log_dur,all_log_dur,00s_log_dur,10s_log_dur,test_log_dur,eff_log_dur,trend_log_fsr_km2_dy,coeficient_log_fsr_km2_dy,intercept_log_fsr_km2_dy,all_log_fsr_km2_dy,00s_log_fsr_km2_dy,10s_log_fsr_km2_dy,test_log_fsr_km2_dy,eff_log_fsr_km2_dy,aoi,fire_rotation,koppen
ns,NA,NA,180.2,184.8,162.5,ns,0.2185,ns,NA,NA,97.66,91.08,118.1,ns,0.1145,-,-0.1486,301,3.096,3.527,2.105,ns,0.04652,-,-11.21,22620,3173,2519,654.6,-,0.718,-,-4.098,8287,1025,714,311,-,0.6559,ns,NA,NA,6.807,6.746,6.946,ns,0.02164,+,0.06119,-119.6,3.659,3.634,3.714,ns,0.01855,ns,NA,NA,2.667,2.618,2.779,ns,0.01941,-,-0.01631,33.51,0.7974,0.8327,0.7164,ns,0.04652,-,-0.09838,201.5,6.933,6.572,5.743,-,0.6559,ns,NA,NA,1.263,1.257,1.277,ns,0.02164,-,-3.464,6999,817.3,594.5,222.8,-,0.718,ns,NA,NA,1.285,1.284,1.289,ns,0.01855,ns,NA,NA,0.9064,0.9006,0.9195,ns,0.01941,afghanistan_Arid,4178.1366838077865,Arid
ns,NA,NA,198.3,198.5,197.4,ns,0.08537,ns,NA,NA,25.74,25.61,26.51,ns,0.1378,ns,NA,NA,15.89,18.81,8.434,ns,0.05584,ns,NA,NA,2256,1919,337.4,ns,0.01046,-,-0.2818,570,142,102,40,ns,0.1783,ns,NA,NA,37,42.58,22.77,ns,0.03573,ns,NA,NA,3.606,3.716,3.325,ns,0.04269,+,0.3517,-698.8,14.04,15.43,10.5,ns,0.03789,ns,NA,NA,1.729,1.791,1.57,ns,0.05584,-,-0.03887,79.71,4.963,4.635,3.714,ns,0.1783,+,0.03136,-60.77,2.497,2.55,2.361,ns,0.03573,ns,NA,NA,245.5,182.7,62.8,ns,0.1151,ns,NA,NA,1.381,1.398,1.338,ns,0.04269,+,0.01799,-34.51,1.966,2.006,1.864,ns,0.03789,afghanistan_Temperate,5876.379965707735,Temperate
ns,NA,NA,301.6,316.5,207.1,ns,0,ns,NA,NA,62.35,34.28,104.4,ns,0.05918,ns,NA,NA,1.694,2.159,0.7168,ns,0.1166,ns,NA,NA,310,267.7,42.29,ns,0.1823,ns,NA,NA,183,124,59,ns,0.129,ns,NA,NA,2.161,2.754,0.9132,-,0.3648,ns,NA,NA,2.29,2.395,2.068,ns,0.1051,ns,NA,NA,1.194,1.457,0.6404,-,0.3952,ns,NA,NA,0.5911,0.6694,0.4265,ns,0.1166,ns,NA,NA,5.215,4.828,4.094,ns,0.129,ns,NA,NA,0.8047,0.9307,0.54,-,0.3648,ns,NA,NA,108.2,83.01,25.17,ns,0.1394,ns,NA,NA,1.052,1.089,0.9741,ns,0.1051,ns,NA,NA,0.6461,0.7377,0.4534,-,0.3952,afghanistan_Boreal,42772.66192768265,Boreal
NA,NA,NA,285.2,285.2,NA,NA,NA,NA,NA,NA,33.14,33.14,NA,NA,NA,NA,NA,NA,0.6982,0.6982,NA,NA,NA,NA,NA,NA,11.87,11.87,0,NA,NA,NA,NA,NA,17,17,0,NA,NA,NA,NA,NA,1.275,1.275,NA,NA,NA,NA,NA,NA,1.941,1.941,NA,NA,NA,NA,NA,NA,0.9054,0.9054,NA,NA,NA,NA,NA,NA,0.4559,0.4559,NA,NA,NA,NA,NA,NA,2.89,2.89,0,NA,NA,NA,NA,NA,0.7462,0.7462,NA,NA,NA,NA,NA,NA,7.751,7.751,0,NA,NA,NA,NA,NA,0.9776,0.9776,NA,NA,NA,NA,NA,NA,0.6264,0.6264,NA,NA,NA,afghanistan_Polar,1117000.332112209,Polar
+,0.7459,-1273,220,217.6,227.1,ns,0.1977,+,0.4755,-939.7,21.52,20.82,22.01,ns,0.2602,ns,NA,NA,2.604,2.767,2.222,ns,0.05865,-,-3.098,6269,1560,1162,397.7,ns,0.4059,-,-1.488,3011,599,420,179,ns,0.375,ns,NA,NA,4.445,4.554,4.189,ns,0.005595,ns,NA,NA,3.721,3.733,3.693,ns,0.02258,ns,NA,NA,1.871,1.871,1.869,ns,0.04122,-,-0.01812,37.37,0.8625,0.8862,0.8067,ns,0.05865,-,-0.08819,180.2,6.397,6.043,5.193,ns,0.375,ns,NA,NA,1.234,1.227,1.25,ns,0.005595,-,-1.249,2528,516.6,372.2,144.4,ns,0.385,ns,NA,NA,1.347,1.346,1.349,ns,0.02258,ns,NA,NA,0.8804,0.8706,0.9035,ns,0.04122,albania_Temperate,375.0905666981336,Temperate
ns,NA,NA,225.8,221,232.7,ns,0.09129,ns,NA,NA,23.24,19.44,26.21,ns,0.07505,ns,NA,NA,3.133,3.773,2.534,ns,0.009491,ns,NA,NA,1147,667.7,478.8,ns,0.1564,ns,NA,NA,366,177,189,ns,0.1988,ns,NA,NA,7.096,7.942,6.303,ns,0.03779,ns,NA,NA,5.257,5.35,5.169,ns,0.01313,ns,NA,NA,2.562,2.795,2.345,ns,0.03176,ns,NA,NA,0.8468,0.8749,0.8205,ns,0.009491,ns,NA,NA,5.905,5.182,5.247,ns,0.1988,ns,NA,NA,1.55,1.585,1.517,ns,0.03779,ns,NA,NA,309.9,154.9,155.1,ns,0.1356,ns,NA,NA,1.496,1.501,1.492,ns,0.01313,ns,NA,NA,1.092,1.12,1.066,ns,0.03176,albania_Boreal,510.3037359604214,Boreal
ns,NA,NA,208.3,205.2,212.1,ns,0.3226,ns,NA,NA,30.87,32.52,28.23,ns,0.05203,-,-0.07715,157.8,3.64,3.774,3.487,ns,0.05317,-,-12.18,24740,5493,3038,2455,ns,0.1145,ns,NA,NA,1509,805,704,ns,0.05203,-,-0.06399,130.4,1.823,1.959,1.667,ns,0.05126,-,-0.02692,57.65,3.451,3.442,3.46,ns,0.01568,ns,NA,NA,0.7512,0.8038,0.6911,-,0.05565,-,-0.01499,31.07,0.9238,0.9596,0.8829,ns,0.05316,ns,NA,NA,7.32,6.692,6.558,ns,0.05203,-,-0.01221,25.23,0.7021,0.7341,0.6656,ns,0.05126,-,-2.018,4146,1394,772.5,621.6,ns,0.09366,-,-0.005355,12.08,1.285,1.287,1.282,ns,0.01568,ns,NA,NA,0.4513,0.4711,0.4286,-,0.05565,algeria_Arid,8732.174035807004,Arid
ns,NA,NA,221.8,224.2,218.9,ns,0.1769,ns,NA,NA,25.76,27.04,23.85,ns,0.09366,-,-0.03423,71.11,2.764,2.889,2.627,ns,0.01028,ns,NA,NA,14110,7679,6431,ns,0.1561,ns,NA,NA,5106,2658,2448,ns,0.07285,-,-0.01171,24.86,1.476,1.567,1.377,ns,0.006829,-,-0.01991,44.03,3.922,3.972,3.868,ns,0.01543,ns,NA,NA,0.5576,0.5717,0.5423,ns,5.314e-4,-,-0.007665,16.25,0.8888,0.9058,0.8703,ns,0.01028,ns,NA,NA,8.538,7.886,7.803,ns,0.07285,-,-0.004567,9.781,0.6605,0.6763,0.6433,ns,0.006829,ns,NA,NA,4538,2408,2130,ns,0.1353,-,-0.005946,13.34,1.375,1.382,1.368,ns,0.01543,ns,NA,NA,0.3887,0.3947,0.3823,ns,5.314e-4,algeria_Temperate,3399.0990868737344,Temperate
NA,NA,NA,200,200,NA,NA,NA,NA,NA,NA,0,0,NA,NA,NA,NA,NA,NA,31.61,31.61,NA,NA,NA,NA,NA,NA,31.61,31.61,0,NA,NA,NA,NA,NA,1,1,0,NA,NA,NA,NA,NA,8.372,8.372,NA,NA,NA,NA,NA,NA,19,19,NA,NA,NA,NA,NA,NA,1.661,1.661,NA,NA,NA,NA,NA,NA,3.485,3.485,NA,NA,NA,NA,NA,NA,0.6931,0.6931,0,NA,NA,NA,NA,NA,2.238,2.238,NA,NA,NA,NA,NA,NA,3.485,3.485,0,NA,NA,NA,NA,NA,2.996,2.996,NA,NA,NA,NA,NA,NA,0.9786,0.9786,NA,NA,NA,algeria_Boreal,1517360.2175065635,Boreal
+,0.4979,-785.8,224.9,222.7,227.8,ns,0.3018,ns,NA,NA,37.91,36.71,39.32,ns,0.1353,-,-0.1234,254,5.819,6.574,5.023,ns,0.004307,-,-1268,2610000,1178000,683300,494400,ns,0.4475,ns,NA,NA,202400,103900,98430,ns,0.2602,-,-0.04603,94.7,2.229,2.45,1.995,ns,0.00207,ns,NA,NA,2.305,2.284,2.327,+,0.01183,-,-0.01168,24.41,0.9185,0.9848,0.8485,ns,0.00171,-,-0.00423,9.349,0.8086,0.8195,0.7971,ns,0.004307,ns,NA,NA,12.22,11.55,11.5,ns,0.2602,-,-0.003976,8.673,0.6598,0.673,0.6459,ns,0.00207,ns,NA,NA,163600,85180,78460,ns,0.1977,ns,NA,NA,1.043,1.037,1.05,+,0.01183,-,-0.002338,5.179,0.482,0.4941,0.4693,ns,0.00171,angola_Arid,21.907156668301944,Arid
+,0.3767,-542,215,215.5,214.5,ns,0.05203,+,0.1339,-231.8,37.85,36.94,38.92,+,0.5515,-,-0.03705,76.82,2.334,2.527,2.135,-,0.01082,-,-864,1863000,2495000,1368000,1127000,ns,0.3018,+,329.2,-610800,1069000,541400,527700,-,0.5099,-,-0.01405,29.45,1.218,1.301,1.132,-,0.0124,-,-0.004146,10.79,2.428,2.425,2.431,+,0.009316,-,-0.004599,9.841,0.6041,0.6386,0.5686,-,0.01226,-,-0.002653,6.056,0.7206,0.7323,0.7086,-,0.01082,+,0.006305,-1.835,13.88,13.2,13.18,-,0.5099,-,-0.002456,5.504,0.5615,0.5731,0.5497,-,0.0124,ns,NA,NA,770400,396500,373900,ns,0.2602,ns,NA,NA,1.09,1.088,1.092,+,0.009316,-,-0.001547,3.509,0.3989,0.4081,0.3895,-,0.01226,angola_Temperate,10.340839431347842,Temperate
ns,NA,NA,190.1,191.5,188.5,ns,0.1561,ns,NA,NA,33.98,33.66,34.28,ns,0.01041,-,-0.02193,46.68,2.57,2.703,2.431,-,0.01282,-,-829.5,1859000,3936000,2121000,1815000,-,0.5099,+,181.6,-290800,1531000,784600,746800,ns,0.385,-,-0.01036,22.11,1.295,1.366,1.221,-,0.01403,ns,NA,NA,2.229,2.221,2.237,+,0.01058,-,-0.002866,6.366,0.6218,0.6587,0.5831,-,0.01385,-,-0.001825,4.34,0.6677,0.6774,0.6575,-,0.01282,+,0.002452,6.285,14.24,13.57,13.52,ns,0.385,-,-0.001795,4.148,0.5364,0.5463,0.526,-,0.01403,ns,NA,NA,1023000,531500,491000,ns,0.2393,ns,NA,NA,1.027,1.025,1.029,+,0.01058,-,-8.877e-4,2.176,0.391,0.3997,0.3819,-,0.01385,angola_Equatorial,6.555017327028484,Equatorial
+,1.676,-3173,200.8,200.1,201.9,ns,0.01041,ns,NA,NA,85.92,86.95,84.31,ns,0.03122,+,0.02231,-43.55,1.315,1.263,1.404,+,0.01613,-,-1103,2243000,512900,310800,202100,-,0.4891,-,-853.9,1734000,390000,246000,143900,-,0.5307,+,0.01021,-19.8,0.7148,0.6916,0.7546,+,0.0159,+,0.007558,-12.23,2.93,2.909,2.968,+,0.01302,+,0.001614,-2.906,0.3458,0.3434,0.3499,+,0.01209,+,0.003575,-6.637,0.5385,0.5333,0.5474,+,0.01613,-,-0.04514,100.5,12.87,12.41,11.88,-,0.5307,+,0.002411,-4.438,0.4037,0.4004,0.4093,+,0.0159,-,-487.6,990000,210000,131200,78780,-,0.5307,+,0.001952,-2.785,1.131,1.125,1.141,+,0.01302,+,8.629e-4,-1.46,0.2713,0.2705,0.2728,+,0.01209,argentina_Temperate,111.1217931232003,Temperate
-,-2.385,5004,199.4,204,190.8,ns,0.4267,+,1.19,-2281,132.5,130.4,135.8,ns,0.4683,+,0.01864,-35.49,3.623,3.852,3.263,ns,0.003015,ns,NA,NA,318200,206800,111400,ns,0.01041,-,-77.44,159900,87840,53700,34140,ns,0.3434,ns,NA,NA,1.82,1.92,1.663,ns,0.003575,-,-0.009752,22.69,3.083,3.101,3.056,-,0.01041,+,0.005893,-11.41,0.6266,0.647,0.5945,-,0.007281,ns,NA,NA,0.6668,0.6768,0.6511,ns,0.003015,-,-0.01966,47.85,11.38,10.89,10.44,ns,0.3434,ns,NA,NA,0.5162,0.5244,0.5033,ns,0.003575,-,-51.17,105500,58570,36350,22230,ns,0.4059,ns,NA,NA,1.166,1.169,1.161,-,0.01041,ns,NA,NA,0.3394,0.3445,0.3315,-,0.007281,argentina_Arid,179.0961621047972,Arid
+,5.028,-9853,244.1,223.5,265.2,ns,0.3642,ns,NA,NA,120.4,132.3,102.9,ns,0.1977,ns,NA,NA,0.7281,0.7573,0.7005,-,0.05463,ns,NA,NA,1535,775.4,760.1,ns,0.2185,ns,NA,NA,2109,1024,1085,ns,0.2393,ns,NA,NA,0.4244,0.4404,0.4093,ns,0.009673,ns,NA,NA,2.529,2.557,2.503,ns,0.009179,ns,NA,NA,0.2717,0.2768,0.2669,ns,0.002566,ns,NA,NA,0.4275,0.4388,0.4169,-,0.05463,ns,NA,NA,7.654,6.932,6.99,ns,0.2393,ns,NA,NA,0.3151,0.3228,0.3079,ns,0.009673,ns,NA,NA,901.7,449.4,452.3,ns,0.1977,ns,NA,NA,1.071,1.077,1.066,ns,0.009179,ns,NA,NA,0.2322,0.2358,0.2289,ns,0.002566,argentina_Polar,37119.13659523739,Polar
+,4.573,-9048,165.5,158.8,175.6,ns,0.1145,ns,NA,NA,90.56,92.43,86.82,ns,0.1769,ns,NA,NA,1.207,1.151,1.301,ns,0.005737,ns,NA,NA,1513,904.5,608.6,ns,0.1977,-,-3.312,6707,1254,786,468,ns,0.3018,ns,NA,NA,0.6313,0.6123,0.6632,ns,0.01192,-,-0.03894,81.41,2.988,3.099,2.801,ns,0.02167,ns,NA,NA,0.3176,0.3123,0.3264,ns,0.007418,ns,NA,NA,0.5036,0.5043,0.5024,ns,0.005737,-,-0.06726,139.1,7.135,6.668,6.151,ns,0.3018,ns,NA,NA,0.381,0.3809,0.381,ns,0.01192,-,-2.025,4100,631.5,396.4,235.1,ns,0.3018,-,-0.006331,13.84,1.137,1.149,1.116,ns,0.02167,ns,NA,NA,0.2584,0.2554,0.2633,ns,0.007418,argentina_Equatorial,37666.06090620364,Equatorial
ns,NA,NA,197.2,199.4,194.8,ns,0.2393,-,-2.873,5845,109.4,103.3,115.4,ns,0.1769,ns,NA,NA,0.914,0.8175,1.042,ns,0.004805,+,0.5988,-1141,1176,600,576.3,ns,0.05203,ns,NA,NA,1287,734,553,ns,0.04165,+,0.005541,-10.72,0.5763,0.489,0.6921,ns,0.01049,ns,NA,NA,2.536,2.477,2.615,ns,0.01862,ns,NA,NA,0.3166,0.3073,0.3289,ns,0.03958,ns,NA,NA,0.4545,0.4478,0.4634,ns,0.004805,+,0.03134,-59.31,7.161,6.6,6.317,ns,0.04165,+,0.00245,-4.613,0.3395,0.3358,0.3444,ns,0.01049,ns,NA,NA,585,328.7,256.3,ns,0.03122,+,0.007404,-13.78,1.077,1.061,1.099,ns,0.01862,ns,NA,NA,0.2514,0.2517,0.251,ns,0.03958,argentina_Boreal,48452.8589616297,Boreal
ns,NA,NA,177.2,182.3,171.7,ns,0.4475,+,0.7935,-1540,79.3,81.36,76.84,ns,0.385,ns,NA,NA,1.82,1.667,2.016,ns,0.009784,ns,NA,NA,475,245.1,229.9,ns,0.1769,ns,NA,NA,261,147,114,ns,0.1876,ns,NA,NA,1.587,1.554,1.631,ns,0.06194,-,-0.119,242.9,3.747,4.068,3.333,ns,0.1091,+,0.00823,-16.02,0.6415,0.5929,0.7042,ns,0.02835,ns,NA,NA,0.7196,0.7063,0.7369,ns,0.009784,ns,NA,NA,5.568,4.997,4.745,ns,0.1876,ns,NA,NA,0.7021,0.7083,0.6941,ns,0.06194,ns,NA,NA,187.8,103.8,84,ns,0.05203,-,-0.02351,48.68,1.356,1.419,1.274,ns,0.1091,ns,NA,NA,0.4277,0.4148,0.4445,ns,0.02835,armenia_Arid,1284.972145970243,Arid
ns,NA,NA,278.5,285.7,266.1,ns,0.05203,ns,NA,NA,55.19,52.71,57.18,ns,0.2393,+,0.02105,-41.18,1.763,1.948,1.516,ns,0.04537,ns,NA,NA,2077,1313,764,ns,0.1145,ns,NA,NA,1178,674,504,ns,0.1666,ns,NA,NA,1.078,1.183,0.937,ns,0.04085,ns,NA,NA,3.327,3.427,3.192,ns,0.03139,ns,NA,NA,0.4521,0.4826,0.4112,ns,0.04928,+,0.006108,-11.6,0.6554,0.687,0.6133,ns,0.04537,ns,NA,NA,7.072,6.515,6.225,ns,0.1666,+,0.003172,-5.953,0.5114,0.5316,0.4844,ns,0.04085,ns,NA,NA,772.1,463,309.1,ns,0.1561,+,0.007549,-14.05,1.222,1.239,1.199,ns,0.03139,+,0.001336,-2.405,0.3279,0.3402,0.3115,ns,0.04928,armenia_Boreal,293.9068632640828,Boreal
NA,NA,NA,213.9,197.2,218.5,NA,NA,NA,NA,NA,57.4,23.33,64.79,NA,NA,NA,NA,NA,0.4195,0.2524,0.5106,NA,NA,NA,NA,NA,7.131,1.515,5.616,NA,NA,NA,NA,NA,17,6,11,NA,NA,NA,NA,NA,0.3536,0.2504,0.4098,NA,NA,NA,NA,NA,1.529,1,1.818,NA,NA,NA,NA,NA,0.3249,0.2504,0.3656,NA,NA,NA,NA,NA,0.3339,0.2232,0.3942,NA,NA,NA,NA,NA,2.89,1.946,2.485,NA,NA,NA,NA,NA,0.2891,0.2216,0.326,NA,NA,NA,NA,NA,5.676,1.339,4.337,NA,NA,NA,NA,NA,0.8632,0.6931,0.9559,NA,NA,NA,NA,NA,0.2668,0.2216,0.2914,NA,NA,armenia_Polar,85589.21345542818,Polar
NA,NA,NA,278,NA,278,NA,NA,NA,NA,NA,NA,NA,NA,NA,NA,NA,NA,NA,0.2165,NA,0.2165,NA,NA,NA,NA,NA,0.433,0,0.433,NA,NA,NA,NA,NA,2,0,2,NA,NA,NA,NA,NA,0.2147,NA,0.2147,NA,NA,NA,NA,NA,1,NA,1,NA,NA,NA,NA,NA,0.2147,NA,0.2147,NA,NA,NA,NA,NA,0.196,NA,0.196,NA,NA,NA,NA,NA,1.099,0,1.099,NA,NA,NA,NA,NA,0.1945,NA,0.1945,NA,NA,NA,NA,NA,0.392,0,0.392,NA,NA,NA,NA,NA,0.6931,NA,0.6931,NA,NA,NA,NA,NA,0.1945,NA,0.1945,NA,NA,armenia_Temperate,1409462.144550101,Temperate
ns,NA,NA,244.5,247.3,239.6,ns,0.2185,+,2.546,-5038,90.53,87.67,94.97,ns,0.281,ns,NA,NA,10.97,12.09,9.481,-,0.01828,ns,NA,NA,5879000,3693000,2187000,ns,0.07285,ns,NA,NA,536100,305500,230700,ns,0.07285,ns,NA,NA,3.926,4.242,3.507,-,0.04837,ns,NA,NA,2,1.977,2.03,+,0.005006,ns,NA,NA,1.34,1.422,1.232,-,0.04799,ns,NA,NA,0.7327,0.7355,0.7289,-,0.01828,ns,NA,NA,13.19,12.63,12.35,ns,0.07285,ns,NA,NA,0.6156,0.6212,0.6082,-,0.04837,ns,NA,NA,392800,224700,168100,ns,0.1145,ns,NA,NA,0.9577,0.9508,0.9669,+,0.005006,ns,NA,NA,0.4765,0.4836,0.467,-,0.04799,australia_Arid,27.0644163327845,Arid
ns,NA,NA,227.1,218.9,235.3,ns,0.09366,+,1.31,-2511,126.3,127.2,125,ns,0.4475,ns,NA,NA,2.471,2.461,2.48,+,0.01497,ns,NA,NA,371700,185700,185900,ns,0.1561,+,50.62,-91710,150400,75450,74970,ns,0.2185,ns,NA,NA,1.08,1.073,1.086,ns,0.002229,ns,NA,NA,1.951,1.957,1.946,-,0.02437,ns,NA,NA,0.5032,0.5115,0.4947,-,0.00773,ns,NA,NA,0.524,0.5291,0.5188,-,0.01497,+,0.006551,-4.389,11.92,11.23,11.22,ns,0.2185,ns,NA,NA,0.4225,0.4273,0.4176,ns,0.002229,+,36.55,-69980,78820,39920,38900,ns,0.2185,-,-8.645e-4,2.705,0.9447,0.9473,0.942,-,0.02437,ns,NA,NA,0.3297,0.3331,0.3262,-,0.00773,australia_Temperate,428.154296826444,Temperate
ns,NA,NA,328.4,37.19,358,ns,0.2041,ns,NA,NA,100.8,83.52,31.48,ns,0.2231,ns,NA,NA,28.89,3.646,97.34,ns,0.1041,ns,NA,NA,10400,958.9,9442,ns,0.06855,ns,NA,NA,360,263,97,ns,0,ns,NA,NA,8.699,0.9125,29.81,+,0.1418,ns,NA,NA,1.814,1.673,2.196,ns,0.07648,ns,NA,NA,1.352,0.4565,3.781,+,0.1165,ns,NA,NA,0.4323,0.3901,0.5467,ns,0.1041,ns,NA,NA,5.889,5.576,4.585,ns,0,ns,NA,NA,0.3506,0.3166,0.4428,+,0.1418,ns,NA,NA,155.6,102.6,53.03,ns,0.0457,+,0.01447,-28.23,0.8989,0.8725,0.9706,ns,0.07648,ns,NA,NA,0.288,0.2697,0.3376,+,0.1165,australia_Boreal,15299.5324628948,Boreal
-,-1.734,3712,228.6,234.8,220.1,-,0.4891,+,1.145,-2237,68.25,63.28,73.69,+,0.6764,-,-0.2782,565.7,6.555,7.75,5.409,ns,0.002617,-,-2619,5458000,3869000,2239000,1630000,ns,0.2185,+,556.3,-1091000,590200,288900,301300,+,0.614,-,-0.04714,96.86,2.148,2.416,1.891,-,0.0141,ns,NA,NA,2.262,2.254,2.269,+,0.004745,-,-0.01039,21.75,0.8385,0.918,0.7622,-,0.009106,-,-0.001456,3.631,0.7102,0.7237,0.6972,ns,0.002617,+,0.02016,-30.32,13.29,12.57,12.62,+,0.614,-,-0.002073,4.741,0.5683,0.5829,0.5543,-,0.0141,+,287.4,-557900,419200,209100,210100,+,0.5724,ns,NA,NA,1.005,0.9992,1.011,+,0.004745,-,-0.001679,3.805,0.4224,0.4355,0.4099,-,0.009106,australia_Equatorial,41.1305562026825,Equatorial
NA,NA,NA,29,31,27,NA,NA,NA,NA,NA,NA,NA,NA,NA,NA,NA,NA,NA,0.2165,0.2165,0.2165,NA,NA,NA,NA,NA,0.8661,0.433,0.433,NA,NA,NA,NA,NA,4,2,2,NA,NA,NA,NA,NA,0.2147,0.2147,0.2147,NA,NA,NA,NA,NA,1,1,1,NA,NA,NA,NA,NA,0.2147,0.2147,0.2147,NA,NA,NA,NA,NA,0.196,0.196,0.196,NA,NA,NA,NA,NA,1.609,1.099,1.099,NA,NA,NA,NA,NA,0.1945,0.1945,0.1945,NA,NA,NA,NA,NA,0.784,0.392,0.392,NA,NA,NA,NA,NA,0.6931,0.6931,0.6931,NA,NA,NA,NA,NA,0.1945,0.1945,0.1945,NA,NA,australia_Polar,183732045.202324,Polar
ns,NA,NA,181.1,178.4,209.6,ns,0.1634,ns,NA,NA,56.24,46.07,118.6,ns,0.053,-,-0.06854,138.4,1.324,1.668,0.4085,-,0.1691,-,-1.291,2610,309.8,283.6,26.15,-,0.4891,-,-0.6923,1399,234,170,64,ns,0.314,-,-0.02847,58.09,1.248,1.448,0.7144,-,0.175,-,-0.09685,197.4,2.679,2.976,1.891,ns,0.08897,ns,NA,NA,0.6047,0.616,0.5747,-,0.2234,-,-0.01271,25.97,0.4895,0.5538,0.3184,-,0.1691,-,-0.08659,176.1,5.46,5.142,4.174,ns,0.314,ns,NA,NA,0.5731,0.5939,0.5178,-,0.175,-,-0.4456,903.6,114.5,94.15,20.38,ns,0.4475,-,-0.0195,40.17,1.04,1.085,0.9231,ns,0.08897,ns,NA,NA,0.4269,0.421,0.4426,+,0.2234,austria_Boreal,5593.611310550797,Boreal
NA,NA,NA,294.3,202,312.8,NA,NA,NA,NA,NA,93.53,-0,69.45,NA,NA,NA,NA,NA,0.2596,0.2165,0.2704,NA,NA,NA,NA,NA,1.298,0.2165,1.082,NA,NA,NA,NA,NA,5,1,4,NA,NA,NA,NA,NA,0.6869,0.4293,0.7513,NA,NA,NA,NA,NA,1,1,1,NA,NA,NA,NA,NA,0.6869,0.4293,0.7513,NA,NA,NA,NA,NA,0.2286,0.196,0.2368,NA,NA,NA,NA,NA,1.792,0.6931,1.609,NA,NA,NA,NA,NA,0.5121,0.3572,0.5508,NA,NA,NA,NA,NA,1.143,0.196,0.9471,NA,NA,NA,NA,NA,0.6931,0.6931,0.6931,NA,NA,NA,NA,NA,0.5121,0.3572,0.5508,NA,NA,austria_Polar,1334731.6136475718,Polar
ns,NA,NA,201.4,205.3,196.3,ns,0.1145,+,0.7871,-1549,35.52,28.73,42.13,+,0.6764,-,-0.06707,138.3,3.836,3.892,3.767,ns,0.009489,ns,NA,NA,31560,17720,13840,ns,0.1561,ns,NA,NA,8228,4554,3674,ns,0.01041,ns,NA,NA,1.775,1.811,1.731,ns,0.01857,ns,NA,NA,3.517,3.506,3.53,ns,0.007631,ns,NA,NA,0.652,0.6657,0.6351,-,0.0266,ns,NA,NA,0.8083,0.8187,0.7953,ns,0.009489,ns,NA,NA,9.015,8.424,8.209,ns,0.01041,ns,NA,NA,0.6349,0.6464,0.6207,ns,0.01857,ns,NA,NA,6650,3729,2922,ns,0.03122,ns,NA,NA,1.241,1.237,1.246,ns,0.007631,ns,NA,NA,0.4016,0.409,0.3924,-,0.0266,azerbaijan_Arid,56.52408577399317,Arid
ns,NA,NA,216.7,213.9,222.7,ns,0.05203,ns,NA,NA,29.39,29.28,28.77,ns,0.1353,ns,NA,NA,2.28,2.198,2.481,ns,0.07582,ns,NA,NA,1457,998.1,458.9,ns,0.2602,ns,NA,NA,639,454,185,ns,0.1978,ns,NA,NA,1.408,1.216,1.88,ns,0.06716,+,0.1017,-201,3.571,3.319,4.189,+,0.1044,ns,NA,NA,0.6056,0.5714,0.6896,ns,0.00329,+,0.006032,-11.4,0.7553,0.7265,0.8258,ns,0.07582,ns,NA,NA,6.461,6.12,5.226,ns,0.1978,ns,NA,NA,0.6091,0.5759,0.6907,ns,0.06716,ns,NA,NA,482.6,329.9,152.8,ns,0.1977,+,0.01516,-29.17,1.271,1.229,1.376,+,0.1044,ns,NA,NA,0.3824,0.3701,0.4126,ns,0.00329,azerbaijan_Temperate,1224.527512790367,Temperate
ns,NA,NA,249.2,256.1,236.9,ns,0.1167,ns,NA,NA,55.7,49.07,64.05,ns,0.09366,ns,NA,NA,2.229,2.541,1.83,ns,0.03054,ns,NA,NA,3176,2032,1143,ns,0.07285,ns,NA,NA,1425,800,625,ns,0.03122,ns,NA,NA,1.077,1.208,0.9098,ns,0.03233,ns,NA,NA,3.31,3.386,3.213,ns,0.04247,ns,NA,NA,0.4391,0.4699,0.3998,ns,0.0293,ns,NA,NA,0.656,0.6911,0.6111,ns,0.03054,ns,NA,NA,7.263,6.686,6.439,ns,0.03122,ns,NA,NA,0.4925,0.518,0.4598,ns,0.03233,ns,NA,NA,934.8,552.8,381.9,ns,0.05203,ns,NA,NA,1.202,1.222,1.177,ns,0.04247,ns,NA,NA,0.3174,0.3289,0.3028,ns,0.0293,azerbaijan_Boreal,561.771214580196,Boreal
NA,NA,NA,247,191.8,303.9,NA,NA,NA,NA,NA,68.84,36.39,42.03,NA,NA,NA,NA,NA,0.5073,0.3736,0.8045,NA,NA,NA,NA,NA,29.42,14.94,14.48,NA,NA,NA,NA,NA,58,40,18,NA,NA,NA,NA,NA,0.322,0.263,0.4532,NA,NA,NA,NA,NA,2.414,2.325,2.611,NA,NA,NA,NA,NA,0.2302,0.2177,0.2579,NA,NA,NA,NA,NA,0.3428,0.3006,0.4364,NA,NA,NA,NA,NA,4.078,3.714,2.944,NA,NA,NA,NA,NA,0.2588,0.2305,0.3216,NA,NA,NA,NA,NA,19.88,12.02,7.856,NA,NA,NA,NA,NA,1.055,1.03,1.11,NA,NA,NA,NA,NA,0.2028,0.1944,0.2217,NA,NA,azerbaijan_Polar,60634.22907550201,Polar
ns,NA,NA,90.03,91.27,88.45,ns,0.05203,ns,NA,NA,28.36,33.87,19.07,ns,0.1353,ns,NA,NA,1.582,1.513,1.68,+,0.04983,-,-9.398,19220,10610,5937,4672,ns,0.1561,ns,NA,NA,6705,3925,2780,ns,0.3018,ns,NA,NA,0.7863,0.7496,0.8382,+,0.05906,ns,NA,NA,3.19,3.115,3.297,ns,0.02436,ns,NA,NA,0.3538,0.3467,0.364,+,0.04787,ns,NA,NA,0.5663,0.5445,0.5972,+,0.04983,-,-0.04058,87.14,8.811,8.275,7.931,ns,0.3018,ns,NA,NA,0.4223,0.4079,0.4427,+,0.05906,-,-4.936,10060,3797,2137,1660,ns,0.2602,ns,NA,NA,1.184,1.168,1.208,ns,0.02436,ns,NA,NA,0.2755,0.2708,0.2821,+,0.04787,bangladesh_Equatorial,264.03440479205915,Equatorial
ns,NA,NA,87.02,85.42,88.67,ns,0.07285,+,1.164,-2323,36.93,31.54,41.72,ns,0.1561,-,-0.02096,43.59,1.328,1.288,1.372,ns,0.01435,ns,NA,NA,772.9,391.4,381.5,ns,0.1769,ns,NA,NA,582,304,278,ns,0.06254,ns,NA,NA,0.8749,0.7019,1.064,ns,0.02292,-,-0.03802,79.66,3.296,3.296,3.295,ns,0.01975,ns,NA,NA,0.3709,0.3593,0.3836,ns,0.01387,-,-0.01178,24.24,0.5621,0.5677,0.556,ns,0.01435,ns,NA,NA,6.368,5.72,5.631,ns,0.06254,ns,NA,NA,0.4309,0.4268,0.4355,ns,0.02292,ns,NA,NA,327.2,172.6,154.6,ns,0.1977,-,-0.008451,18.18,1.191,1.195,1.187,ns,0.01975,ns,NA,NA,0.2792,0.2791,0.2792,ns,0.01387,bangladesh_Temperate,3623.992978354398,Temperate
ns,NA,NA,149.2,158.4,135.8,ns,0.2393,ns,NA,NA,81.8,79.32,83.46,ns,0.07285,+,0.02434,-47.82,1.17,1.066,1.362,+,0.04485,ns,NA,NA,8825,5207,3619,ns,0.05203,ns,NA,NA,7540,4884,2656,ns,0.1874,+,0.05238,-104.1,1.828,1.226,2.936,+,0.1275,ns,NA,NA,2.853,2.855,2.849,ns,0.02437,+,0.01762,-34.68,0.7514,0.6412,0.954,+,0.1364,+,0.005757,-11.09,0.5201,0.498,0.5606,+,0.04485,-,-0.02451,54.98,8.928,8.494,7.885,ns,0.1874,+,0.01263,-24.8,0.6324,0.5902,0.7099,+,0.1275,ns,NA,NA,3921,2432,1489,ns,0.09366,ns,NA,NA,1.117,1.112,1.127,ns,0.02437,+,0.006105,-11.73,0.4656,0.4373,0.5176,+,0.1364,belarus_Boreal,483.6145007437889,Boreal
NA,NA,NA,141.3,146.4,134.5,NA,NA,NA,NA,NA,66.28,82.15,38.67,NA,NA,NA,NA,NA,1.1,0.8627,1.723,NA,NA,NA,NA,NA,31.9,18.12,13.78,NA,NA,NA,NA,NA,29,21,8,NA,NA,NA,NA,NA,2.983,2.709,3.703,NA,NA,NA,NA,NA,3.897,3.952,3.75,NA,NA,NA,NA,NA,1.284,1.154,1.626,NA,NA,NA,NA,NA,0.5771,0.5096,0.7541,NA,NA,NA,NA,NA,3.401,3.091,2.197,NA,NA,NA,NA,NA,1.18,1.128,1.318,NA,NA,NA,NA,NA,16.73,10.7,6.033,NA,NA,NA,NA,NA,1.379,1.393,1.342,NA,NA,NA,NA,NA,0.7842,0.7395,0.9017,NA,NA,belgium_Temperate,19827.540173982023,Temperate
NA,NA,NA,126.1,109.3,293,NA,NA,NA,NA,NA,57.27,13.17,-0,NA,NA,NA,NA,NA,1.894,2.152,0.8633,NA,NA,NA,NA,NA,9.471,8.608,0.8633,NA,NA,NA,NA,NA,5,4,1,NA,NA,NA,NA,NA,3.864,4.025,3.22,NA,NA,NA,NA,NA,4.2,4,5,NA,NA,NA,NA,NA,1.665,1.867,0.8586,NA,NA,NA,NA,NA,0.7674,0.8037,0.6223,NA,NA,NA,NA,NA,1.792,1.609,0.6931,NA,NA,NA,NA,NA,1.36,1.34,1.44,NA,NA,NA,NA,NA,3.837,3.215,0.6223,NA,NA,NA,NA,NA,1.464,1.382,1.792,NA,NA,NA,NA,NA,0.8817,0.9472,0.6198,NA,NA,belgium_Boreal,66784.59455186714,Boreal
ns,NA,NA,107.7,107.3,108.3,ns,0.01041,ns,NA,NA,27.98,24.2,32.33,ns,0.4475,ns,NA,NA,1.2,1.368,1.031,-,0.03073,ns,NA,NA,7626,4356,3270,ns,0.05203,ns,NA,NA,6357,3185,3172,ns,0.05203,-,-0.02572,53.88,2.061,2.282,1.84,-,0.04966,ns,NA,NA,3.147,3.246,3.048,ns,0.02368,-,-0.007469,16.01,1.062,1.123,1.001,-,0.04578,ns,NA,NA,0.4848,0.5077,0.4618,-,0.03073,ns,NA,NA,8.757,8.067,8.062,ns,0.05203,-,-0.00363,8.159,0.8663,0.8985,0.8339,-,0.04966,ns,NA,NA,3082,1617,1465,ns,0.03122,ns,NA,NA,1.135,1.151,1.12,ns,0.02368,-,-0.003233,7.153,0.6679,0.6863,0.6495,-,0.04578,belize_Equatorial,61.18312471998612,Equatorial
-,-5.576,11460,256.8,279.5,213.4,-,0.7389,+,1.523,-2924,136.5,123,150,+,0.6972,-,-0.004432,10.55,1.783,1.869,1.638,-,0.01995,-,-666,1357000,374100,245900,128200,-,0.8013,-,-320.8,656800,209800,131500,78270,-,0.5099,-,-0.004313,9.647,1.041,1.1,0.9404,-,0.03096,-,-0.003684,9.354,1.952,1.972,1.918,-,0.01646,-,-0.001365,3.254,0.5319,0.5498,0.5019,-,0.02794,-,-0.001528,3.629,0.566,0.5795,0.5433,-,0.01995,-,-0.03101,71.56,12.25,11.79,11.27,-,0.5099,-,-7.238e-4,1.918,0.4653,0.477,0.4458,-,0.03096,-,-190.9,390100,118700,76220,42520,-,0.6556,-,-0.00104,3.056,0.9646,0.9702,0.9552,-,0.01646,-,-5.566e-4,1.471,0.359,0.3666,0.3463,-,0.02794,benin_Equatorial,6.435681207086209,Equatorial
ns,NA,NA,261.6,273.5,246.7,ns,0.2393,+,1.123,-2132,127.6,119,136.2,ns,0.3434,ns,NA,NA,4.737,4.821,4.635,ns,0.005734,-,-47.13,97130,59130,32820,26310,ns,0.1769,-,-6.833,14390,12480,6807,5676,ns,0.1977,-,-0.02229,47.58,2.654,2.811,2.467,ns,0.003762,+,0.006357,-10.38,2.409,2.375,2.45,ns,0.00883,ns,NA,NA,1.029,1.078,0.9708,ns,3.693e-4,+,0.001376,-1.934,0.8392,0.8367,0.8423,ns,0.005734,-,-0.01093,28.45,9.432,8.826,8.644,ns,0.1977,ns,NA,NA,0.7132,0.7148,0.7112,ns,0.003762,-,-3.399,7344,10480,5696,4781,ns,0.2185,+,9.894e-4,-0.9266,1.063,1.056,1.071,ns,0.00883,ns,NA,NA,0.5135,0.5201,0.5055,ns,3.693e-4,benin_Arid,40.715117860518795,Arid
ns,NA,NA,89.62,89.16,90.04,ns,0.07285,ns,NA,NA,58.6,49.09,66.2,ns,0.1769,+,0.1266,-252.5,2.083,1.828,2.392,ns,0.06683,ns,NA,NA,1352,649.1,703.1,ns,0.09366,ns,NA,NA,649,355,294,ns,0.3236,+,0.05452,-108.9,0.9618,0.8012,1.156,+,0.08328,+,0.107,-211.6,3.627,3.327,3.99,+,0.08596,+,0.008213,-16.15,0.3882,0.3602,0.422,+,0.1223,+,0.03157,-62.84,0.6448,0.5673,0.7385,ns,0.06683,ns,NA,NA,6.477,5.875,5.687,ns,0.3236,+,0.02154,-42.85,0.4852,0.4317,0.54990000000000006,+,0.08328,ns,NA,NA,418.5,201.4,217.1,ns,0.05203,+,0.02069,-40.37,1.252,1.202,1.313,+,0.08596,+,0.005913,-11.6,0.2949,0.275,0.3189,+,0.1223,bhutan_Temperate,608.9639925082164,Temperate
NA,NA,NA,95.66,91.56,110,NA,NA,NA,NA,NA,47.26,62.39,NA,NA,NA,NA,NA,NA,0.3243,0.3782,0.2165,NA,NA,NA,NA,NA,1.946,1.513,0.433,NA,NA,NA,NA,NA,6,4,2,NA,NA,NA,NA,NA,0.2862,0.322,0.2147,NA,NA,NA,NA,NA,1.333,1.5,1,NA,NA,NA,NA,NA,0.2743,0.3041,0.2147,NA,NA,NA,NA,NA,0.2776,0.3184,0.196,NA,NA,NA,NA,NA,1.946,1.609,1.099,NA,NA,NA,NA,NA,0.2487,0.2758,0.1945,NA,NA,NA,NA,NA,1.665,1.273,0.392,NA,NA,NA,NA,NA,0.8087,0.8664,0.6931,NA,NA,NA,NA,NA,0.2386,0.2607,0.1945,NA,NA,bhutan_Arid,423173.0358690671,Arid
NA,NA,NA,171.8,298.1,50.53,NA,NA,NA,NA,NA,162.1,145.1,20.23,NA,NA,NA,NA,NA,1.508,1.723,1.346,NA,NA,NA,NA,NA,10.55,5.168,5.386,NA,NA,NA,NA,NA,7,3,4,NA,NA,NA,NA,NA,0.736,0.8586,0.644,NA,NA,NA,NA,NA,3.286,3.333,3.25,NA,NA,NA,NA,NA,0.3636,0.3935,0.3412,NA,NA,NA,NA,NA,0.7601,0.8151,0.7188,NA,NA,NA,NA,NA,2.079,1.386,1.609,NA,NA,NA,NA,NA,0.4964,0.5424,0.4618,NA,NA,NA,NA,NA,5.321,2.445,2.875,NA,NA,NA,NA,NA,1.3,1.342,1.269,NA,NA,NA,NA,NA,0.3027,0.3216,0.2885,NA,NA,bhutan_Boreal,78017.56926736273,Boreal
NA,NA,NA,130,135.7,111.9,NA,NA,NA,NA,NA,154.9,155.7,162.3,NA,NA,NA,NA,NA,1.016,1.14,0.7549,NA,NA,NA,NA,NA,31.48,23.93,7.549,NA,NA,NA,NA,NA,31,21,10,NA,NA,NA,NA,NA,0.5817,0.644,0.4508,NA,NA,NA,NA,NA,3.806,4.429,2.5,NA,NA,NA,NA,NA,0.3464,0.3498,0.3392,NA,NA,NA,NA,NA,0.6043,0.6562,0.4953,NA,NA,NA,NA,NA,3.466,3.091,2.398,NA,NA,NA,NA,NA,0.4122,0.4402,0.3533,NA,NA,NA,NA,NA,18.73,13.78,4.953,NA,NA,NA,NA,NA,1.317,1.423,1.094,NA,NA,NA,NA,NA,0.2793,0.2793,0.2794,NA,NA,bhutan_Polar,26154.03528056977,Polar
+,0.708,-1178,239.3,237.8,242.2,ns,0.2393,+,0.6656,-1307,37.67,34.84,42.43,+,0.6348,ns,NA,NA,4.051,3.977,4.2,ns,0.004833,-,-1520,3086000,746300,490600,255700,-,0.4891,-,-493.9,1001000,184200,123400,60880,-,0.6972,ns,NA,NA,1.563,1.544,1.601,ns,0.004833,-,-0.01518,34.53,4.089,4.142,3.983,-,0.007852,ns,NA,NA,0.505,0.4989,0.5172,ns,0.00262,ns,NA,NA,0.7887,0.7939,0.7781,ns,0.004833,-,-0.06722,144.1,12.12,11.72,11.02,-,0.6972,ns,NA,NA,0.5702,0.5731,0.5643,ns,0.004833,-,-435,880600,145300,97930,47370,-,0.6972,-,-0.002805,6.959,1.324,1.33,1.312,-,0.007852,ns,NA,NA,0.3375,0.3374,0.3376,ns,0.00262,bolivia_Equatorial,29.92069107497464,Equatorial
ns,NA,NA,213.1,235.2,198.6,ns,0.1353,ns,NA,NA,109.8,89.99,119,ns,0.2393,ns,NA,NA,1.223,1.147,1.28,ns,0.03135,+,1.741,-3444,1299,515.9,783.4,ns,0.2393,+,1.2,-2352,1062,450,612,ns,0.2816,ns,NA,NA,0.7155,0.6893,0.7348,ns,0.02108,ns,NA,NA,3.008,2.902,3.085,ns,0.01623,ns,NA,NA,0.3706,0.3893,0.3568,ns,0.01765,ns,NA,NA,0.5542,0.5604,0.5496,ns,0.03135,+,0.01818,-32.44,6.969,6.111,6.418,ns,0.2816,-,-0.005007,10.48,0.4144,0.4234,0.4077,ns,0.02108,+,1.113,-2209,588.5,252.2,336.3,ns,0.2602,ns,NA,NA,1.155,1.145,1.162,ns,0.01623,-,-0.00195,4.198,0.2833,0.2927,0.2765,ns,0.01765,bolivia_Arid,17186.957366403818,Arid
ns,NA,NA,239.5,240.7,237.9,ns,0.03122,+,0.9959,-1942,75.1,67.95,83.55,ns,0.3642,ns,NA,NA,1.117,1.088,1.157,ns,0.001743,-,-12.8,25970,6283,3567,2716,ns,0.2602,-,-12.33,25080,5626,3279,2347,ns,0.385,ns,NA,NA,0.6163,0.6004,0.6386,ns,0.008657,ns,NA,NA,2.724,2.672,2.795,ns,0.01635,ns,NA,NA,0.327,0.3291,0.324,ns,0.01284,ns,NA,NA,0.4879,0.4824,0.4955,ns,0.001743,-,-0.04289,91.88,8.635,8.096,7.761,ns,0.385,ns,NA,NA,0.3716,0.3674,0.3774,ns,0.008657,-,-6.587,13390,2745,1582,1163,ns,0.3642,ns,NA,NA,1.086,1.075,1.101,ns,0.01635,ns,NA,NA,0.2613,0.2626,0.2596,ns,0.01284,bolivia_Temperate,3554.4702306976337,Temperate
ns,NA,NA,203.3,202.1,204.6,ns,0.07285,-,-0.6761,1387,31.48,33.75,29.01,ns,0.3642,ns,NA,NA,1.194,1.059,1.371,ns,0.06954,ns,NA,NA,697.5,350.6,346.9,ns,0.01041,ns,NA,NA,584,331,253,ns,0.01043,ns,NA,NA,0.6657,0.5992,0.7526,ns,0.04761,-,-0.04602,95.6,3.154,3.196,3.099,ns,0.02656,ns,NA,NA,0.3487,0.3198,0.3865,ns,0.05383,ns,NA,NA,0.5907,0.5534,0.6395,ns,0.06954,ns,NA,NA,6.372,5.805,5.537,ns,0.01043,ns,NA,NA,0.4207,0.3926,0.4575,ns,0.04761,ns,NA,NA,345,183.2,161.8,ns,0.03122,-,-0.005963,13.22,1.221,1.217,1.225,ns,0.02656,ns,NA,NA,0.2767,0.2584,0.3006,ns,0.05383,bolivia_Polar,32015.29058961742,Polar
ns,NA,NA,211,213.6,207.3,ns,0.02334,ns,NA,NA,38.57,32.68,45.39,ns,0.05206,+,0.06617,-131.2,3.449,3.316,3.657,ns,0.06561,ns,NA,NA,1394,815.7,577.8,ns,0.07285,ns,NA,NA,404,246,158,ns,0.0939,ns,NA,NA,8.656,8.775,8.472,ns,0.08862,ns,NA,NA,4.23,4.089,4.449,ns,0.037,+,0.05042,-98.85,3.287,3.309,3.254,-,0.1116,+,0.01585,-31.25,0.9993,0.9689,1.047,ns,0.06561,ns,NA,NA,6.004,5.509,5.069,ns,0.0939,ns,NA,NA,1.702,1.669,1.752,ns,0.08862,ns,NA,NA,403.7,238.3,165.4,ns,0.09366,ns,NA,NA,1.418,1.394,1.456,ns,0.037,+,0.01511,-29.21,1.225,1.204,1.257,+,0.1116,bosnia_and_herzegovina_Temperate,765.8582268476532,Temperate
+,4.234,-8359,176.4,177,175.8,ns,0.2185,ns,NA,NA,83.59,82.03,85.03,ns,0.3226,ns,NA,NA,2.677,2.529,2.83,ns,0.05616,ns,NA,NA,3060,1469,1591,ns,0.03122,ns,NA,NA,1143,581,562,ns,0.04165,-,-0.1373,280.8,5.452,5.77,5.122,ns,0.02992,-,-0.03684,78.07,3.689,3.549,3.835,ns,0.05003,ns,NA,NA,2.24,2.332,2.144,ns,0.01597,ns,NA,NA,0.7656,0.7441,0.7877,ns,0.05616,ns,NA,NA,7.042,6.366,6.333,ns,0.04165,-,-0.009008,19.4,1.33,1.328,1.332,ns,0.02992,ns,NA,NA,875,432.3,442.7,ns,0.01041,-,-0.007871,17.08,1.276,1.251,1.301,ns,0.05003,-,-0.008282,17.7,0.9805,0.9816,0.9793,ns,0.01597,bosnia_and_herzegovina_Boreal,348.75650481340887,Boreal
+,0.6629,-1080,247.5,245.2,253.6,ns,0.1769,ns,NA,NA,52.2,51.92,52.46,ns,0.09366,ns,NA,NA,22,25.62,16.02,ns,1.402e-5,ns,NA,NA,1018000,738400,279700,ns,0.2185,ns,NA,NA,46280,28820,17460,ns,0.1561,-,-0.1925,393.1,7.461,8.603,5.575,ns,0.002458,+,0.007306,-12.4,2.275,2.243,2.327,+,0.01721,ns,NA,NA,2.293,2.575,1.828,ns,0.008941,ns,NA,NA,0.896,0.9174,0.8605,ns,1.401e-5,ns,NA,NA,10.74,10.27,9.768,ns,0.1561,ns,NA,NA,0.7684,0.7909,0.7313,ns,0.002458,ns,NA,NA,41470,26440,15030,ns,0.1353,+,0.001932,-2.874,1.009,0.9993,1.024,+,0.01721,ns,NA,NA,0.5845,0.6062,0.5486,ns,0.008941,botswana_Arid,11.776746288194902,Arid
-,-0.4657,1168,235.5,237.3,233,ns,0.2602,+,0.8084,-1563,57.27,52.07,63.67,ns,0.3642,+,0.08308,-164.1,3.08,2.925,3.323,+,0.0236,ns,NA,NA,3700000,2146000,1554000,ns,0.05203,-,-1492,3057000,1201000,733800,467500,ns,0.4475,+,0.02362,-46.28,1.223,1.176,1.298,+,0.02754,ns,NA,NA,3.885,3.812,3.999,+,0.01465,+,0.005794,-11.19,0.4638,0.4541,0.479,+,0.02725,+,0.004851,-9.025,0.7322,0.7153,0.7588,+,0.0236,-,-0.02705,65.3,14,13.51,13.06,ns,0.4475,+,0.003848,-7.224,0.5184,0.5072,0.5359,+,0.02754,-,-590.1,1235000,879600,524900,354800,ns,0.281,ns,NA,NA,1.3,1.288,1.318,+,0.01465,+,0.002049,-3.807,0.3196,0.3151,0.3267,+,0.02725,brazil_Equatorial,47.43202568313979,Equatorial
ns,NA,NA,262.3,263.5,261,ns,0.2602,-,-2.286,4680,74.47,82.25,63.91,-,0.6348,+,0.06576,-130.2,1.789,1.457,2.46,+,0.08513,-,-11.77,24090,11450,6236,5212,ns,0.3642,-,-16.82,34130,6398,4279,2119,-,0.718,+,0.02306,-45.76,0.845,0.7483,1.04,+,0.0817,+,0.04795,-92.84,3.583,3.387,3.979,+,0.07482,+,0.00656,-12.81,0.3967,0.3711,0.4484,+,0.05517,+,0.01146,-22.36,0.6718,0.6272,0.762,+,0.08513,-,-0.056710000000000003,119.7,8.764,8.362,7.659,-,0.718,+,0.007947,-15.54,0.473,0.4463,0.5268,+,0.0817,-,-7.466,15200,4298,2684,1615,-,0.5307,+,0.009245,-17.32,1.273,1.237,1.347,+,0.07482,+,0.003238,-6.214,0.3002,0.288,0.3248,+,0.05517,brazil_Arid,15331.281902336614,Arid
ns,NA,NA,220.1,219.7,220.7,ns,0.2185,+,0.8211,-1587,64.4,60.46,71.01,ns,0.4267,+,0.01823,-35.27,1.36,1.313,1.455,ns,0.007106,-,-195.6,398600,106300,68640,37660,-,0.614,-,-155.2,315800,78170,52300,25880,-,0.8221,+,0.0111,-21.65,0.6841,0.6629,0.727,+,0.01626,ns,NA,NA,3.658,3.648,3.678,ns,0.002197,+,0.003275,-6.251,0.3361,0.3308,0.3469,+,0.02138,+,0.002719,-4.843,0.6107,0.6048,0.6225,ns,0.007106,-,-0.04665,102,11.27,10.86,10.16,-,0.8221,+,0.002438,-4.487,0.4203,0.4145,0.432,+,0.01626,-,-92.83,189000,47740,31630,16110,-,0.7805,ns,NA,NA,1.277,1.275,1.282,ns,0.002197,+,0.001553,-2.856,0.2679,0.2652,0.2735,+,0.02138,brazil_Temperate,1651.166492920028,Temperate
NA,NA,NA,111.7,129.3,93.97,NA,NA,NA,NA,NA,61.1,76.89,32.31,NA,NA,NA,NA,NA,0.8494,0.7173,1.044,NA,NA,NA,NA,NA,44.17,22.24,21.93,NA,NA,NA,NA,NA,52,31,21,NA,NA,NA,NA,NA,0.4954,0.4847,0.5111,NA,NA,NA,NA,NA,3.635,3.484,3.857,NA,NA,NA,NA,NA,0.2882,0.294,0.2795,NA,NA,NA,NA,NA,0.5091,0.4792,0.5533,NA,NA,NA,NA,NA,3.97,3.466,3.091,NA,NA,NA,NA,NA,0.37,0.3597,0.3853,NA,NA,NA,NA,NA,26.47,14.86,11.62,NA,NA,NA,NA,NA,1.248,1.255,1.238,NA,NA,NA,NA,NA,0.2446,0.2453,0.2435,NA,NA,brunei_Equatorial,2651.7359943681913,Equatorial
+,2.395,-4596,203.5,200.2,227.6,+,0.5099,-,-1.666,3392,55.69,56.18,45.25,ns,0.4683,+,0.03776,-74.78,1.499,1.488,1.586,ns,0.03454,-,-4.851,9801,3990,3509,480.4,-,0.5307,-,-5.162,10450,2661,2358,303,-,0.698,+,0.05011,-98.85,2.629,2.641,2.537,-,0.0516,+,0.03923,-75.53,3.026,2.98,3.376,ns,0.03603,ns,NA,NA,1.335,1.347,1.245,ns,0.04251,+,0.01197,-23.39,0.6162,0.6099,0.6652,ns,0.03454,-,-0.1235,252.2,7.887,7.766,5.717,-,0.698,+,0.01251,-24.23,0.9593,0.9546,0.9965,+,0.0516,-,-2.853,5763,1640,1438,201.5,-,0.6556,+,0.008937,-16.72,1.175,1.165,1.255,ns,0.03603,+,0.005552,-10.51,0.7175,0.7173,0.7194,ns,0.04251,bulgaria_Temperate,581.8664291902962,Temperate
+,2.662,-5113,229.5,216.5,250,+,0.4891,-,-1.048,2167,50.26,53.05,37.25,ns,0.3434,ns,NA,NA,1.399,1.294,1.607,+,0.05681,ns,NA,NA,14000,8571,5425,ns,0.1769,-,-22.25,45210,10000,6626,3376,ns,0.3018,ns,NA,NA,2.641,2.389,3.138,+,0.1293,ns,NA,NA,3.467,3.38,3.638,+,0.044,ns,NA,NA,1.271,1.198,1.414,+,0.1316,+,0.005157,-9.788,0.6052,0.5814,0.652,+,0.05681,-,-0.05298,112.7,9.211,8.799,8.125,ns,0.3018,ns,NA,NA,1,0.9507,1.098,+,0.1293,-,-7.29,14900,6053,3852,2201,ns,0.2185,ns,NA,NA,1.23,1.213,1.262,+,0.044,ns,NA,NA,0.7325,0.7017,0.7931,+,0.1316,bulgaria_Boreal,165.85659944403105,Boreal
+,1.798,-3366,242.5,231.6,258.5,+,0.5099,-,-1.171,2382,37.97,39.88,28.22,ns,0.385,+,0.02692,-53.34,0.8252,0.7017,1.113,+,0.06258,ns,NA,NA,3197,1902,1295,ns,0.1145,-,-7.651,15570,3875,2711,1164,ns,0.1874,+,0.06757,-133.8,1.944,1.712,2.487,+,0.09691,ns,NA,NA,2.862,2.81,2.983,+,0.03953,+,0.01519,-29.33,1.166,1.112,1.291,+,0.1048,+,0.009361,-18.34,0.4551,0.4279,0.5183,+,0.06258,ns,NA,NA,8.263,7.905,7.06,ns,0.1874,+,0.008048,-15.22,0.8991,0.8654,0.9775,+,0.09691,ns,NA,NA,1763,1160,603.3,ns,0.1977,+,0.002814,-4.485,1.115,1.101,1.15,+,0.03953,+,0.003652,-6.6,0.7098,0.6911,0.7533,+,0.1048,bulgaria_Arid,725.9960234987817,Arid
NA,NA,NA,161,NA,161,NA,NA,NA,NA,NA,NA,NA,NA,NA,NA,NA,NA,NA,0.2165,NA,0.2165,NA,NA,NA,NA,NA,0.433,0,0.433,NA,NA,NA,NA,NA,2,0,2,NA,NA,NA,NA,NA,0.644,NA,0.644,NA,NA,NA,NA,NA,1,NA,1,NA,NA,NA,NA,NA,0.644,NA,0.644,NA,NA,NA,NA,NA,0.196,NA,0.196,NA,NA,NA,NA,NA,1.099,0,1.099,NA,NA,NA,NA,NA,0.4971,NA,0.4971,NA,NA,NA,NA,NA,0.392,0,0.392,NA,NA,NA,NA,NA,0.6931,NA,0.6931,NA,NA,NA,NA,NA,0.4971,NA,0.4971,NA,NA,bulgaria_Polar,5360719.323842524,Polar
ns,NA,NA,272.6,277.5,262.4,ns,0.07285,+,0.8154,-1531,108.9,103.3,119.1,ns,0.1561,ns,NA,NA,2.297,2.37,2.159,-,0.01281,-,-259.7,527300,105800,71680,34100,-,0.8429,-,-115.6,234800,46040,30250,15800,-,0.8429,ns,NA,NA,1.401,1.426,1.353,ns,0.001832,ns,NA,NA,2.082,2.071,2.102,+,0.01039,ns,NA,NA,0.7278,0.7392,0.706,ns,0.0039,ns,NA,NA,0.7148,0.7191,0.7065,-,0.01281,-,-0.05163,111.5,10.74,10.32,9.668,-,0.8429,+,0.001709,-2.844,0.5943,0.5983,0.5867,ns,0.001832,-,-82.95,168500,32910,21750,11160,-,0.8429,ns,NA,NA,1.008,1.005,1.014,+,0.01039,ns,NA,NA,0.4488,0.4525,0.4418,ns,0.0039,burkina_faso_Arid,53.42294303580492,Arid
ns,NA,NA,273.9,280,260.2,ns,0.1769,ns,NA,NA,119.4,115.3,127,ns,0.03122,ns,NA,NA,2.199,2.214,2.165,-,0.02424,-,-1046,2123000,449600,311300,138300,-,0.8429,-,-515,1045000,204500,140600,63880,-,0.8013,ns,NA,NA,1.24,1.248,1.223,-,0.02406,ns,NA,NA,2.121,2.13,2.101,-,0.01693,ns,NA,NA,0.63,0.6375,0.6136,-,0.02186,-,-0.002928,6.538,0.6637,0.6729,0.6434,-,0.02424,-,-0.06397,137.8,12.23,11.85,11.06,-,0.8013,ns,NA,NA,0.5456,0.5523,0.5308,-,0.02406,-,-355.9,721600,135700,94630,41110,-,0.8429,-,-0.001403,3.843,1.011,1.014,1.005,-,0.01693,ns,NA,NA,0.4087,0.4137,0.3979,-,0.02186,burkina_faso_Equatorial,12.569279796616994,Equatorial
ns,NA,NA,191.6,189.6,194.6,ns,0.1977,-,-0.2496,536.1,34.4,35.6,32.25,ns,0.2602,+,0.02361,-46.57,0.9578,0.8881,1.089,+,0.03641,ns,NA,NA,6908,4187,2721,ns,0.1353,-,-4.833,9975,7213,4715,2498,-,0.5099,+,0.003987,-7.394,0.6817,0.6948,0.6569,ns,0.001528,+,0.009842,-17.84,1.883,1.842,1.962,ns,0.008415,+,0.00157,-2.744,0.4435,0.4598,0.4129,ns,0.003333,+,0.004475,-8.495,0.4877,0.4726,0.5162,+,0.03641,-,-0.01852,42.79,8.884,8.459,7.824,-,0.5099,+,0.001297,-2.206,0.4068,0.4053,0.4097,ns,0.001528,-,-2.042,4242,3518,2228,1290,ns,0.4267,+,0.001871,-2.784,0.9506,0.941,0.9686,ns,0.008415,+,5.792e-4,-0.8468,0.3213,0.3225,0.3189,ns,0.003333,burundi_Equatorial,81.32436779251019,Equatorial
-,-0.9504,2129,215.5,215.8,214.1,ns,0.281,+,0.5092,-992.5,34.5,32.3,41.13,ns,0.1561,-,-0.02568,52.6,0.9677,1.018,0.8293,ns,0.003773,-,-4.993,10090,1214,937.4,276.2,ns,0.4683,-,-3.062,6208,1254,921,333,ns,0.4165,-,-0.01027,21.28,0.6174,0.6356,0.5673,ns,0.004711,ns,NA,NA,1.852,1.879,1.778,ns,0.03635,ns,NA,NA,0.4089,0.408,0.4115,ns,0.02153,-,-0.004592,9.727,0.498,0.5047,0.4798,ns,0.003773,-,-0.1201,245.5,7.135,6.827,5.811,ns,0.4165,-,-0.003366,7.151,0.4014,0.4054,0.3902,ns,0.004711,-,-1.591,3226,624.6,464.8,159.8,ns,0.4683,ns,NA,NA,0.9481,0.9568,0.924,ns,0.03635,ns,NA,NA,0.3175,0.3162,0.3211,ns,0.02153,burundi_Temperate,462.95425213065175,Temperate
+,1.444,-2860,60.52,53.13,69.59,ns,0.4267,ns,NA,NA,97.3,89.25,105.6,ns,0.3018,-,-0.01188,24.56,0.6784,0.741,0.6146,-,0.01987,-,-370.9,774100,580300,319800,260500,ns,0.4267,ns,NA,NA,855400,431600,423900,ns,0.1145,-,-0.006467,13.52,0.5116,0.5492,0.4733,-,0.02335,ns,NA,NA,1.26,1.268,1.252,-,0.006708,-,-0.003988,8.429,0.4124,0.4331,0.3914,-,0.02407,-,-0.002414,5.233,0.3806,0.3927,0.3682,-,0.01987,ns,NA,NA,13.66,12.98,12.96,ns,0.1145,-,-0.002137,4.632,0.3387,0.3493,0.3279,-,0.02335,ns,NA,NA,325500,169500,156000,ns,0.1769,ns,NA,NA,0.7844,0.7865,0.7822,-,0.006708,-,-0.001475,3.272,0.3098,0.3183,0.3012,-,0.02407,cambodia_Equatorial,6.453933380793409,Equatorial
-,-1.515,3224,173.5,184,160.2,ns,0.3226,-,-0.3651,852.9,123,124.4,119.9,ns,0.1145,-,-0.02194,46.99,2.926,3.091,2.743,-,0.01916,-,-33.12,69290,53790,29980,23810,ns,0.3226,ns,NA,NA,18380,9700,8680,ns,0.1561,-,-0.008226,17.97,1.47,1.53,1.404,-,0.02898,+,0.02093,-38.1,4.081,4.018,4.152,ns,0.007092,-,-0.003006,6.603,0.5594,0.5882,0.5273,-,0.03606,-,-4.2e-4,1.661,0.8183,0.8337,0.8012,-,0.01916,ns,NA,NA,9.819,9.18,9.069,ns,0.1561,-,-0.002183,5.02,0.6348,0.6516,0.6159,-,0.02898,-,-5.558,11890,15040,8087,6954,ns,0.1769,ns,NA,NA,1.349,1.342,1.356,ns,0.007092,-,-0.001882,4.165,0.3821,0.3956,0.3671,-,0.03606,cameroon_Arid,178.85796024209623,Arid
-,-4.094,8477,252.9,271,206.7,-,0.8221,+,1.782,-3441,138.9,127.5,155.1,+,0.8429,-,-0.02014,41.82,1.385,1.468,1.21,-,0.01222,-,-2226,4511000,782500,562500,220100,-,0.8429,-,-1365,2771000,565100,383200,181900,-,0.8429,-,-0.007665,16.19,0.8155,0.8541,0.7341,-,0.01809,-,-0.003882,9.631,1.827,1.844,1.792,-,0.004773,-,-0.002422,5.329,0.4699,0.4822,0.444,-,0.01916,-,-0.00148,3.466,0.5132,0.5218,0.4949,-,0.01222,-,-0.0566,123.9,13.24,12.86,12.11,-,0.8429,-,-0.001663,3.754,0.4233,0.4304,0.4083,-,0.01809,-,-756.6,1534000,290000,200000,90020,-,0.8429,-,-8.946e-4,2.732,0.9304,0.9339,0.923,-,0.004773,-,-9.642e-4,2.269,0.3343,0.339,0.3245,-,0.01916,cameroon_Equatorial,12.293642026634725,Equatorial
-,-1.176,2422,64.4,80.68,43.5,ns,0.3226,ns,NA,NA,96.7,110.9,69.3,ns,0.05203,-,-0.004738,10.14,0.6156,0.6263,0.6025,ns,0.01878,ns,NA,NA,1859,1045,813.9,ns,0.1769,ns,NA,NA,3020,1669,1351,ns,0.1979,-,-0.002259,4.963,0.4343,0.443,0.4236,ns,0.009131,ns,NA,NA,1.536,1.542,1.529,ns,0.007569,ns,NA,NA,0.332,0.335,0.3284,ns,0.01227,ns,NA,NA,0.3787,0.3823,0.3742,ns,0.01878,ns,NA,NA,8.013,7.421,7.209,ns,0.1979,ns,NA,NA,0.3178,0.3218,0.3128,ns,0.009131,ns,NA,NA,1144,638.1,505.6,ns,0.2185,ns,NA,NA,0.8581,0.8607,0.855,ns,0.007569,ns,NA,NA,0.2717,0.2733,0.2697,ns,0.01227,cameroon_Temperate,5174.279088380236,Temperate
NA,NA,NA,30.65,42.68,21.35,NA,NA,NA,NA,NA,25.14,34.69,4.226,NA,NA,NA,NA,NA,1.341,0.863,2.345,NA,NA,NA,NA,NA,41.58,18.12,23.45,NA,NA,NA,NA,NA,31,21,10,NA,NA,NA,NA,NA,0.6717,0.6542,0.7084,NA,NA,NA,NA,NA,1.71,1.619,1.9,NA,NA,NA,NA,NA,0.4621,0.4787,0.4272,NA,NA,NA,NA,NA,0.5213,0.53,0.5031,NA,NA,NA,NA,NA,3.466,3.091,2.398,NA,NA,NA,NA,NA,0.4255,0.4522,0.3694,NA,NA,NA,NA,NA,16.16,11.13,5.031,NA,NA,NA,NA,NA,0.884,0.8937,0.8636,NA,NA,NA,NA,NA,0.3506,0.3722,0.3052,NA,NA,cameroon_Polar,231389.15205172787,Polar
ns,NA,NA,184.2,183.7,184.6,ns,0.03122,ns,NA,NA,32.56,34.32,30.98,ns,0.07285,ns,NA,NA,4.701,4.373,5.02,+,0.02057,ns,NA,NA,391000,179500,211600,ns,0.1353,ns,NA,NA,83180,41040,42150,ns,0.1561,ns,NA,NA,1.524,1.514,1.534,+,0.02154,-,-0.02099,45.27,2.973,3.001,2.947,-,0.01719,-,-0.005067,10.67,0.4772,0.4823,0.4722,-,0.009024,-,-0.005687,12.04,0.5809,0.5899,0.5721,-,0.02057,ns,NA,NA,11.33,10.62,10.65,ns,0.1561,-,-0.004113,8.737,0.4398,0.4479,0.4319,-,0.02154,ns,NA,NA,48320,24210,24110,ns,0.09366,-,-0.003728,8.599,1.084,1.094,1.075,-,0.01719,-,-0.001966,4.256,0.2986,0.3021,0.2953,-,0.009024,canada_Boreal,521.3018026844196,Boreal
ns,NA,NA,205,216.3,200.9,ns,0.1145,ns,NA,NA,42.36,53.91,36.47,ns,0.03122,ns,NA,NA,4.699,2.583,6.676,ns,0.02092,ns,NA,NA,5427,1441,3986,ns,0.03122,ns,NA,NA,1155,558,597,ns,0.1666,ns,NA,NA,1.601,1.315,1.868,ns,0.01943,ns,NA,NA,3.074,3.011,3.132,ns,0.01933,ns,NA,NA,0.5852,0.5569,0.6116,ns,0.01137,ns,NA,NA,0.6957,0.7073,0.6849,ns,0.02092,ns,NA,NA,7.053,6.326,6.394,ns,0.1666,ns,NA,NA,0.537,0.5442,0.5303,ns,0.01943,ns,NA,NA,803.6,394.7,408.9,ns,0.03122,ns,NA,NA,1.153,1.16,1.146,ns,0.01933,ns,NA,NA,0.3566,0.3616,0.3518,ns,0.01137,canada_Arid,37562.80477450349,Arid
ns,NA,NA,202.4,208.4,194.5,ns,0.01041,ns,NA,NA,33.41,29.79,36.12,ns,0.1353,ns,NA,NA,0.6809,0.7005,0.6568,-,0.0387,ns,NA,NA,2199,1245,954.3,ns,0.01041,-,-8.306,16880,3230,1777,1453,ns,0.07285,ns,NA,NA,0.4203,0.4426,0.3931,ns,0.02994,ns,NA,NA,1.872,1.836,1.916,ns,0.02472,ns,NA,NA,0.285,0.2936,0.2746,ns,0.0302,ns,NA,NA,0.3498,0.3479,0.352,+,0.0387,-,-0.06017,126.2,8.081,7.483,7.282,ns,0.07285,ns,NA,NA,0.2897,0.2937,0.2848,ns,0.02994,-,-2.706,5504,1130,618.3,511.4,ns,0.07285,ns,NA,NA,0.9171,0.9123,0.923,ns,0.02472,ns,NA,NA,0.2372,0.2413,0.2322,ns,0.0302,canada_Polar,92692.75745542982,Polar
ns,NA,NA,256.5,267.5,247.8,ns,0.385,ns,NA,NA,42.44,47.94,35.4,ns,0.1353,ns,NA,NA,0.6108,0.5435,0.6762,ns,0.02766,ns,NA,NA,291.4,127.7,163.6,ns,0.1977,ns,NA,NA,477,235,242,ns,0.2398,ns,NA,NA,0.4307,0.4211,0.44,ns,0.02075,ns,NA,NA,2.01,1.991,2.029,ns,0.05231,ns,NA,NA,0.3128,0.307,0.3185,ns,0.002962,ns,NA,NA,0.3851,0.3821,0.3879,ns,0.02766,ns,NA,NA,6.17,5.464,5.493,ns,0.2398,ns,NA,NA,0.3233,0.3218,0.3248,ns,0.02075,ns,NA,NA,183.7,89.79,93.88,ns,0.2185,ns,NA,NA,0.9597,0.973,0.9468,ns,0.05231,ns,NA,NA,0.2613,0.2589,0.2635,ns,0.002962,canada_Temperate,699663.3168210384,Temperate
-,-1.189,2619,232.4,243.3,215.7,ns,0.3434,+,0.8595,-1580,152.5,147.3,158.8,+,0.5724,-,-0.04439,91.64,2.562,2.822,2.244,ns,1.613e-4,-,-3965,8164000,3989000,2418000,1572000,-,0.6764,ns,NA,NA,1557000,856900,700300,ns,0.1977,-,-0.004545,10.21,1.124,1.184,1.051,ns,0.001414,+,0.00368,-5.453,1.934,1.918,1.955,+,0.01308,-,-0.002783,6.115,0.5439,0.563,0.5206,-,0.005061,ns,NA,NA,0.5579,0.56,0.5553,ns,1.613e-4,ns,NA,NA,14.26,13.66,13.46,ns,0.1977,ns,NA,NA,0.4565,0.4606,0.4514,ns,0.001414,-,-257.7,562300,868800,479900,388900,ns,0.2393,+,0.001134,-1.328,0.9514,0.9474,0.9563,+,0.01308,-,-7.101e-4,1.772,0.3528,0.3572,0.3474,-,0.005061,central_african_republic_Equatorial,3.2142904682583016,Equatorial
-,-0.8821,2047,272.3,279.7,261.3,ns,0.2602,+,1.156,-2210,112.6,105.7,121.4,ns,0.2185,-,-0.04252,89.67,4.507,5.174,3.781,ns,4.277e-4,-,-97.77,204100,177400,106200,71260,ns,0.281,+,13.53,-25120,39370,20520,18840,-,0.5307,-,-0.01718,36.52,2.3,2.54,2.039,ns,0.002204,-,-0.009251,21.09,2.465,2.481,2.447,-,0.01243,ns,NA,NA,0.9724,1.035,0.9045,ns,3.701e-4,ns,NA,NA,0.8946,0.9114,0.8763,ns,4.277e-4,+,0.006484,-5.393,10.58,9.929,9.844,-,0.5307,-,-0.004569,9.905,0.7414,0.7582,0.7231,ns,0.002204,+,15.89,-30250,35220,18700,16510,-,0.5932,ns,NA,NA,1.086,1.087,1.085,-,0.01243,-,-0.002415,5.367,0.5294,0.5417,0.5161,ns,3.701e-4,central_african_republic_Arid,72.26931014797385,Arid
ns,NA,NA,246,252.2,235.6,ns,0.1977,+,0.9972,-1894,116.2,111.3,123.5,ns,0.3018,ns,NA,NA,4.51,4.414,4.682,+,0.01361,-,-1199,2443000,732400,460800,271600,-,0.614,-,-346.1,703200,162400,104400,58010,-,0.7597,+,0.02843,-54.88,2.289,2.224,2.405,+,0.01483,ns,NA,NA,2.21,2.188,2.25,+,0.01456,+,0.008459,-16.04,0.9875,0.9672,1.024,+,0.01301,ns,NA,NA,0.7815,0.7742,0.7947,+,0.01361,-,-0.0471,103.6,12,11.56,10.97,-,0.7597,ns,NA,NA,0.6443,0.6398,0.6523,+,0.01483,-,-254,516900,126900,80820,46100,-,0.718,+,7.303e-4,-0.435,1.026,1.02,1.038,+,0.01456,+,0.001011,-1.555,0.4778,0.4766,0.48,+,0.01301,chad_Arid,35.83359138628821,Arid
-,-1.588,3421,226.6,236.5,210.7,ns,0.4059,ns,NA,NA,145.7,143.1,148.5,ns,0.1353,-,-0.0641,131.6,2.74,3.023,2.379,-,0.03194,-,-2027,4143000,1383000,855000,528000,-,0.718,-,-208.9,443700,504700,282800,221900,ns,0.281,-,-0.02554,52.79,1.427,1.561,1.255,-,0.03796,-,-0.005818,13.96,2.245,2.269,2.215,-,0.01483,-,-0.009201,19.19,0.686,0.73740000000000006,0.6205,-,0.04123,-,-0.005369,11.51,0.7213,0.7521,0.682,-,0.03194,-,-0.008856,27.88,13.13,12.55,12.31,ns,0.281,-,-0.004865,10.36,0.5843,0.61240000000000006,0.5485,-,0.03796,-,-302.6,625400,364100,212700,151300,-,0.5724,-,-0.001244,3.539,1.034,1.039,1.027,-,0.01483,-,-0.003337,7.131,0.4287,0.4484,0.4037,-,0.04123,chad_Equatorial,18.977150699709775,Equatorial
+,2.679,-5147,227.5,212.9,265.6,ns,0.3226,ns,NA,NA,102.4,102.6,92.17,ns,0.07285,ns,NA,NA,0.6156,0.6551,0.532,ns,0.05009,-,-0.9176,1857,338,244.3,93.63,-,0.718,-,-1,2031,549,373,176,-,0.6681,ns,NA,NA,0.4109,0.4391,0.3513,ns,0.07607,ns,NA,NA,2.543,2.515,2.602,ns,0.01958,-,-0.002217,4.744,0.2723,0.2841,0.2473,-,0.1145,ns,NA,NA,0.4036,0.4193,0.3703,ns,0.05009,-,-0.05716,118,6.31,5.924,5.176,-,0.6681,ns,NA,NA,0.3095,0.3224,0.2822,ns,0.07607,-,-0.4949,1003,221.6,156.4,65.17,-,0.6764,ns,NA,NA,1.085,1.085,1.084,ns,0.01958,-,-0.002048,4.353,0.2316,0.2398,0.2143,-,0.1145,chile_Boreal,44690.28537759561,Boreal
ns,NA,NA,198.5,179.7,217,ns,0.1145,ns,NA,NA,138.6,137.7,137.4,ns,0.01041,-,-0.01272,26.16,0.532,0.5474,0.5176,ns,0.0669,ns,NA,NA,346.3,171.9,174.4,ns,0.1769,ns,NA,NA,651,314,337,ns,0.2606,-,-0.003666,7.7,0.3347,0.348,0.3223,ns,0.04505,ns,NA,NA,2.465,2.382,2.543,ns,9.869e-4,-,-9.447e-4,2.147,0.2429,0.2507,0.2355,ns,0.04718,-,-0.005523,11.49,0.377,0.3848,0.3697,ns,0.0669,+,0.02576,-48.56,6.48,5.753,5.823,ns,0.2606,-,-0.001564,3.422,0.2745,0.2815,0.268,ns,0.04505,ns,NA,NA,245.4,120.8,124.6,ns,0.2185,ns,NA,NA,1.067,1.055,1.077,ns,9.869e-4,-,-7.705e-4,1.763,0.2126,0.2177,0.2079,ns,0.04718,chile_Polar,43613.19741051429,Polar
ns,NA,NA,83.05,112.9,66.31,ns,0.281,ns,NA,NA,88.87,105.8,72.55,ns,0.385,ns,NA,NA,2.57,2.121,2.916,ns,0.004824,+,33.18,-65930,20260,7284,12970,ns,0.3018,+,7.4,-14490,7882,3434,4448,ns,0.4688,ns,NA,NA,1.244,1.1,1.356,ns,0.01191,ns,NA,NA,3.429,3.393,3.458,ns,3.297e-4,ns,NA,NA,0.4507,0.4313,0.4656,ns,0.01379,ns,NA,NA,0.6656,0.6707,0.6617,ns,0.004824,+,0.01855,-31.34,8.972,8.142,8.4,ns,0.4688,ns,NA,NA,0.4832,0.491,0.4773,ns,0.01191,+,9.749,-19330,5247,2303,2943,ns,0.385,ns,NA,NA,1.232,1.228,1.236,ns,3.297e-4,ns,NA,NA,0.3066,0.31,0.304,ns,0.01379,chile_Temperate,745.6781569943504,Temperate
NA,NA,NA,102.2,111.5,66.55,NA,NA,NA,NA,NA,93.91,92.43,91.83,NA,NA,NA,NA,NA,1.611,1.464,2.633,NA,NA,NA,NA,NA,269,213.7,55.29,NA,NA,NA,NA,NA,167,146,21,NA,NA,NA,NA,NA,0.6324,0.494,1.595,NA,NA,NA,NA,NA,2.563,2.37,3.905,NA,NA,NA,NA,NA,0.3678,0.3474,0.5101,NA,NA,NA,NA,NA,0.4476,0.3987,0.7878,NA,NA,NA,NA,NA,5.124,4.99,3.091,NA,NA,NA,NA,NA,0.3341,0.2996,0.5736,NA,NA,NA,NA,NA,74.75,58.21,16.54,NA,NA,NA,NA,NA,1.094,1.054,1.375,NA,NA,NA,NA,NA,0.2612,0.2497,0.3409,NA,NA,chile_Arid,56147.82769176478,Arid
-,-4.344,8884,144.8,163,133.9,ns,0.3018,ns,NA,NA,83.69,82.26,82.64,ns,0.03122,ns,NA,NA,2.086,2.078,2.091,+,0.007541,+,507.3,-1008000,354300,132800,221500,ns,0.385,+,323.3,-643100,169800,63900,105900,+,0.5515,-,-0.03395,69.37,1.121,1.202,1.072,-,0.01145,-,-0.01712,37.02,2.62,2.651,2.601,-,0.005245,-,-0.007157,14.85,0.4532,0.4693,0.4435,ns,0.002678,ns,NA,NA,0.561,0.5624,0.5601,-,0.007541,+,0.04386,-79.35,12.04,11.07,11.57,+,0.5515,-,-0.001671,3.811,0.4359,0.4413,0.4327,-,0.01145,+,140.2,-278000,95270,35940,59330,+,0.5515,-,-0.002404,5.914,1.069,1.075,1.065,-,0.005245,ns,NA,NA,0.3057,0.3079,0.3043,ns,0.002678,china_Boreal,546.2323608547255,Boreal
ns,NA,NA,150,149,151.9,ns,0.1977,ns,NA,NA,76.81,79.05,71.98,ns,0.2602,ns,NA,NA,2.42,2.321,2.654,ns,0.004697,-,-1383,2798000,272400,182900,89490,-,0.5099,-,-545.4,1104000,112500,78800,33720,-,0.7597,ns,NA,NA,1.152,1.099,1.276,ns,0.005514,-,-0.029,61.18,2.73,2.799,2.569,-,0.0367,+,0.01188,-23.42,0.4329,0.4171,0.4697,+,0.03104,ns,NA,NA,0.5437,0.5468,0.5365,ns,0.004697,-,-0.07765,165.1,11.63,11.27,10.43,-,0.7597,ns,NA,NA,0.4248,0.4243,0.4259,ns,0.005514,-,-278.1,562300,61180,43090,18090,-,0.7805,ns,NA,NA,1.079,1.093,1.047,-,0.0367,+,0.001442,-2.602,0.2943,0.2899,0.3045,+,0.03104,china_Temperate,710.4929938624259,Temperate
ns,NA,NA,184.4,177.7,192.4,ns,0.1977,+,1.779,-3496,78.06,68.45,87.54,ns,0.4059,-,-0.1115,226.2,2.144,2.877,1.642,ns,0.004677,ns,NA,NA,35860,19540,16320,ns,0.01041,+,46.11,-91830,16730,6793,9936,+,0.5724,-,-0.1079,218.6,2.222,2.99,1.697,-,0.03533,ns,NA,NA,2.794,2.76,2.817,+,0.02222,-,-0.0246,50.13,0.6425,0.8138,0.5253,-,0.05792,-,-0.009003,18.73,0.6001,0.6371,0.5748,ns,0.004677,+,0.05804,-109.9,9.725,8.824,9.204,+,0.5724,-,-0.008252,17.08,0.4715,0.5144,0.4423,-,0.03533,+,21.21,-42180,10040,4328,5712,+,0.4891,ns,NA,NA,1.107,1.097,1.115,+,0.02222,-,-0.005156,10.7,0.3242,0.3537,0.3041,-,0.05792,china_Arid,5396.207886329749,Arid
ns,NA,NA,108.4,95.23,122.7,ns,0.2602,ns,NA,NA,94.97,95.62,92.23,ns,0.1769,+,0.01034,-20.12,0.7494,0.6869,0.8319,ns,0.01702,ns,NA,NA,1018,531,487.5,ns,0.07285,-,-1.347,2771,1359,773,586,ns,0.2813,ns,NA,NA,0.4908,0.456,0.5366,ns,0.04703,ns,NA,NA,2.547,2.431,2.701,ns,0.02842,ns,NA,NA,0.3131,0.3018,0.3281,+,0.06155,ns,NA,NA,0.4368,0.4244,0.4532,ns,0.01702,-,-0.02215,48.68,7.215,6.652,6.375,ns,0.2813,ns,NA,NA,0.3393,0.3361,0.3435,ns,0.04703,-,-0.8646,1763,593.6,328,265.6,ns,0.2185,ns,NA,NA,1.065,1.041,1.097,ns,0.02842,ns,NA,NA,0.2509,0.2532,0.2478,-,0.06155,china_Equatorial,190007.96217282375,Equatorial
+,4.991,-9879,168.5,166.6,170.6,ns,0.2185,ns,NA,NA,85.36,93.7,75.8,ns,0.07285,ns,NA,NA,0.5545,0.5744,0.5354,ns,0.02361,ns,NA,NA,1436,729.4,706.7,ns,0.05203,ns,NA,NA,2590,1270,1320,ns,0.1353,ns,NA,NA,0.3652,0.3686,0.3618,-,0.05363,-,-0.04213,86.8,2.156,2.234,2.082,-,0.06472,ns,NA,NA,0.2591,0.2616,0.2566,ns,0.01569,-,-0.006917,14.28,0.3558,0.3725,0.3398,ns,0.02361,-,-0.08395,173,7.86,7.148,7.186,ns,0.1353,-,-0.003659,7.636,0.2792,0.2872,0.2715,-,0.05363,ns,NA,NA,921.6,473,448.5,ns,0.1353,-,-0.01119,23.43,0.9865,1.007,0.9671,-,0.06472,ns,NA,NA,0.2223,0.2248,0.2199,ns,0.01569,china_Polar,134741.5463447445,Polar
ns,NA,NA,91.6,94.82,86.68,ns,0.03122,-,-2.209,4546,113.6,118.6,105.3,ns,0.1561,-,-0.03737,77.81,2.922,3.132,2.65,-,0.01641,-,-510.7,1043000,445100,269200,175900,ns,0.3642,-,-74.78,158300,152300,85940,66400,ns,0.4059,ns,NA,NA,1.319,1.391,1.226,-,0.01695,-,-0.01481,33.57,3.736,3.772,3.689,-,0.01192,-,-0.001794,4.067,0.4811,0.5022,0.4537,-,0.01653,-,-0.003245,7.233,0.7329,0.7518,0.7085,-,0.01641,-,-0.01026,29.53,11.93,11.36,11.1,ns,0.4059,-,-0.002092,4.747,0.539,0.5544,0.5191,-,0.01695,-,-66.36,139200,111700,64600,47050,ns,0.4059,-,-0.002388,6.077,1.272,1.278,1.263,-,0.01192,-,-0.001409,3.145,0.3307,0.3394,0.3195,-,0.01653,colombia_Equatorial,52.85788599359435,Equatorial
ns,NA,NA,112.5,88.23,147.2,ns,0.1977,+,2.247,-4448,96.75,82.63,104.7,ns,0.3434,ns,NA,NA,0.9903,1.023,0.9468,ns,0.003792,-,-1.918,3919,1226,721.4,504.6,ns,0.01041,-,-2,4076,1238,705,533,ns,0.05209,ns,NA,NA,0.55,0.5685,0.5256,ns,0.004452,+,0.01554,-28.4,3.062,2.987,3.161,ns,0.02284,-,-0.002977,6.287,0.2941,0.3064,0.2778,ns,0.02946,ns,NA,NA,0.4989,0.5018,0.495,ns,0.003792,-,-0.03856,81.5,7.122,6.56,6.28,ns,0.05209,ns,NA,NA,0.3684,0.3742,0.3607,ns,0.004452,ns,NA,NA,617.6,353.8,263.8,ns,0.03122,ns,NA,NA,1.136,1.122,1.154,ns,0.02284,-,-0.002012,4.297,0.2471,0.2547,0.2371,ns,0.02946,colombia_Temperate,19190.51663181924,Temperate
ns,NA,NA,65.47,52.27,106.5,ns,0.02334,ns,NA,NA,81.99,67.98,105.5,ns,0.05258,-,-0.08484,171.4,1.656,1.875,1.215,ns,0.1241,-,-0.6833,1378,329.5,249.4,80.17,ns,0.3018,-,-0.5278,1067,199,133,66,ns,0.2092,-,-0.04584,92.81,0.9514,1.015,0.8229,-,0.1503,ns,NA,NA,3.724,3.714,3.742,ns,0.03273,ns,NA,NA,0.3961,0.4247,0.3383,-,0.2236,ns,NA,NA,0.6823,0.7455,0.5548,ns,0.1241,-,-0.08917,180.9,5.298,4.898,4.205,ns,0.2092,ns,NA,NA,0.5047,0.546,0.4213,-,0.1503,-,-0.3254,657.1,135.8,99.16,36.62,ns,0.2602,ns,NA,NA,1.274,1.289,1.244,ns,0.03273,ns,NA,NA,0.3029,0.324,0.2604,-,0.2236,colombia_Polar,71397.18955819472,Polar
NA,NA,NA,97,80.85,119.6,NA,NA,NA,NA,NA,70.24,21.37,123.9,NA,NA,NA,NA,NA,0.4319,0.6044,0.3088,NA,NA,NA,NA,NA,5.183,3.022,2.161,NA,NA,NA,NA,NA,12,5,7,NA,NA,NA,NA,NA,0.3578,0.4722,0.276,NA,NA,NA,NA,NA,1.5,2,1.143,NA,NA,NA,NA,NA,0.3095,0.3993,0.2453,NA,NA,NA,NA,NA,0.3414,0.4597,0.2568,NA,NA,NA,NA,NA,2.565,1.792,2.079,NA,NA,NA,NA,NA,0.2958,0.3772,0.2377,NA,NA,NA,NA,NA,4.096,2.299,1.798,NA,NA,NA,NA,NA,0.8523,0.994,0.7511,NA,NA,NA,NA,NA,0.2611,0.3218,0.2177,NA,NA,colombia_Arid,4539248.482094919,Arid
ns,NA,NA,178,178,178.1,ns,0.07285,-,-0.67490000000000006,1450,96.29,97.43,95.11,ns,0.2185,+,0.01474,-27.87,1.863,1.769,1.97,+,0.01699,ns,NA,NA,249400,126100,123300,ns,0.01041,ns,NA,NA,133900,71290,62580,ns,0.2707,+,0.005146,-9.463,0.8648,0.8271,0.9078,+,0.01739,ns,NA,NA,3.34,3.348,3.331,-,0.01101,ns,NA,NA,0.3671,0.3666,0.3676,+,0.01751,ns,NA,NA,0.587,0.5922,0.5812,-,0.01699,ns,NA,NA,11.8,11.17,11.04,ns,0.2707,ns,NA,NA,0.4221,0.4249,0.4188,-,0.01739,-,-13.63,32060,78590,42220,36370,ns,0.3018,ns,NA,NA,1.198,1.202,1.194,-,0.01101,ns,NA,NA,0.2738,0.2758,0.2715,-,0.01751,conus_ak_Temperate,775.2740180509917,Temperate
+,1.188,-2195,190.5,183.1,198.9,ns,0.385,ns,NA,NA,61.25,65.32,55.07,ns,0.3642,+,0.149,-296.5,4.577,4.246,5.022,ns,0.003212,ns,NA,NA,158100,84070,74060,ns,0.03122,-,-30.45,62910,34550,19800,14750,ns,0.4683,ns,NA,NA,2.374,2.207,2.597,ns,0.00445,-,-0.003688,10.4,2.994,3.027,2.95,-,0.01347,ns,NA,NA,0.7666,0.7433,0.7979,+,0.01746,ns,NA,NA,0.7204,0.7176,0.7242,ns,0.003212,-,-0.01699,41.6,10.45,9.893,9.599,ns,0.4683,ns,NA,NA,0.5563,0.552,0.562,ns,0.00445,ns,NA,NA,24890,14210,10680,ns,0.3434,-,-6.242e-4,2.432,1.18,1.188,1.171,-,0.01347,ns,NA,NA,0.3756,0.3716,0.381,+,0.01746,conus_ak_Arid,1222.6735857840245,Arid
ns,NA,NA,177.4,180.2,174.1,ns,0.05203,+,0.2587,-464.7,60.62,57.2,64.33,ns,0.07285,ns,NA,NA,2.612,2.652,2.567,-,0.01758,ns,NA,NA,229700,125300,104500,ns,0.03122,ns,NA,NA,87940,47240,40690,ns,0.1145,+,0.01583,-30.65,1.029,1.013,1.048,+,0.01929,ns,NA,NA,2.888,2.922,2.85,-,0.009594,+,0.004315,-8.2,0.4209,0.4172,0.4252,+,0.01298,ns,NA,NA,0.5683,0.57,0.5664,-,0.01758,ns,NA,NA,11.38,10.76,10.61,ns,0.1145,ns,NA,NA,0.4269,0.4265,0.4273,+,0.01929,ns,NA,NA,49970,26930,23050,ns,0.1769,ns,NA,NA,1.106,1.11,1.101,-,0.009594,ns,NA,NA,0.2931,0.2929,0.2933,+,0.01298,conus_ak_Boreal,841.626067923204,Boreal
ns,NA,NA,172.2,179,163.3,ns,0.1145,-,-0.4335,1007,137.4,139.9,133.5,ns,0.2393,ns,NA,NA,1.565,1.601,1.518,ns,0.002827,-,-23.8,49010,26100,14900,11200,ns,0.4059,-,-10.44,21820,16680,9303,7374,ns,0.4059,ns,NA,NA,0.6246,0.6328,0.6143,ns,0.006432,ns,NA,NA,4.365,4.389,4.334,ns,0.002,ns,NA,NA,0.2945,0.2969,0.2916,ns,0.008468,-,-0.001324,3.285,0.6388,0.6389,0.6388,ns,0.002827,-,-0.0125,31.82,9.722,9.138,8.906,ns,0.4059,ns,NA,NA,0.402,0.4025,0.4014,ns,0.006432,-,-7.898,16420,10650,5943,4710,ns,0.4059,ns,NA,NA,1.355,1.356,1.354,ns,0.002,ns,NA,NA,0.2445,0.245,0.2438,ns,0.008468,conus_ak_Equatorial,7408.869102252374,Equatorial
-,-1.802,3836,216.9,221.3,208.2,-,0.5099,+,1.384,-2761,24.16,20.09,28.74,+,0.614,-,-0.009281,19.18,0.5735,0.6217,0.4971,-,0.04675,-,-6.21,12580,2730,1814,915.6,ns,0.1561,-,-10.16,20610,4760,2918,1842,ns,0.07285,-,-0.007116,14.68,0.3869,0.4165,0.3401,-,0.06901,ns,NA,NA,2.039,2.061,2.003,ns,0.01842,-,-0.002965,6.24,0.275,0.2848,0.2594,-,0.08052,-,-0.003521,7.445,0.3733,0.3893,0.348,-,0.04675,-,-0.0611,128.4,8.468,7.979,7.519,ns,0.07285,-,-0.00321,6.753,0.2927,0.3048,0.2735,-,0.06901,-,-3.907,7958,1777,1136,641,ns,0.1353,ns,NA,NA,0.9713,0.9784,0.96,ns,0.01842,-,-0.001981,4.214,0.2339,0.2401,0.2242,-,0.08052,conus_ak_Polar,70826.80639235105,Polar
ns,NA,NA,108,113.8,103.7,ns,0.2393,ns,NA,NA,100.4,109.4,92.89,ns,0.2602,+,0.03283,-64.29,1.642,1.468,1.799,+,0.0831,+,18.24,-36390,7034,2987,4048,+,0.7597,+,3.563,-6969,4284,2034,2250,+,0.5724,+,0.02076,-40.28,1.489,1.399,1.57,+,0.07556,+,0.04474,-85.46,4.47,4.256,4.664,+,0.0574,+,0.005919,-11.22,0.6902,0.6686,0.7098,+,0.04775,+,0.008958,-17.32,0.6945,0.6495,0.7352,+,0.0831,+,0.01925,-33.55,8.363,7.618,7.719,+,0.5724,+,0.0086,-16.57,0.7465,0.7159,0.7742,+,0.07556,+,5.674,-11280,2975,1321,1654,+,0.6972,+,0.007492,-13.66,1.398,1.352,1.44,+,0.0574,+,0.002597,-4.73,0.4838,0.4741,0.4926,+,0.04775,costa_rica_Equatorial,149.99676098186748,Equatorial
NA,NA,NA,80.8,81.37,80.03,NA,NA,NA,NA,NA,15.68,15.65,16.28,NA,NA,NA,NA,NA,0.9088,0.8819,0.9483,NA,NA,NA,NA,NA,33.63,19.4,14.22,NA,NA,NA,NA,NA,37,22,15,NA,NA,NA,NA,NA,1.323,1.346,1.288,NA,NA,NA,NA,NA,2.622,2.455,2.867,NA,NA,NA,NA,NA,0.7702,0.7978,0.7296,NA,NA,NA,NA,NA,0.4535,0.428,0.4908,NA,NA,NA,NA,NA,3.638,3.135,2.773,NA,NA,NA,NA,NA,0.6973,0.6953,0.7003,NA,NA,NA,NA,NA,16.78,9.417,7.361,NA,NA,NA,NA,NA,1.066,1.041,1.102,NA,NA,NA,NA,NA,0.537,0.5442,0.5265,NA,NA,costa_rica_Temperate,31378.141681667,Temperate
NA,NA,NA,66,NA,66,NA,NA,NA,NA,NA,-0,NA,-0,NA,NA,NA,NA,NA,0.4321,NA,0.4321,NA,NA,NA,NA,NA,0.4321,0,0.4321,NA,NA,NA,NA,NA,1,0,1,NA,NA,NA,NA,NA,0.644,NA,0.644,NA,NA,NA,NA,NA,2,NA,2,NA,NA,NA,NA,NA,0.644,NA,0.644,NA,NA,NA,NA,NA,0.3591,NA,0.3591,NA,NA,NA,NA,NA,0.6931,0,0.6931,NA,NA,NA,NA,NA,0.4971,NA,0.4971,NA,NA,NA,NA,NA,0.3591,0,0.3591,NA,NA,NA,NA,NA,1.099,NA,1.099,NA,NA,NA,NA,NA,0.4971,NA,0.4971,NA,NA,costa_rica_Polar,2441830.8415983445,Polar
-,-5.876,11980,157.6,162.6,151,ns,0.4631,-,-4.345,8793,87.33,96.86,72.29,-,0.6976,ns,NA,NA,1.469,1.149,2.338,+,0.08728,ns,NA,NA,997.5,569.8,427.8,ns,0.1978,-,-1.225,2480,679,496,183,ns,0.3959,ns,NA,NA,3.477,3.184,4.269,+,0.08155,ns,NA,NA,3.532,3.425,3.82,+,0.08256,+,0.02907,-56.77,1.67,1.639,1.754,+,0.1344,ns,NA,NA,0.6191,0.5775,0.732,+,0.08728,-,-0.05953,123.3,6.522,6.209,5.215,ns,0.3959,ns,NA,NA,1.166,1.167,1.164,-,0.08155,ns,NA,NA,420.4,286.4,133.9,ns,0.3436,ns,NA,NA,1.243,1.217,1.312,+,0.08256,ns,NA,NA,0.8504,0.8615,0.8205,-,0.1344,croatia_Boreal,1126.4867424943236,Boreal
ns,NA,NA,210.2,212.9,206,ns,0.14,-,-2.238,4525,46.87,47.4,45.79,ns,0.3018,ns,NA,NA,2.796,2.394,3.767,+,0.1811,-,-1.148,2322,1068,646.3,421.9,ns,0.3434,-,-1.179,2382,382,270,112,ns,0.4586,ns,NA,NA,6.328,5.701,7.841,ns,0.1038,-,-0.03092,65.33,3.594,3.596,3.589,ns,0.04837,+,0.04807,-94.7,2.454,2.293,2.841,+,0.1347,ns,NA,NA,0.8423,0.7557,1.051,+,0.1811,-,-0.09458,193,5.948,5.602,4.727,ns,0.4586,ns,NA,NA,1.427,1.362,1.583,ns,0.1038,-,-0.5559,1125,321.7,204,117.7,ns,0.3434,ns,NA,NA,1.301,1.292,1.32,ns,0.04837,+,0.01316,-25.34,1.037,0.991,1.149,+,0.1347,croatia_Temperate,1051.9521660253324,Temperate
ns,NA,NA,193.2,167.4,213.1,ns,0.07285,ns,NA,NA,65.31,71.2,52.51,ns,0.05203,ns,NA,NA,0.5799,0.6501,0.5353,ns,0.03854,ns,NA,NA,314.9,137.2,177.7,ns,0.3018,ns,NA,NA,543,211,332,ns,0.3034,-,-0.03236,65.71,0.744,1.093,0.5224,-,0.2709,ns,NA,NA,2.376,2.336,2.401,ns,0.009798,-,-0.014,28.57,0.4757,0.6344,0.3748,-,0.3088,-,-0.004322,9.071,0.3805,0.398,0.3694,ns,0.03854,ns,NA,NA,6.299,5.357,5.808,ns,0.3034,-,-0.0193,39.33,0.4478,0.5609,0.376,-,0.2709,ns,NA,NA,206.6,83.98,122.6,ns,0.3018,ns,NA,NA,1.03,1.032,1.029,ns,0.009798,-,-0.009405,19.24,0.3506,0.4374,0.2954,-,0.3088,czech_republic_Boreal,5146.729726593606,Boreal
ns,NA,NA,176.4,177.8,174.7,ns,0.09366,ns,NA,NA,64.8,64.94,64.61,ns,0.1353,-,-0.01195,25.53,1.569,1.642,1.491,-,0.01097,-,-1203,2725000,6336000,3417000,2918000,-,0.5724,ns,NA,NA,4038000,2081000,1957000,ns,0.01041,-,-0.006265,13.46,0.8913,0.9437,0.8357,-,0.01569,ns,NA,NA,1.955,1.956,1.954,-,0.005906,-,-0.002429,5.351,0.4863,0.513,0.4579,-,0.01702,-,-0.001466,3.488,0.5434,0.555,0.531,-,0.01097,ns,NA,NA,15.21,14.55,14.49,ns,0.01041,-,-0.001609,3.671,0.4407,0.4519,0.4288,-,0.01569,-,-330.6,771800,2194000,1155000,1039000,ns,0.3434,ns,NA,NA,0.9611,0.9616,0.9605,-,0.005906,-,-0.001164,2.673,0.3382,0.3469,0.329,-,0.01702,democratic_republic_of_the_congo_Equatorial,7.6089921399918685,Equatorial
+,0.534,-863.3,206.3,204.9,207.8,ns,0.2393,-,-0.3076,656.9,38.63,39.25,37.83,ns,0.2185,ns,NA,NA,1.779,1.803,1.753,-,0.006051,-,-147,331900,714600,383700,330900,ns,0.3018,ns,NA,NA,401600,212900,188700,ns,0.03122,ns,NA,NA,0.9891,1.012,0.963,-,0.00558,+,0.002292,-2.223,2.334,2.31,2.361,ns,9.983e-4,ns,NA,NA,0.5162,0.5365,0.4932,-,0.00685,ns,NA,NA,0.6386,0.6419,0.6349,-,0.006051,ns,NA,NA,12.9,12.27,12.15,ns,0.03122,ns,NA,NA,0.499,0.5039,0.4935,-,0.00558,-,-40.52,94160,256400,136600,119800,ns,0.1353,ns,NA,NA,1.059,1.053,1.064,ns,9.983e-4,ns,NA,NA,0.3605,0.3661,0.3541,-,0.00685,democratic_republic_of_the_congo_Temperate,67.46325041107882,Temperate
NA,NA,NA,195.3,193.7,208,NA,NA,NA,NA,NA,35.38,35.91,28.36,NA,NA,NA,NA,NA,1.466,1.533,1.088,NA,NA,NA,NA,NA,252.1,223.8,28.3,NA,NA,NA,NA,NA,172,146,26,NA,NA,NA,NA,NA,1.34,1.406,0.9742,NA,NA,NA,NA,NA,3.988,4.116,3.269,NA,NA,NA,NA,NA,0.5654,0.5783,0.4927,NA,NA,NA,NA,NA,0.5905,0.613,0.4637,NA,NA,NA,NA,NA,5.153,4.99,3.296,NA,NA,NA,NA,NA,0.6437,0.6582,0.5621,NA,NA,NA,NA,NA,101.6,89.5,12.06,NA,NA,NA,NA,NA,1.275,1.299,1.139,NA,NA,NA,NA,NA,0.4187,0.424,0.3891,NA,NA,denmark_Temperate,3474.710143966124,Temperate
NA,NA,NA,207.2,206.8,212.5,NA,NA,NA,NA,NA,12.97,12.28,19.91,NA,NA,NA,NA,NA,1.306,1.342,0.9532,NA,NA,NA,NA,NA,265.1,247,18.11,NA,NA,NA,NA,NA,203,184,19,NA,NA,NA,NA,NA,1.225,1.24,1.073,NA,NA,NA,NA,NA,4.099,4.201,3.105,NA,NA,NA,NA,NA,0.6123,0.6101,0.6342,NA,NA,NA,NA,NA,0.6017,0.6096,0.5254,NA,NA,NA,NA,NA,5.318,5.22,2.996,NA,NA,NA,NA,NA,0.6725,0.6769,0.6303,NA,NA,NA,NA,NA,122.2,112.2,9.982,NA,NA,NA,NA,NA,1.306,1.321,1.163,NA,NA,NA,NA,NA,0.4476,0.4452,0.4716,NA,NA,denmark_Boreal,3303.630047833268,Boreal
NA,NA,NA,155.8,163.9,154,NA,NA,NA,NA,NA,34.32,16.54,37.32,NA,NA,NA,NA,NA,0.863,0.494,1.035,NA,NA,NA,NA,NA,18.99,3.458,15.53,NA,NA,NA,NA,NA,22,7,15,NA,NA,NA,NA,NA,0.6049,0.3987,0.7012,NA,NA,NA,NA,NA,1.773,1.714,1.8,NA,NA,NA,NA,NA,0.4768,0.2607,0.5777,NA,NA,NA,NA,NA,0.5354,0.3734,0.611,NA,NA,NA,NA,NA,3.135,2.079,2.773,NA,NA,NA,NA,NA,0.4368,0.3173,0.4925,NA,NA,NA,NA,NA,11.78,2.614,9.166,NA,NA,NA,NA,NA,0.9476,0.9491,0.9469,NA,NA,NA,NA,NA,0.3613,0.2298,0.4227,NA,NA,djibouti_Arid,23606.18381263478,Arid
ns,NA,NA,257.8,258.5,256.2,ns,0.09335,-,-0.7152,1459,26.97,28.86,21.83,-,0.5099,ns,NA,NA,1.065,1.089,1.012,ns,0.03444,-,-7.144,14470,2049,1439,610.5,ns,0.281,-,-5.144,10450,1925,1322,603,ns,0.2602,ns,NA,NA,0.5461,0.5578,0.5204,ns,0.01858,ns,NA,NA,3.214,3.169,3.31,ns,0.01846,-,-0.00173,3.767,0.303,0.3057,0.2969,ns,0.007461,ns,NA,NA,0.5373,0.5342,0.544,ns,0.03444,-,-0.06043,126,7.563,7.188,6.404,ns,0.2602,ns,NA,NA,0.3752,0.376,0.3735,ns,0.01858,-,-2.617,5308,1034,706.2,328,ns,0.2185,ns,NA,NA,1.202,1.193,1.22,ns,0.01846,-,-7.099e-4,1.679,0.2518,0.2525,0.2504,ns,0.007461,east_timor_Equatorial,151.3382625665393,Equatorial
NA,NA,NA,285.6,274.9,286,NA,NA,NA,NA,NA,12.92,34.18,11.85,NA,NA,NA,NA,NA,1.352,0.647,1.412,NA,NA,NA,NA,NA,68.94,2.588,66.35,NA,NA,NA,NA,NA,51,4,47,NA,NA,NA,NA,NA,0.5977,0.483,0.6074,NA,NA,NA,NA,NA,3.412,2.25,3.511,NA,NA,NA,NA,NA,0.3025,0.2415,0.3077,NA,NA,NA,NA,NA,0.5624,0.4165,0.5748,NA,NA,NA,NA,NA,3.951,1.609,3.871,NA,NA,NA,NA,NA,0.3821,0.3528,0.3846,NA,NA,NA,NA,NA,28.68,1.666,27.02,NA,NA,NA,NA,NA,1.16,1.006,1.173,NA,NA,NA,NA,NA,0.2527,0.21560000000000001,0.2559,NA,NA,east_timor_Temperate,4499.3655547252,Temperate
ns,NA,NA,254.2,260.4,249.1,ns,0.04668,+,0.6033,-1194,30.02,36.99,21.41,ns,0.177,ns,NA,NA,1.51,1.245,1.833,ns,0.02848,ns,NA,NA,1081,489.2,592.1,ns,0.2602,ns,NA,NA,716,393,323,ns,0.1874,ns,NA,NA,0.733,0.7008,0.7722,ns,0.02624,+,0.0664,-130.3,3.501,3.242,3.817,ns,0.02161,ns,NA,NA,0.3222,0.3158,0.3301,ns,0.007781,ns,NA,NA,0.5926,0.5697,0.6205,ns,0.02848,ns,NA,NA,6.575,5.976,5.781,ns,0.1874,ns,NA,NA,0.4249,0.4194,0.4316,ns,0.02624,ns,NA,NA,424.3,223.9,200.4,ns,0.1769,+,0.01808,-35.2,1.227,1.198,1.263,ns,0.02161,ns,NA,NA,0.2617,0.2593,0.2646,ns,0.007781,ecuador_Temperate,4882.053665029433,Temperate
ns,NA,NA,249.2,247.7,250.5,ns,0.09335,ns,NA,NA,29.44,34.14,24.7,ns,0.2499,ns,NA,NA,1.242,1.197,1.284,ns,0.01814,ns,NA,NA,477,220.2,256.8,ns,0.1561,ns,NA,NA,384,184,200,ns,0.2085,ns,NA,NA,0.6188,0.5915,0.644,ns,0.04248,ns,NA,NA,3.453,3.304,3.59,ns,0.06555,ns,NA,NA,0.3009,0.3221,0.2815,ns,0.0861,ns,NA,NA,0.571,0.5654,0.5761,ns,0.01814,ns,NA,NA,5.953,5.22,5.303,ns,0.2085,ns,NA,NA,0.4062,0.4022,0.4098,ns,0.04248,ns,NA,NA,219.3,104,115.2,ns,0.1353,ns,NA,NA,1.219,1.181,1.254,ns,0.06555,ns,NA,NA,0.2527,0.267,0.2394,ns,0.0861,ecuador_Polar,11068.581107371354,Polar
ns,NA,NA,304.9,304.1,305.9,ns,0.09366,ns,NA,NA,56.19,58,53.69,ns,0.2185,ns,NA,NA,0.9339,0.9194,0.954,ns,0.013,ns,NA,NA,2720,1555,1165,ns,0.03122,ns,NA,NA,2912,1691,1221,ns,0.1249,ns,NA,NA,0.5234,0.5172,0.532,ns,0.00678,ns,NA,NA,2.612,2.556,2.69,ns,0.02998,ns,NA,NA,0.2945,0.2949,0.294,ns,0.01181,+,0.001864,-3.322,0.4402,0.4372,0.4444,ns,0.013,ns,NA,NA,7.977,7.434,7.108,ns,0.1249,+,7.749e-4,-1.226,0.3411,0.341,0.3413,ns,0.00678,ns,NA,NA,1282,739.4,542.6,ns,0.1145,+,0.004881,-8.763,1.06,1.049,1.076,ns,0.02998,+,8.892e-4,-1.539,0.2452,0.2457,0.2444,ns,0.01181,ecuador_Equatorial,1941.241103763568,Equatorial
ns,NA,NA,319.9,319.9,319.9,ns,0.07001,ns,NA,NA,45.73,61.4,35.62,ns,0.1977,ns,NA,NA,2.475,1.591,3.415,ns,0.0132,ns,NA,NA,485.1,160.7,324.4,ns,0.1561,ns,NA,NA,196,101,95,ns,0.1046,ns,NA,NA,0.9999,0.882,1.125,ns,6.841e-4,ns,NA,NA,3.403,3.416,3.389,ns,0.01577,ns,NA,NA,0.4142,0.4066,0.4223,ns,0.02076,ns,NA,NA,0.6181,0.6138,0.6227,ns,0.0132,ns,NA,NA,5.283,4.625,4.564,ns,0.1046,ns,NA,NA,0.4638,0.461,0.4667,ns,6.841e-4,ns,NA,NA,121.1,61.99,59.15,ns,0.07285,ns,NA,NA,1.175,1.184,1.165,ns,0.01577,ns,NA,NA,0.2994,0.2985,0.3004,ns,0.02076,ecuador_Arid,10883.547994419436,Arid
-,-1.119,2509,248.4,260.5,239.4,-,0.4891,+,1.197,-2384,37.64,18.28,45.06,ns,0.3642,ns,NA,NA,1.637,1.593,1.671,ns,0.01419,ns,NA,NA,7767,3308,4458,ns,0.1977,ns,NA,NA,4745,2077,2668,ns,0.1769,+,0.01001,-19.65,0.543,0.4947,0.5805,+,0.03992,-,-0.06386,131.9,3.541,3.781,3.355,ns,0.01422,+,0.003935,-7.663,0.2869,0.2584,0.3091,+,0.07447,ns,NA,NA,0.5271,0.5181,0.5342,ns,0.01419,ns,NA,NA,8.465,7.639,7.889,ns,0.1769,ns,NA,NA,0.3437,0.3265,0.3571,+,0.03992,ns,NA,NA,2501,1076,1425,ns,0.1977,-,-0.005503,12.25,1.192,1.212,1.176,ns,0.01422,+,0.002058,-3.922,0.2356,0.2195,0.2482,+,0.07447,egypt_Arid,2668.2986584585597,Arid
ns,NA,NA,111.8,124.9,106.8,ns,0.07285,-,-1.879,3897,109.2,124.1,102.5,ns,0.3018,+,0.01761,-34.36,1.228,0.9943,1.35,+,0.05424,+,5.102,-10190,1988,552.8,1435,+,0.6348,+,5.5,-11000,1619,556,1063,+,0.6143,+,0.03677,-71.85,2.437,2.039,2.645,+,0.06433,ns,NA,NA,3.858,3.737,3.921,ns,0.04421,+,0.009342,-17.6,1.233,1.125,1.29,+,0.07428,+,0.005982,-11.42,0.6178,0.5598,0.6482,+,0.05424,+,0.07068,-138.2,7.39,6.323,6.97,+,0.6143,+,0.006214,-11.47,1.033,0.9724,1.065,+,0.06433,+,3.049,-6092,1000,311.3,689,+,0.614,+,0.008869,-16.52,1.333,1.3,1.351,ns,0.04421,+,0.002795,-4.922,0.74,0.7039,0.7588,+,0.07428,el_salvador_Equatorial,210.0711238204288,Equatorial
NA,NA,NA,142.5,119.3,172.7,NA,NA,NA,NA,NA,92.19,81.22,125.7,NA,NA,NA,NA,NA,0.6194,0.6992,0.5397,NA,NA,NA,NA,NA,4.955,2.797,2.159,NA,NA,NA,NA,NA,8,4,4,NA,NA,NA,NA,NA,2.254,2.308,2.2,NA,NA,NA,NA,NA,2.25,2.5,2,NA,NA,NA,NA,NA,1.344,1.311,1.377,NA,NA,NA,NA,NA,0.4336,0.4558,0.4114,NA,NA,NA,NA,NA,2.197,1.609,1.609,NA,NA,NA,NA,NA,1.038,1.056,1.02,NA,NA,NA,NA,NA,3.469,1.823,1.646,NA,NA,NA,NA,NA,1.04,1.04,1.04,NA,NA,NA,NA,NA,0.8103,0.8099,0.8106,NA,NA,el_salvador_Temperate,84286.68220499236,Temperate
NA,NA,NA,108.9,148.6,93.32,NA,NA,NA,NA,NA,84.49,126.9,75.64,NA,NA,NA,NA,NA,0.2884,0.2164,0.3316,NA,NA,NA,NA,NA,6.922,1.948,4.974,NA,NA,NA,NA,NA,24,9,15,NA,NA,NA,NA,NA,0.2862,0.2385,0.3148,NA,NA,NA,NA,NA,1.083,1,1.133,NA,NA,NA,NA,NA,0.2832,0.2385,0.3101,NA,NA,NA,NA,NA,0.2464,0.1924,0.2789,NA,NA,NA,NA,NA,3.219,2.303,2.773,NA,NA,NA,NA,NA,0.2461,0.2125,0.2662,NA,NA,NA,NA,NA,5.914,1.731,4.183,NA,NA,NA,NA,NA,0.722,0.6931,0.7394,NA,NA,NA,NA,NA,0.2436,0.2125,0.2622,NA,NA,equatorial_guinea_Equatorial,79479.61037896237,Equatorial
-,-2.898,6002,191.7,210.8,151.1,ns,0.3226,ns,NA,NA,130,128.8,123.2,ns,0.07285,-,-0.1066,217.9,3.878,4.126,3.437,ns,0.007918,-,-11.24,22790,8469,5760,2708,ns,0.3226,ns,NA,NA,2184,1396,788,ns,0.1354,-,-0.04141,85.67,3.302,3.701,2.596,ns,0.04412,ns,NA,NA,2.641,2.679,2.574,ns,0.02328,-,-0.01923,39.74,1.365,1.48,1.161,ns,0.04325,-,-0.009161,19.37,0.9336,0.9468,0.9103,ns,0.007918,ns,NA,NA,7.689,7.242,6.671,ns,0.1354,ns,NA,NA,0.877,0.8923,0.8499,ns,0.04412,ns,NA,NA,2039,1322,717.3,ns,0.281,ns,NA,NA,1.139,1.139,1.138,ns,0.02328,ns,NA,NA,0.6254,0.6366,0.6056,ns,0.04325,eritrea_Arid,301.57099831797893,Arid
ns,NA,NA,249.2,261.8,202.9,ns,0.09335,ns,NA,NA,119.7,112,134.8,ns,0.2707,ns,NA,NA,4.337,4.399,4.125,ns,0.00619,-,-1.436,2908,1306,1025,280.5,ns,0.3018,-,-0.5,1010,301,233,68,ns,0.45,ns,NA,NA,2.597,2.723,2.162,ns,0.04164,ns,NA,NA,2.724,2.648,2.985,ns,0.05614,ns,NA,NA,1.197,1.241,1.048,ns,0.03569,ns,NA,NA,1.142,1.133,1.173,ns,0.00619,-,-0.05792,118.7,5.71,5.455,4.234,ns,0.45,ns,NA,NA,0.9285,0.9438,0.8762,ns,0.04164,-,-0.5508,1115,343.7,263.9,79.76,ns,0.3226,ns,NA,NA,1.191,1.172,1.256,ns,0.05614,ns,NA,NA,0.6457,0.6569,0.6075,ns,0.03569,eritrea_Equatorial,1956.148014109133,Equatorial
+,5.131,-10170,138.6,132.2,169.3,ns,0.4102,+,1.856,-3712,57.2,52.83,67.72,ns,0.2419,ns,NA,NA,0.9283,1.007,0.6731,ns,0.03538,ns,NA,NA,176.4,146.1,30.29,ns,0.09371,ns,NA,NA,190,145,45,ns,0.09494,ns,NA,NA,1.496,1.642,1.026,ns,0.1308,ns,NA,NA,2.621,2.676,2.444,ns,0.05685,ns,NA,NA,0.7425,0.7996,0.5588,-,0.1954,ns,NA,NA,0.4844,0.5113,0.3977,ns,0.03538,ns,NA,NA,5.252,4.984,3.829,ns,0.09494,ns,NA,NA,0.6835,0.7188,0.5699,ns,0.1308,ns,NA,NA,92.04,74.14,17.9,ns,0.05206,ns,NA,NA,1.062,1.064,1.054,ns,0.05685,ns,NA,NA,0.5034,0.527,0.4273,-,0.1954,estonia_Boreal,5321.507661085765,Boreal
ns,NA,NA,219.9,221.1,218.1,ns,0.09366,ns,NA,NA,38.15,37.55,38.93,ns,0.1353,-,-0.009417,20.19,1.193,1.264,1.104,-,0.0404,-,-30.32,61580,14470,8537,5932,ns,0.3226,ns,NA,NA,12130,6754,5375,ns,0.1561,-,-0.004376,9.655,0.8371,0.8809,0.782,-,0.03136,-,-0.01571,33.7,2.08,2.093,2.064,-,0.02277,-,-0.001994,4.514,0.4875,0.5087,0.4609,-,0.03143,-,-0.003169,6.925,0.5526,0.5674,0.5341,-,0.0404,ns,NA,NA,9.403,8.818,8.59,ns,0.1561,ns,NA,NA,0.4649,0.4769,0.4498,-,0.03136,-,-10.48,21420,6703,3832,2871,ns,0.3018,-,-0.002697,6.454,1.015,1.017,1.012,-,0.02277,-,-7.141e-4,1.796,0.3512,0.3605,0.3396,-,0.03143,eswatini_Temperate,24.251145079623623,Temperate
ns,NA,NA,224.6,228,221.7,ns,0.09366,ns,NA,NA,51.64,49.61,53.24,ns,0.01041,ns,NA,NA,0.7208,0.7453,0.7001,ns,2.566e-4,+,1.7,-3344,1647,778.9,868.2,ns,0.3226,+,5.2,-10330,2285,1045,1240,ns,0.3642,ns,NA,NA,0.4939,0.5269,0.4662,ns,0.01496,ns,NA,NA,1.771,1.761,1.779,ns,0.001703,ns,NA,NA,0.3505,0.3647,0.3385,ns,0.03175,ns,NA,NA,0.4118,0.4266,0.3992,ns,2.566e-4,+,0.04126,-78.22,7.735,6.953,7.124,ns,0.3642,ns,NA,NA,0.3332,0.3494,0.3196,ns,0.01496,+,1.713,-3387,940.9,445.8,495,ns,0.3226,ns,NA,NA,0.9327,0.9316,0.9337,ns,0.001703,-,-0.001208,2.709,0.2757,0.2849,0.268,ns,0.03175,eswatini_Arid,213.0291851089747,Arid
ns,NA,NA,214.9,229.3,195.1,ns,0.09366,ns,NA,NA,115.2,112.7,115.6,ns,0.05203,-,-0.05896,120.3,1.9,2.248,1.566,-,0.04123,-,-17,35360,30330,17570,12760,ns,0.1769,ns,NA,NA,15960,7813,8152,ns,0.1145,-,-0.01372,28.57,1.098,1.224,0.9776,-,0.01928,-,-0.005224,12.39,1.939,1.961,1.919,ns,0.01405,-,-0.00598,12.57,0.589,0.6393,0.5408,ns,0.01489,-,-0.004634,9.881,0.5828,0.6003,0.5661,-,0.04123,ns,NA,NA,9.678,8.964,9.006,ns,0.1145,-,-0.002687,5.877,0.4834,0.4969,0.4704,-,0.01928,ns,NA,NA,9305,4690,4615,ns,0.1353,-,-0.001644,4.269,0.9631,0.9677,0.9587,ns,0.01405,-,-0.00182,4.012,0.3756,0.3874,0.3643,ns,0.01489,ethiopia_Arid,770.5062746029076,Arid
-,-0.9743,2118,145.3,156,130.1,ns,0.4059,ns,NA,NA,141.4,142.7,138.1,ns,0.1353,-,-0.05982,123.4,3.009,3.204,2.77,-,0.01554,-,-906.9,1881000,1234000,722100,511900,ns,0.4267,ns,NA,NA,410200,225400,184800,ns,0.09366,-,-0.02864,59.12,1.553,1.665,1.416,-,0.02116,-,-0.004633,11.55,2.206,2.201,2.211,+,0.00553,-,-0.009447,19.69,0.7072,0.7513,0.6534,-,0.02419,-,-0.00354,7.837,0.7019,0.7186,0.6814,-,0.01554,ns,NA,NA,12.92,12.33,12.13,ns,0.09366,-,-0.003471,7.556,0.5693,0.586,0.5489,-,0.02116,ns,NA,NA,287900,162000,125900,ns,0.1561,-,-6.903e-4,2.407,1.022,1.021,1.023,+,0.00553,-,-0.002801,6.045,0.421,0.4343,0.4049,-,0.02419,ethiopia_Equatorial,18.93824047842395,Equatorial
ns,NA,NA,71.15,75.54,65.43,ns,0.3226,-,-0.5701,1215,73.36,81.05,61.44,ns,0.4683,ns,NA,NA,1.218,1.247,1.183,ns,0.002078,-,-19.86,40570,14070,7968,6106,ns,0.4267,-,-8.562,17740,11550,6390,5162,ns,0.3642,-,-0.004636,10.02,0.7176,0.7433,0.6859,ns,0.01275,ns,NA,NA,1.861,1.862,1.86,ns,0.009863,-,-0.001995,4.443,0.447,0.4637,0.4263,-,0.02,-,-0.003113,6.776,0.52,0.5313,0.5059,ns,0.002078,-,-0.01519,36.89,9.355,8.763,8.549,ns,0.3642,-,-0.002035,4.502,0.419,0.4296,0.4058,ns,0.01275,-,-3.953,8239,6007,3395,2612,ns,0.385,ns,NA,NA,0.9475,0.946,0.9494,ns,0.009863,-,-0.001346,3.032,0.3305,0.3394,0.3196,-,0.02,ethiopia_Temperate,1660.4827159677754,Temperate
-,-1.234,2546,65.97,70.74,64.09,ns,0.09909,ns,NA,NA,23.56,38.26,13.64,ns,0.1633,ns,NA,NA,1.423,1.454,1.411,ns,0.04943,+,0.5511,-1100,771.3,218.2,553.2,ns,0.098,+,0.5,-998.5,542,150,392,ns,0.09806,ns,NA,NA,0.8729,0.8887,0.8668,ns,0.04775,ns,NA,NA,2.031,2.12,1.997,ns,0.05737,ns,NA,NA,0.4973,0.5041,0.4947,ns,0.02924,ns,NA,NA,0.6005,0.618,0.5939,ns,0.04943,+,0.03708,-72.85,6.297,5.017,5.974,ns,0.09806,ns,NA,NA,0.4785,0.4879,0.4748,ns,0.04775,ns,NA,NA,325.5,92.7,232.8,ns,0.098,ns,NA,NA,0.9946,1.023,0.9838,ns,0.05737,ns,NA,NA,0.3592,0.3602,0.3588,ns,0.02924,ethiopia_Polar,30298.456080237847,Polar
ns,NA,NA,110.8,110.5,111.6,ns,0.2415,ns,NA,NA,36.75,36.77,36.83,ns,0.1464,ns,NA,NA,0.9987,0.9372,1.166,ns,0.08028,ns,NA,NA,420.5,288.7,131.8,ns,0.3557,-,-1.5,3035,421,308,113,ns,0.4291,+,0.01673,-32.92,0.9402,0.8356,1.225,ns,0.07346,+,0.09778,-194.4,2.397,2.179,2.991,+,0.1774,ns,NA,NA,0.5225,0.5052,0.5698,ns,0.02675,ns,NA,NA,0.5149,0.4931,0.5743,ns,0.08028,-,-0.103,210,6.045,5.733,4.736,ns,0.4291,+,0.01057,-20.78,0.4786,0.4562,0.5395,ns,0.07346,-,-0.5862,1185,216.8,151.9,64.89,ns,0.3557,+,0.01834,-35.85,1.051,1.002,1.184,+,0.1774,ns,NA,NA,0.3609,0.3581,0.3685,ns,0.02675,finland_Boreal,16230.922737541994,Boreal
-,-4.024,8272,174.9,194.4,131.6,ns,0.1561,+,2.126,-4219,73.06,56,86.74,ns,0.2393,ns,NA,NA,1.303,1.359,1.194,-,0.04456,-,-24.74,50050,6938,4787,2151,ns,0.4059,-,-11.33,23010,5324,3523,1801,ns,0.4267,-,-0.02193,44.77,0.9185,0.9877,0.7832,ns,0.02496,-,-0.03727,78.06,3.146,3.185,3.069,ns,0.003465,-,-0.008436,17.4,0.4602,0.489,0.4039,ns,0.01822,ns,NA,NA,0.5447,0.5466,0.541,-,0.04452,-,-0.05261,111.2,8.58,8.167,7.497,ns,0.4267,-,-0.007324,15.16,0.4843,0.5023,0.4491,ns,0.02496,-,-7.567,15320,2900,1926,974.3,ns,0.3642,ns,NA,NA,1.167,1.17,1.163,ns,0.003465,-,-0.004917,10.21,0.3338,0.3471,0.3078,ns,0.01822,france_Temperate,1890.115428665525,Temperate
ns,NA,NA,106.5,103.1,110.6,ns,0.09366,-,-3.656,7379,93.38,89.87,97.81,ns,0.2811,ns,NA,NA,0.7514,0.8701,0.6433,ns,0.01445,ns,NA,NA,225.4,124.4,101,ns,0.1145,ns,NA,NA,300,143,157,ns,0.01042,ns,NA,NA,0.6984,0.8872,0.5264,ns,0.05711,ns,NA,NA,2.453,2.427,2.478,ns,0.0271,ns,NA,NA,0.4053,0.4284,0.3842,ns,0.07057,ns,NA,NA,0.4346,0.4473,0.4231,ns,0.01466,ns,NA,NA,5.707,4.97,5.063,ns,0.01042,ns,NA,NA,0.3975,0.4134,0.3831,ns,0.05711,ns,NA,NA,130.4,63.96,66.43,ns,0.03122,ns,NA,NA,1.059,1.048,1.069,ns,0.0271,ns,NA,NA,0.3048,0.3055,0.3041,ns,0.07057,france_Boreal,58173.92020231219,Boreal
NA,NA,NA,179.6,184,177.3,NA,NA,NA,NA,NA,109.2,-0,NA,NA,NA,NA,NA,NA,0.2647,0.2292,0.2884,NA,NA,NA,NA,NA,1.323,0.4584,0.8651,NA,NA,NA,NA,NA,5,2,3,NA,NA,NA,NA,NA,0.5581,0.322,0.7155,NA,NA,NA,NA,NA,1.8,3,1,NA,NA,NA,NA,NA,0.5066,0.1932,0.7155,NA,NA,NA,NA,NA,0.2272,0.1925,0.2504,NA,NA,NA,NA,NA,1.792,1.099,1.386,NA,NA,NA,NA,NA,0.4187,0.2758,0.514,NA,NA,NA,NA,NA,1.136,0.3851,0.7511,NA,NA,NA,NA,NA,0.9129,1.242,0.6931,NA,NA,NA,NA,NA,0.379,0.1765,0.514,NA,NA,france_Polar,9908094.54605152,Polar
NA,NA,NA,210.7,205.2,215.4,NA,NA,NA,NA,NA,13.81,4.221,17.08,NA,NA,NA,NA,NA,6.666,8.098,5.806,NA,NA,NA,NA,NA,53.33,24.29,29.03,NA,NA,NA,NA,NA,8,3,5,NA,NA,NA,NA,NA,3.864,3.506,4.079,NA,NA,NA,NA,NA,3.125,3.333,3,NA,NA,NA,NA,NA,1.564,1.589,1.548,NA,NA,NA,NA,NA,1.322,1.535,1.194,NA,NA,NA,NA,NA,2.197,1.386,1.792,NA,NA,NA,NA,NA,1.085,1.17,1.034,NA,NA,NA,NA,NA,10.57,4.604,5.969,NA,NA,NA,NA,NA,1.278,1.29,1.271,NA,NA,NA,NA,NA,0.7821,0.8613,0.7346,NA,NA,france_Arid,245910.46171006383,Arid
+,0.985,-1796,183.1,179.2,187,+,0.6556,-,-1.05,2157,45.65,51.18,39,-,0.7389,+,0.01633,-31.49,1.385,1.323,1.452,ns,0.008149,ns,NA,NA,71420,35610,35810,ns,0.1353,ns,NA,NA,51580,26920,24660,ns,0.1353,+,0.0104,-19.99,0.9462,0.9176,0.9775,ns,0.005653,ns,NA,NA,1.658,1.662,1.654,ns,0.0015790000000000001,+,0.001987,-3.461,0.5274,0.5213,0.534,ns,0.004229,+,8.112e-4,-1.144,0.4859,0.4844,0.4875,ns,0.00815,ns,NA,NA,10.85,10.2,10.11,ns,0.1353,+,3.438e-4,-0.275,0.4298,0.4286,0.4311,ns,0.005653,ns,NA,NA,25060,13040,12020,ns,0.1145,ns,NA,NA,0.8818,0.8834,0.8801,ns,0.0015790000000000001,ns,NA,NA,0.3508,0.3504,0.3513,ns,0.004229,gabon_Equatorial,75.36682346780928,Equatorial
-,-0.7289,1555,92.69,96.98,85.4,ns,0.281,ns,NA,NA,91.75,93.7,87.86,ns,0.09366,ns,NA,NA,4.493,4.525,4.44,ns,0.008864,-,-72.22,146800,31980,20120,11860,-,0.7389,-,-15.47,31520,7117,4447,2670,-,0.7597,ns,NA,NA,3.04,3.064,3,ns,0.01692,ns,NA,NA,4.469,4.474,4.462,ns,9.947e-5,+,0.002828,-4.824,0.9385,0.9506,0.9184,-,0.0297,ns,NA,NA,1.036,1.033,1.041,ns,0.008864,-,-0.04556,97.51,8.87,8.4,7.89,-,0.7597,ns,NA,NA,0.892,0.8865,0.9013,ns,0.01692,-,-18.63,37850,7372,4592,2780,-,0.7597,ns,NA,NA,1.445,1.442,1.451,ns,9.947e-5,+,0.002009,-3.545,0.5214,0.5181,0.527,+,0.0297,gambia_Equatorial,6.659727349043051,Equatorial
-,-5.792,11790,140,157.2,107.8,-,0.7597,-,-2.968,6085,121.3,128.5,98.95,-,0.718,ns,NA,NA,3.5,3.703,3.175,ns,0.005446,-,-30.25,61570,17050,11110,5934,-,0.6556,-,-6.575,13440,4870,3001,1869,-,0.5622,ns,NA,NA,2.32,2.448,2.114,ns,0.006179,ns,NA,NA,4.003,4.03,3.959,ns,0.01561,ns,NA,NA,0.8159,0.8425,0.7733,ns,0.005536,ns,NA,NA,0.9631,0.968,0.9552,ns,0.005446,-,-0.03077,67.33,8.491,8.007,7.534,-,0.5622,ns,NA,NA,0.8171,0.823,0.8078,ns,0.006179,-,-7.565,15460,4690,2905,1785,-,0.5307,ns,NA,NA,1.375,1.377,1.372,ns,0.01561,ns,NA,NA,0.4914,0.4943,0.4867,ns,0.005536,gambia_Arid,12.4927762868387,Arid
ns,NA,NA,238.3,241.4,231.7,ns,0.1769,+,1.738,-3460,62.5,55.74,74.79,ns,0.281,ns,NA,NA,1.537,1.624,1.376,ns,0.09319,ns,NA,NA,776,531.1,244.9,ns,0.3434,ns,NA,NA,505,327,178,ns,0.1458,ns,NA,NA,0.8714,0.9026,0.814,ns,0.08837,-,-0.1214,247.2,3.113,3.33,2.713,-,0.1214,ns,NA,NA,0.4283,0.4416,0.4039,ns,0.04502,-,-0.01056,21.74,0.6504,0.6871,0.5828,ns,0.09319,ns,NA,NA,6.227,5.793,5.187,ns,0.1458,ns,NA,NA,0.4916,0.512,0.4542,ns,0.08837,ns,NA,NA,328.4,224.7,103.7,ns,0.2602,-,-0.0243,50.04,1.193,1.238,1.111,-,0.1214,ns,NA,NA,0.3212,0.3281,0.3085,ns,0.04502,georgia_Boreal,1844.2468655768448,Boreal
+,1.791,-3444,178.5,183.3,175,ns,0.05203,ns,NA,NA,74.98,73.67,75.75,ns,0.05203,+,0.1175,-233.7,3.2,2.354,4.329,ns,0.009331,+,4.962,-9922,3056,1285,1771,ns,0.2602,ns,NA,NA,955,546,409,ns,0.06247,+,0.0385,-76,1.524,1.296,1.828,ns,0.02576,ns,NA,NA,3.573,3.377,3.834,ns,0.03088,+,0.008839,-17.25,0.5822,0.5564,0.6166,ns,0.06224,+,0.01249,-24.31,0.8007,0.7563,0.86,ns,0.009331,ns,NA,NA,6.863,6.304,6.016,ns,0.06247,ns,NA,NA,0.6163,0.5862,0.6565,ns,0.02576,ns,NA,NA,764.7,412.9,351.7,ns,0.05203,ns,NA,NA,1.261,1.233,1.299,ns,0.03088,+,0.003645,-6.939,0.3849,0.3724,0.4017,ns,0.06224,georgia_Temperate,468.31789396507537,Temperate
NA,NA,NA,208.5,203.7,233.5,NA,NA,NA,NA,NA,25.07,22.19,24.55,NA,NA,NA,NA,NA,2.76,2.777,2.679,NA,NA,NA,NA,NA,265,222.1,42.86,NA,NA,NA,NA,NA,96,80,16,NA,NA,NA,NA,NA,2.478,2.31,3.314,NA,NA,NA,NA,NA,3.344,3.112,4.5,NA,NA,NA,NA,NA,1.072,1.049,1.188,NA,NA,NA,NA,NA,0.9126,0.9081,0.9349,NA,NA,NA,NA,NA,4.575,4.394,2.833,NA,NA,NA,NA,NA,0.8953,0.8449,1.147,NA,NA,NA,NA,NA,87.61,72.65,14.96,NA,NA,NA,NA,NA,1.253,1.228,1.376,NA,NA,NA,NA,NA,0.5836,0.5649,0.6771,NA,NA,georgia_Arid,5400.254566256537,Arid
ns,NA,NA,242.2,224.1,273,ns,0.06742,ns,NA,NA,57.94,62.95,30.72,ns,0.1539,ns,NA,NA,0.4242,0.438,0.4026,ns,0.1315,ns,NA,NA,32.66,20.59,12.08,ns,0.06534,ns,NA,NA,77,47,30,ns,0.1528,ns,NA,NA,0.329,0.3243,0.3363,ns,0.1004,ns,NA,NA,2.104,2.106,2.1,ns,0.07547,ns,NA,NA,0.2586,0.2438,0.2818,ns,0.1382,ns,NA,NA,0.3075,0.3023,0.3157,ns,0.1315,ns,NA,NA,4.357,3.871,3.434,ns,0.1528,ns,NA,NA,0.2735,0.2684,0.2815,ns,0.1004,ns,NA,NA,23.68,14.21,9.47,ns,0.1089,ns,NA,NA,0.9889,0.971,1.017,ns,0.07547,ns,NA,NA,0.2254,0.2147,0.2422,ns,0.1382,georgia_Polar,43813.74284479936,Polar
ns,NA,NA,178.5,174.4,183.7,ns,0.09335,ns,NA,NA,62.94,54.01,72.86,ns,0.1249,ns,NA,NA,1.005,1.183,0.8394,-,0.1684,ns,NA,NA,358.8,203.5,155.3,ns,0.09366,ns,NA,NA,357,172,185,ns,0.06293,-,-0.03906,79.51,0.8809,0.9884,0.7809,-,0.1482,-,-0.07377,151.4,3.126,3.302,2.962,-,0.1247,-,-0.02235,45.76,0.5203,0.5645,0.4792,ns,0.08781,-,-0.008178,17,0.4934,0.5544,0.4367,-,0.1684,ns,NA,NA,5.881,5.153,5.226,ns,0.06293,-,-0.01297,26.7,0.4977,0.5476,0.4513,-,0.1482,ns,NA,NA,176.2,95.36,80.79,ns,0.09366,-,-0.01799,36.89,1.118,1.178,1.063,-,0.1247,ns,NA,NA,0.365,0.3891,0.3427,ns,0.08781,germany_Boreal,20496.770675639404,Boreal
ns,NA,NA,187,185.9,187.8,ns,0.03043,ns,NA,NA,72.99,60.36,81.14,ns,0.0318,+,0.02745,-54.6,1.051,0.9971,1.092,ns,0.08187,ns,NA,NA,134.5,55.84,78.66,ns,0.1982,ns,NA,NA,128,56,72,ns,0.1884,ns,NA,NA,1.667,1.533,1.771,ns,0.1046,ns,NA,NA,3.109,3.214,3.028,ns,0.1063,ns,NA,NA,0.8383,0.7943,0.8725,ns,0.08187,+,0.008648,-16.76,0.5275,0.5247,0.5297,ns,0.08187,ns,NA,NA,4.86,4.043,4.29,ns,0.1884,ns,NA,NA,0.7141,0.7152,0.7132,ns,0.1046,ns,NA,NA,67.52,29.38,38.14,ns,0.2191,ns,NA,NA,1.161,1.18,1.146,ns,0.1063,ns,NA,NA,0.5033,0.5077,0.4998,ns,0.08187,germany_Temperate,54682.04064132219,Temperate
NA,NA,NA,192,NA,192,NA,NA,NA,NA,NA,NA,NA,NA,NA,NA,NA,NA,NA,0.2165,NA,0.2165,NA,NA,NA,NA,NA,0.433,0,0.433,NA,NA,NA,NA,NA,2,0,2,NA,NA,NA,NA,NA,0.2147,NA,0.2147,NA,NA,NA,NA,NA,1,NA,1,NA,NA,NA,NA,NA,0.2147,NA,0.2147,NA,NA,NA,NA,NA,0.196,NA,0.196,NA,NA,NA,NA,NA,1.099,0,1.099,NA,NA,NA,NA,NA,0.1945,NA,0.1945,NA,NA,NA,NA,NA,0.392,0,0.392,NA,NA,NA,NA,NA,0.6931,NA,0.6931,NA,NA,NA,NA,NA,0.1945,NA,0.1945,NA,NA,germany_Arid,16983900.992098145,Arid
ns,NA,NA,246.1,253.4,235.4,ns,0.03122,ns,NA,NA,147.6,143.3,153,ns,0.1145,ns,NA,NA,2.086,2.134,2.02,-,0.005186,-,-741.5,1555000,1341000,792100,548600,ns,0.3642,-,-320.7,674300,642700,371100,271600,ns,0.281,ns,NA,NA,1.086,1.122,1.036,-,0.003066,+,0.005895,-9.816,2.043,2.01,2.087,+,0.0169,ns,NA,NA,0.5457,0.5583,0.5285,ns,0.001494,ns,NA,NA,0.5995,0.5977,0.602,+,0.005185,-,-0.01077,32,13.37,12.82,12.51,ns,0.281,ns,NA,NA,0.4855,0.4873,0.483,-,0.003066,ns,NA,NA,385300,221800,163500,ns,0.2602,+,0.001474,-1.979,0.9797,0.9719,0.9904,+,0.0169,ns,NA,NA,0.368,0.3716,0.3629,ns,0.001494,ghana_Equatorial,3.6897630199146993,Equatorial
+,1.976,-3747,232.3,229.4,235.8,ns,0.4059,ns,NA,NA,62.46,67.18,55.73,ns,0.2185,ns,NA,NA,2.078,2.19,1.951,ns,0.04244,ns,NA,NA,4664,2606,2058,ns,0.05203,ns,NA,NA,2245,1190,1055,ns,0.05209,ns,NA,NA,1.035,1.116,0.9437,ns,0.03798,ns,NA,NA,3.524,3.529,3.518,ns,0.01172,ns,NA,NA,0.4239,0.4522,0.392,-,0.05271,-,-0.004921,10.58,0.694,0.7242,0.6598,ns,0.04244,ns,NA,NA,7.717,7.083,6.962,ns,0.05209,ns,NA,NA,0.5073,0.532,0.4793,ns,0.03798,ns,NA,NA,1558,861.8,696.1,ns,0.01041,ns,NA,NA,1.237,1.243,1.229,ns,0.01172,ns,NA,NA,0.3153,0.3304,0.2984,-,0.05271,greece_Arid,576.2775364668915,Arid
ns,NA,NA,233.1,234.7,228.4,ns,0.1977,ns,NA,NA,37.86,36.41,41.35,ns,0.09366,ns,NA,NA,4.146,4.606,3.232,-,0.0524,-,-17.52,35540,7450,5508,1942,ns,0.2602,-,-6.454,13070,1797,1196,601,ns,0.2707,ns,NA,NA,2.41,2.504,2.225,-,0.05714,ns,NA,NA,3.678,3.66,3.715,ns,0.04354,ns,NA,NA,0.7319,0.7289,0.7378,ns,0.04235,ns,NA,NA,0.8351,0.8191,0.8669,+,0.0524,-,-0.08297,171.2,7.494,7.088,6.4,ns,0.2707,+,0.01189,-23.31,0.6814,0.6573,0.7295,+,0.05714,-,-3.114,6325,1501,979.6,521,ns,0.2185,ns,NA,NA,1.29,1.278,1.314,ns,0.04354,ns,NA,NA,0.415,0.4026,0.4396,ns,0.04235,greece_Temperate,360.7629362394524,Temperate
NA,NA,NA,211.3,201.6,249,NA,NA,NA,NA,NA,56.03,55.2,42.02,NA,NA,NA,NA,NA,2.314,2.481,1.832,NA,NA,NA,NA,NA,162,129,32.97,NA,NA,NA,NA,NA,70,52,18,NA,NA,NA,NA,NA,1.294,1.292,1.3,NA,NA,NA,NA,NA,4.057,3.981,4.278,NA,NA,NA,NA,NA,0.4849,0.4936,0.4598,NA,NA,NA,NA,NA,0.7762,0.8042,0.6954,NA,NA,NA,NA,NA,4.263,3.97,2.944,NA,NA,NA,NA,NA,0.5716,0.5849,0.5331,NA,NA,NA,NA,NA,54.34,41.82,12.52,NA,NA,NA,NA,NA,1.336,1.329,1.355,NA,NA,NA,NA,NA,0.337,0.3462,0.3106,NA,NA,greece_Boreal,16596.270661611503,Boreal
ns,NA,NA,108.4,112.1,105.3,ns,0.1561,-,-1.095,2281,53.65,53.47,53.65,ns,0.1769,+,0.02071,-40.97,0.8475,0.7655,0.9302,ns,0.00562,+,1.97,-3932,1080,490,589.7,ns,0.1769,ns,NA,NA,1274,640,634,ns,0.06247,+,0.02878,-56.03,1.988,1.932,2.044,ns,0.008966,+,0.0184,-34.67,2.535,2.389,2.683,ns,0.01084,ns,NA,NA,1.208,1.217,1.2,ns,0.009079,+,0.003527,-6.631,0.4417,0.431,0.4525,ns,0.00562,ns,NA,NA,7.151,6.463,6.454,ns,0.06247,ns,NA,NA,0.909,0.9021,0.916,ns,0.008966,ns,NA,NA,562.7,275.8,286.9,ns,0.09366,ns,NA,NA,1.046,1.029,1.063,ns,0.01084,ns,NA,NA,0.73740000000000006,0.7394,0.7354,ns,0.009079,guatemala_Temperate,2057.985057236766,Temperate
+,1.194,-2276,119.2,114.9,126,ns,0.4475,+,2.142,-4207,93.96,87.57,103,ns,0.4267,ns,NA,NA,1.354,1.476,1.196,-,0.022,ns,NA,NA,66370,40870,25500,ns,0.1769,ns,NA,NA,49020,27690,21320,ns,0.1977,ns,NA,NA,2.042,2.164,1.884,-,0.02803,+,0.04433,-85.34,3.87,3.801,3.959,+,0.03001,-,-0.006852,14.78,1.061,1.104,1.005,-,0.06299,+,0.001773,-2.971,0.576,0.575,0.5772,+,0.022,ns,NA,NA,10.8,10.23,9.968,ns,0.1977,ns,NA,NA,0.9234,0.9352,0.908,-,0.02803,ns,NA,NA,28230,15930,12310,ns,0.1353,+,0.008475,-15.75,1.27,1.253,1.291,+,0.03001,-,-0.002485,5.654,0.6753,0.6896,0.6568,-,0.06299,guatemala_Equatorial,33.477027448702586,Equatorial
NA,NA,NA,326.5,NA,326.5,NA,NA,NA,NA,NA,NA,NA,NA,NA,NA,NA,NA,NA,0.2165,NA,0.2165,NA,NA,NA,NA,NA,0.433,0,0.433,NA,NA,NA,NA,NA,2,0,2,NA,NA,NA,NA,NA,0.8586,NA,0.8586,NA,NA,NA,NA,NA,1,NA,1,NA,NA,NA,NA,NA,0.8586,NA,0.8586,NA,NA,NA,NA,NA,0.196,NA,0.196,NA,NA,NA,NA,NA,1.099,0,1.099,NA,NA,NA,NA,NA,0.6198,NA,0.6198,NA,NA,NA,NA,NA,0.392,0,0.392,NA,NA,NA,NA,NA,0.6931,NA,0.6931,NA,NA,NA,NA,NA,0.6198,NA,0.6198,NA,NA,guatemala_Polar,5131169.72095675,Polar
+,0.6093,-1163,63.76,62.52,65.73,ns,0.2602,+,0.7096,-1377,57.58,58.53,56,ns,0.385,-,-0.02182,45.91,2.158,2.251,2.026,-,0.01904,-,-100.4,206400,97850,59950,37900,ns,0.3434,-,-31.62,65510,45340,26630,18710,ns,0.4683,-,-0.01167,24.55,1.21,1.262,1.135,-,0.0224,ns,NA,NA,2.403,2.396,2.415,+,0.01076,-,-0.002118,4.836,0.5952,0.6119,0.5713,-,0.02478,-,-0.003033,6.777,0.6795,0.6875,0.6681,-,0.01904,-,-0.01699,41.78,10.72,10.19,9.837,ns,0.4683,-,-0.002339,5.241,0.5529,0.5618,0.5402,-,0.0224,-,-28.5,58700,30810,18310,12500,-,0.614,ns,NA,NA,1.06,1.059,1.063,+,0.01076,-,-0.001364,3.142,0.3995,0.4063,0.3899,-,0.02478,guinea-bissau_Equatorial,6.764480385973894,Equatorial
-,-1.559,3288,147,160.5,130.8,ns,0.385,-,-0.7165,1585,143.7,147.5,137.2,-,0.5099,-,-0.006325,13.86,1.147,1.179,1.111,-,0.01983,-,-211.8,462500,870900,475700,395200,ns,0.1353,ns,NA,NA,759200,403500,355600,ns,0.05203,-,-0.005164,11.1,0.7458,0.7781,0.7091,-,0.02057,ns,NA,NA,1.856,1.866,1.845,-,0.01668,-,-0.002803,6.089,0.4599,0.4748,0.443,-,0.0192,-,-0.002024,4.6,0.5224,0.5329,0.5106,-,0.01983,ns,NA,NA,13.54,12.91,12.78,ns,0.05203,-,-0.001824,4.085,0.4297,0.4392,0.4188,-,0.02057,ns,NA,NA,396600,215000,181600,ns,0.09366,ns,NA,NA,0.9462,0.9494,0.9425,-,0.01668,-,-9.66e-4,2.279,0.3375,0.3444,0.3298,-,0.0192,guinea_Equatorial,5.807151139709487,Equatorial
ns,NA,NA,99.48,98.76,100.3,ns,0.09366,ns,NA,NA,38.37,38.76,37.91,ns,0.1977,ns,NA,NA,1.373,1.364,1.383,ns,0.002724,ns,NA,NA,56430,29410,27020,ns,0.03122,ns,NA,NA,41090,21560,19540,ns,0.05203,ns,NA,NA,1.696,1.689,1.703,+,0.01202,ns,NA,NA,3.312,3.242,3.389,+,0.01191,ns,NA,NA,0.8739,0.8742,0.8735,ns,0.008086,ns,NA,NA,0.5345,0.532,0.5373,ns,0.002724,ns,NA,NA,10.62,9.978,9.88,ns,0.05203,ns,NA,NA,0.7686,0.7666,0.7707,+,0.01202,ns,NA,NA,21960,11470,10500,ns,0.05203,+,0.003613,-6.113,1.175,1.165,1.185,+,0.01191,ns,NA,NA,0.568,0.5687,0.5672,ns,0.008086,honduras_Equatorial,41.201702232726824,Equatorial
ns,NA,NA,108.9,112.9,105,ns,0.1769,+,1.616,-3223,34.81,28.68,39.63,+,0.5515,ns,NA,NA,0.7613,0.7392,0.7846,+,0.06881,+,2.343,-4681,1194,595.8,598.6,ns,0.1977,ns,NA,NA,1569,806,763,ns,0.1145,ns,NA,NA,1.702,1.703,1.701,ns,0.0267,+,0.03397,-66.18,2.444,2.371,2.522,+,0.05854,ns,NA,NA,1.109,1.103,1.116,ns,0.004221,ns,NA,NA,0.4112,0.4036,0.4191,+,0.06881,+,0.04965,-95.89,7.359,6.693,6.639,ns,0.1145,ns,NA,NA,0.8448,0.8435,0.8462,ns,0.0267,+,1.305,-2594,645.1,325.3,319.8,ns,0.1561,+,0.00385,-6.776,1.018,0.9958,1.041,+,0.05854,ns,NA,NA,0.7013,0.7026,0.6999,ns,0.004221,honduras_Temperate,1946.587233834863,Temperate
-,-4.481,9174,185.2,204.1,110.8,ns,0.4683,ns,NA,NA,87.95,79.38,80.36,ns,0.1977,ns,NA,NA,1.111,1.11,1.113,ns,0.02158,-,-11.87,23970,3017,2408,609.7,-,0.5307,-,-8.643,17460,2717,2169,548,ns,0.4584,ns,NA,NA,3.488,3.49,3.478,-,0.1048,-,-0.02904,61.41,3.126,3.192,2.863,-,0.04851,-,-0.01813,38.18,1.715,1.711,1.731,+,0.08388,ns,NA,NA,0.5413,0.5378,0.5552,ns,0.02158,-,-0.1382,282.3,7.908,7.682,6.308,ns,0.4584,ns,NA,NA,1.176,1.181,1.153,-,0.1048,-,-6.103,12330,1471,1167,304.3,-,0.4891,-,-0.006553,14.32,1.17,1.181,1.124,-,0.04851,-,-0.005708,12.38,0.9036,0.9057,0.8955,-,0.08388,hungary_Boreal,636.1399032594373,Boreal
NA,NA,NA,316,316,NA,NA,NA,NA,NA,NA,-0,-0,NA,NA,NA,NA,NA,NA,0.1237,0.1237,NA,NA,NA,NA,NA,NA,0.1237,0.1237,0,NA,NA,NA,NA,NA,1,1,0,NA,NA,NA,NA,NA,1.288,1.288,NA,NA,NA,NA,NA,NA,1,1,NA,NA,NA,NA,NA,NA,1.288,1.288,NA,NA,NA,NA,NA,NA,0.1166,0.1166,NA,NA,NA,NA,NA,NA,0.6931,0.6931,0,NA,NA,NA,NA,NA,0.8277,0.8277,NA,NA,NA,NA,NA,NA,0.1166,0.1166,0,NA,NA,NA,NA,NA,0.6931,0.6931,NA,NA,NA,NA,NA,NA,0.8277,0.8277,NA,NA,NA,hungary_Temperate,15523933.343390333,Temperate
NA,NA,NA,84,84,NA,NA,NA,NA,NA,NA,NA,NA,NA,NA,NA,NA,NA,NA,0.8623,0.8623,NA,NA,NA,NA,NA,NA,0.8623,0.8623,0,NA,NA,NA,NA,NA,1,1,0,NA,NA,NA,NA,NA,0.2147,0.2147,NA,NA,NA,NA,NA,NA,6,6,NA,NA,NA,NA,NA,NA,0.1431,0.1431,NA,NA,NA,NA,NA,NA,0.6218,0.6218,NA,NA,NA,NA,NA,NA,0.6931,0.6931,0,NA,NA,NA,NA,NA,0.1945,0.1945,NA,NA,NA,NA,NA,NA,0.6218,0.6218,0,NA,NA,NA,NA,NA,1.946,1.946,NA,NA,NA,NA,NA,NA,0.1337,0.1337,NA,NA,NA,iceland_Polar,2422337.78351088,Polar
NA,NA,NA,86.38,86.38,NA,NA,NA,NA,NA,NA,2.043,2.043,NA,NA,NA,NA,NA,NA,2.892,2.892,NA,NA,NA,NA,NA,NA,14.46,14.46,0,NA,NA,NA,NA,NA,5,5,0,NA,NA,NA,NA,NA,2.318,2.318,NA,NA,NA,NA,NA,NA,4.2,4.2,NA,NA,NA,NA,NA,NA,0.7656,0.7656,NA,NA,NA,NA,NA,NA,1.254,1.254,NA,NA,NA,NA,NA,NA,1.792,1.792,0,NA,NA,NA,NA,NA,1.089,1.089,NA,NA,NA,NA,NA,NA,6.269,6.269,0,NA,NA,NA,NA,NA,1.545,1.545,NA,NA,NA,NA,NA,NA,0.5568,0.5568,NA,NA,NA,iceland_Boreal,144444.36960880033,Boreal
+,1.507,-2788,237.3,232.2,241.6,ns,0.385,ns,NA,NA,82.02,81.04,82.58,ns,0.1145,+,0.04499,-88.62,1.985,1.784,2.187,ns,9.354e-4,+,744.8,-1475000,423000,191300,231700,+,0.7597,ns,NA,NA,213100,107200,105900,ns,0.3226,+,0.009273,-17.92,0.7644,0.7119,0.8175,+,0.006417,ns,NA,NA,2.635,2.649,2.62,-,0.009441,+,0.003015,-5.73,0.3396,0.3301,0.3493,+,0.01211,ns,NA,NA,0.4805,0.4773,0.4837,ns,9.354e-4,ns,NA,NA,12.27,11.58,11.57,ns,0.3226,+,0.001176,-2.014,0.3561,0.351,0.3612,+,0.006417,+,66.17,-127800,102400,51160,51250,ns,0.4267,-,-8.597e-4,2.794,1.065,1.069,1.061,-,0.009441,+,7.874e-4,-1.331,0.256,0.2525,0.2596,+,0.01211,india_Arid,154.05892489380398,Arid
+,1.273,-2477,80.31,76.32,82.98,ns,0.385,+,0.8702,-1721,35.38,29.65,38.51,ns,0.4683,+,0.03617,-68.85,3.574,3.36,3.732,+,0.02434,+,142.3,-274200,254000,101600,152300,ns,0.2602,+,74.88,-147000,71060,30240,40820,ns,0.3434,ns,NA,NA,1.394,1.366,1.415,+,0.02736,ns,NA,NA,3.649,3.704,3.608,-,0.01784,ns,NA,NA,0.5403,0.5367,0.543,+,0.02131,ns,NA,NA,0.8054,0.8165,0.7972,-,0.02434,+,0.02168,-35.44,11.17,10.32,10.62,ns,0.3434,ns,NA,NA,0.5843,0.5944,0.5768,-,0.02736,+,52.22,-102100,57230,24700,32540,ns,0.2185,ns,NA,NA,1.275,1.287,1.266,-,0.01784,ns,NA,NA,0.3662,0.3691,0.364,-,0.02131,india_Equatorial,256.5769703124924,Equatorial
+,0.7593,-1374,143.2,136.2,149.5,ns,0.4267,ns,NA,NA,90.94,91.04,90.39,ns,0.1977,+,0.0247,-48.12,1.618,1.545,1.688,ns,2.352e-4,ns,NA,NA,194500,91040,103500,ns,0.3018,ns,NA,NA,120200,58940,61280,ns,0.1977,+,0.007335,-13.99,0.766,0.7466,0.7847,ns,0.005015,ns,NA,NA,3.068,3.052,3.082,ns,0.001795,ns,NA,NA,0.3621,0.3565,0.3675,ns,0.003251,ns,NA,NA,0.575,0.5694,0.5803,ns,2.352e-4,ns,NA,NA,11.7,10.98,11.02,ns,0.1977,ns,NA,NA,0.4188,0.4154,0.422,ns,0.005015,ns,NA,NA,69120,33560,35560,ns,0.281,ns,NA,NA,1.156,1.153,1.158,ns,0.001795,ns,NA,NA,0.2796,0.2775,0.2816,ns,0.003251,india_Temperate,335.05239342767806,Temperate
ns,NA,NA,246.3,195.7,269.1,ns,0.1313,ns,NA,NA,126.4,148.5,108.3,ns,0.07322,ns,NA,NA,0.8907,0.7236,0.9941,ns,0.1206,ns,NA,NA,151.4,47.03,104.4,ns,0.04165,ns,NA,NA,170,65,105,ns,0.094,ns,NA,NA,0.5,0.4425,0.5356,ns,0.1097,+,0.1,-198.9,3.018,2.108,3.581,+,0.2013,ns,NA,NA,0.3059,0.3193,0.2977,ns,0.09768,ns,NA,NA,0.5131,0.4483,0.5532,ns,0.1206,ns,NA,NA,5.142,4.19,4.663,ns,0.094,ns,NA,NA,0.3616,0.3304,0.3809,ns,0.1097,ns,NA,NA,87.23,29.14,58.09,ns,0.0833,+,0.02463,-48.48,1.163,1.004,1.261,+,0.2013,ns,NA,NA,0.254,0.2637,0.248,ns,0.09768,india_Boreal,430373.6528780572,Boreal
NA,NA,NA,234.7,220.6,257.3,NA,NA,NA,NA,NA,131.4,163.4,47.03,NA,NA,NA,NA,NA,0.9787,1.327,0.6887,NA,NA,NA,NA,NA,32.3,19.9,12.4,NA,NA,NA,NA,NA,33,15,18,NA,NA,NA,NA,NA,0.4553,0.601,0.3339,NA,NA,NA,NA,NA,2.606,2.867,2.389,NA,NA,NA,NA,NA,0.2935,0.3832,0.2188,NA,NA,NA,NA,NA,0.431,0.5376,0.3421,NA,NA,NA,NA,NA,3.526,2.773,2.944,NA,NA,NA,NA,NA,0.3142,0.3835,0.2564,NA,NA,NA,NA,NA,14.22,8.064,6.158,NA,NA,NA,NA,NA,0.9916,1.023,0.9657,NA,NA,NA,NA,NA,0.2422,0.2973,0.1963,NA,NA,india_Polar,2017750.7371407845,Polar
ns,NA,NA,248.5,247.5,250,ns,0.2185,ns,NA,NA,50.79,46.02,56.76,ns,0.01041,+,0.00624,-12.04,0.5282,0.5097,0.5564,+,0.01675,ns,NA,NA,223400,130200,93230,ns,0.05203,ns,NA,NA,422900,255400,167600,ns,0.1145,+,0.003939,-7.503,0.4207,0.4087,0.439,+,0.02383,+,0.001865,-2.523,1.236,1.232,1.243,+,0.004261,+,0.002782,-5.232,0.3655,0.3578,0.3772,+,0.02422,+,0.002068,-3.817,0.3508,0.3454,0.3592,+,0.01675,ns,NA,NA,12.95,12.45,12.03,ns,0.1145,+,0.001734,-3.178,0.3123,0.3074,0.3197,+,0.02383,ns,NA,NA,148400,88190,60180,ns,0.09366,+,6.857e-4,-0.6013,0.7787,0.7774,0.7806,+,0.004261,+,0.001475,-2.681,0.2903,0.2864,0.2962,+,0.02422,indonesia_Equatorial,173.0493914580581,Equatorial
NA,NA,NA,205.9,205.1,208.5,NA,NA,NA,NA,NA,52.32,57.6,31.09,NA,NA,NA,NA,NA,0.8065,1.008,0.4895,NA,NA,NA,NA,NA,54.04,41.31,12.73,NA,NA,NA,NA,NA,67,41,26,NA,NA,NA,NA,NA,0.6536,0.7853,0.4458,NA,NA,NA,NA,NA,1.478,1.61,1.269,NA,NA,NA,NA,NA,0.5379,0.6067,0.4293,NA,NA,NA,NA,NA,0.4858,0.5588,0.3708,NA,NA,NA,NA,NA,4.22,3.738,3.296,NA,NA,NA,NA,NA,0.4342,0.4887,0.3481,NA,NA,NA,NA,NA,32.55,22.91,9.64,NA,NA,NA,NA,NA,0.8568,0.9015,0.7862,NA,NA,NA,NA,NA,0.3863,0.4162,0.3393,NA,NA,indonesia_Arid,715426.3537736255,Arid
ns,NA,NA,268.2,271,266.1,ns,0.1561,ns,NA,NA,35.28,32.4,37.13,ns,0.07285,+,0.01636,-32.27,0.7443,0.6291,0.8601,ns,0.01205,+,6.683,-13370,2945,1247,1698,ns,0.3434,+,10.27,-20530,3957,1983,1974,ns,0.3228,+,0.008651,-16.85,0.5384,0.4687,0.6084,ns,0.01273,ns,NA,NA,1.312,1.293,1.331,ns,0.008122,+,0.00385,-7.313,0.4079,0.3787,0.4374,ns,0.0143,+,0.001851,-3.323,0.3944,0.3788,0.4101,ns,0.01205,+,0.07813,-151.9,8.283,7.593,7.588,ns,0.3228,+,8.946e-4,-1.466,0.3422,0.3295,0.355,ns,0.01273,+,3.32,-6641,1561,751.2,809.5,ns,0.3226,ns,NA,NA,0.8025,0.7981,0.807,ns,0.008122,+,0.001391,-2.478,0.3066,0.2971,0.3162,ns,0.0143,indonesia_Temperate,13125.917521076326,Temperate
NA,NA,NA,229.9,232.7,228.5,NA,NA,NA,NA,NA,32.3,35.54,31.22,NA,NA,NA,NA,NA,0.6543,0.5149,0.7523,NA,NA,NA,NA,NA,41.22,13.39,27.83,NA,NA,NA,NA,NA,63,26,37,NA,NA,NA,NA,NA,0.4941,0.3798,0.5744,NA,NA,NA,NA,NA,1.333,1.308,1.351,NA,NA,NA,NA,NA,0.4024,0.3335,0.4508,NA,NA,NA,NA,NA,0.4024,0.3536,0.4367,NA,NA,NA,NA,NA,4.159,3.296,3.638,NA,NA,NA,NA,NA,0.3468,0.3021,0.3782,NA,NA,NA,NA,NA,25.35,9.195,16.16,NA,NA,NA,NA,NA,0.8051,0.7933,0.8134,NA,NA,NA,NA,NA,0.3102,0.279,0.3321,NA,NA,indonesia_Polar,937833.3005944168,Polar
ns,NA,NA,171.1,176.6,163.1,ns,0.1977,ns,NA,NA,96.16,94.99,97.29,ns,0.281,-,-0.04338,88.53,1.373,1.582,1.151,-,0.03952,-,-61.26,125500,47600,28200,19410,-,0.4891,ns,NA,NA,34680,17830,16860,ns,0.03124,ns,NA,NA,1.476,1.565,1.383,-,0.05258,-,-0.02583,55.02,3.063,3.169,2.949,-,0.03131,ns,NA,NA,0.7443,0.7478,0.7406,-,0.08192,-,-0.005483,11.6,0.5556,0.5806,0.5291,-,0.03952,ns,NA,NA,10.45,9.788,9.733,ns,0.03124,ns,NA,NA,0.6494,0.6444,0.6546,+,0.05258,ns,NA,NA,19270,10350,8919,ns,0.1353,-,-0.005174,11.58,1.159,1.175,1.141,-,0.03131,+,0.001732,-2.998,0.4782,0.4681,0.489,+,0.08192,iran_Arid,703.922830809232,Arid
ns,NA,NA,225.9,232.9,208.4,ns,0.1977,ns,NA,NA,71.89,69.31,75.15,ns,0.09366,+,0.02268,-44.28,1.298,1.251,1.432,+,0.0674,ns,NA,NA,3845,2742,1103,ns,0.1561,-,-3,6136,2962,2192,770,ns,0.2185,+,0.06813,-135.5,1.384,1.289,1.651,ns,0.005279,ns,NA,NA,2.906,2.911,2.892,ns,0.0241,+,0.02382,-47.35,0.7277,0.6891,0.8374,ns,0.002957,+,0.01084,-21.21,0.598,0.5752,0.6631,+,0.0674,-,-0.03323,71.47,7.994,7.693,6.648,ns,0.2185,+,0.01432,-28.06,0.6579,0.6378,0.7151,ns,0.005279,ns,NA,NA,1771,1261,510.6,ns,0.09366,+,0.005227,-9.341,1.168,1.162,1.186,ns,0.0241,+,0.008936,-17.54,0.4733,0.4612,0.5076,ns,0.002957,iran_Boreal,8715.575316446057,Boreal
-,-2.362,4977,229.8,241.5,213,-,0.5515,-,-0.2745,600.3,54.06,52.64,51.6,ns,0.1561,+,0.0653,-129.8,1.645,1.434,2.084,+,0.07003,ns,NA,NA,7437,4384,3053,ns,0.05203,-,-4.143,8480,4522,3057,1465,ns,0.281,+,0.08108,-161.4,1.84,1.632,2.274,+,0.08477,+,0.02232,-42.1,2.941,2.902,3.022,+,0.04871,+,0.03007,-59.64,0.913,0.8292,1.088,+,0.07984,+,0.01469,-28.91,0.647,0.6022,0.7404,+,0.07003,-,-0.02871,63.04,8.417,8.026,7.29,ns,0.281,+,0.01662,-32.71,0.7443,0.7022,0.8321,+,0.08477,ns,NA,NA,2926,1841,1085,ns,0.1561,+,0.007238,-13.38,1.173,1.157,1.207,+,0.04871,+,0.01058,-20.75,0.5408,0.5129,0.599,+,0.07984,iran_Temperate,4505.686230885379,Temperate
-,-0.3839,960.8,190.7,195.2,187.9,ns,0.1353,-,-0.5436,1102,23.58,23.01,23.77,ns,0.2208,ns,NA,NA,0.4336,0.44,0.4298,-,0.1764,ns,NA,NA,64.17,24.2,39.97,ns,0.07288,ns,NA,NA,148,55,93,ns,0.09444,ns,NA,NA,0.2901,0.3278,0.2677,-,0.2313,ns,NA,NA,2.372,2.2,2.473,ns,0.02561,-,-0.001789,3.814,0.2257,0.2601,0.2054,-,0.1879,ns,NA,NA,0.3316,0.3463,0.323,-,0.1764,ns,NA,NA,5.004,4.025,4.543,ns,0.09444,ns,NA,NA,0.2479,0.2745,0.2321,-,0.2313,ns,NA,NA,49.08,19.04,30.03,ns,0.07288,ns,NA,NA,1.03,1.012,1.041,ns,0.02561,-,-0.001433,3.077,0.2001,0.2249,0.1854,-,0.1879,iran_Polar,522220.5952275566,Polar
+,0.8786,-1601,178.9,151.5,185.5,ns,0.3434,-,-1.861,3844,80.25,104.4,71.77,ns,0.3434,ns,NA,NA,1.85,1.617,1.916,ns,0.006577,+,72.74,-145400,30300,5846,24460,+,0.5307,+,47.32,-94600,16380,3616,12770,+,0.6348,ns,NA,NA,2.622,2.821,2.566,-,0.07711,ns,NA,NA,2.876,2.791,2.9,+,0.01917,-,-0.01011,21.63,1.208,1.296,1.183,-,0.09776,ns,NA,NA,0.6268,0.5911,0.6369,ns,0.006577,+,0.08819,-171.1,9.704,8.193,9.455,+,0.6348,-,-0.006091,13.22,0.863,0.9083,0.8501,-,0.07711,+,31.15,-62280,10270,2137,8131,+,0.6556,ns,NA,NA,1.148,1.124,1.155,+,0.01917,-,-0.003366,7.425,0.648,0.6928,0.6353,-,0.09776,iraq_Arid,298.08058836178947,Arid
ns,NA,NA,207.5,210,206.4,ns,0.07285,+,0.7694,-1503,49.17,44.08,51.23,+,0.5932,-,-0.04738,97.55,2.439,2.863,2.289,-,0.1154,+,39.54,-79260,16590,5088,11500,ns,0.4475,+,20.09,-40290,6802,1777,5025,+,0.5515,-,-0.05603,116.2,3.823,4.485,3.589,-,0.1259,-,-0.03499,73.62,3.118,3.253,3.07,-,0.05878,-,-0.03158,65.13,1.683,2.038,1.557,-,0.1289,-,-0.01828,37.63,0.7991,0.9206,0.7562,-,0.1154,+,0.1475,-292.1,8.825,7.483,8.522,+,0.5515,-,-0.01727,35.86,1.086,1.235,1.033,-,0.1259,+,15.77,-31620,5436,1636,3800,ns,0.4683,-,-0.0083320000000000009,18.01,1.225,1.266,1.21,-,0.05878,-,-0.01238,25.73,0.7955,0.903,0.7575,-,0.1289,iraq_Temperate,544.4979933048642,Temperate
ns,NA,NA,227.3,240.4,223.6,ns,0.05203,ns,NA,NA,38.93,49.34,34.6,ns,0.3018,ns,NA,NA,2.416,2.25,2.467,ns,0.04088,+,6.7,-13440,1776,389.2,1387,+,0.5932,+,2.2,-4414,735,173,562,+,0.6042,ns,NA,NA,3.421,3.261,3.47,ns,0.001296,ns,NA,NA,3.514,3.393,3.552,ns,0.004348,ns,NA,NA,1.492,1.455,1.504,ns,0.01827,ns,NA,NA,0.8758,0.8731,0.8766,ns,0.04088,+,0.1859,-371.3,6.601,5.159,6.333,+,0.6042,ns,NA,NA,1.154,1.13,1.161,ns,0.001296,+,3.14,-6291,643.7,151.1,492.7,+,0.5724,ns,NA,NA,1.323,1.324,1.322,ns,0.004348,ns,NA,NA,0.8001,0.7826,0.8054,ns,0.01827,iraq_Boreal,5086.944748200694,Boreal
ns,NA,NA,113,109.2,119.6,ns,0,ns,NA,NA,23.09,14.99,31.87,ns,0.1608,ns,NA,NA,1.464,1.715,1.163,ns,0.1196,ns,NA,NA,276.7,176.7,99.99,ns,0.05258,ns,NA,NA,189,103,86,ns,0.0316,ns,NA,NA,1.487,1.711,1.218,ns,0.09478,ns,NA,NA,3.381,3.398,3.36,ns,0.04841,-,-0.01577,32.34,0.6695,0.7478,0.5759,ns,0.1156,ns,NA,NA,0.6201,0.6736,0.5561,ns,0.1196,ns,NA,NA,5.247,4.644,4.466,ns,0.0316,-,-0.01544,31.48,0.6894,0.7344,0.6354,ns,0.09478,ns,NA,NA,117.2,69.38,47.82,ns,0.07361,ns,NA,NA,1.221,1.237,1.203,ns,0.04841,-,-0.008489,17.47,0.4631,0.4972,0.4222,ns,0.1156,ireland_Temperate,5127.608018843163,Temperate
NA,NA,NA,147.4,147,147.8,NA,NA,NA,NA,NA,36.63,35.68,37.8,NA,NA,NA,NA,NA,2.507,2.852,2.227,NA,NA,NA,NA,NA,168,85.55,82.4,NA,NA,NA,NA,NA,67,30,37,NA,NA,NA,NA,NA,9.554,9.445,9.642,NA,NA,NA,NA,NA,3.448,3.533,3.378,NA,NA,NA,NA,NA,4.553,4.169,4.864,NA,NA,NA,NA,NA,0.8947,0.9213,0.8732,NA,NA,NA,NA,NA,4.22,3.434,3.638,NA,NA,NA,NA,NA,1.849,1.839,1.857,NA,NA,NA,NA,NA,59.95,27.64,32.31,NA,NA,NA,NA,NA,1.262,1.289,1.239,NA,NA,NA,NA,NA,1.438,1.421,1.451,NA,NA,israel_Arid,2739.919050581589,Arid
ns,NA,NA,212.8,218.2,199.7,ns,0.07001,ns,NA,NA,68.95,63.09,80.36,ns,0.2186,-,-0.0422,86.35,1.814,2.095,1.365,ns,0.1115,ns,NA,NA,448.1,318.5,129.7,ns,0.3642,ns,NA,NA,247,152,95,ns,0.2511,ns,NA,NA,6.97,7.651,5.879,ns,0.0365,ns,NA,NA,2.972,2.901,3.084,ns,0.008043,ns,NA,NA,3.26,3.547,2.8,ns,0.09224,-,-0.01786,36.74,0.7545,0.8094,0.6667,ns,0.1115,-,-0.02629,54.96,5.513,5.03,4.564,ns,0.2511,ns,NA,NA,1.619,1.646,1.576,ns,0.0365,-,-0.1911,387.9,186.4,123,63.34,ns,0.3018,ns,NA,NA,1.222,1.216,1.231,ns,0.008043,ns,NA,NA,1.241,1.284,1.172,ns,0.09224,israel_Temperate,1026.8799242793596,Temperate
ns,NA,NA,228.6,231.7,223.9,ns,0.1353,ns,NA,NA,41.21,41.08,40.96,ns,0.03122,ns,NA,NA,1.903,1.834,2.02,ns,0.002935,-,-38.02,77170,16120,9706,6413,ns,0.281,-,-26.61,54010,8468,5293,3175,ns,0.3018,ns,NA,NA,1.035,0.9899,1.109,ns,0.007313,-,-0.02147,46.52,3.246,3.293,3.168,ns,0.0135,ns,NA,NA,0.4624,0.4522,0.4795,ns,0.002332,ns,NA,NA,0.692,0.6877,0.6993,ns,0.002935,-,-0.06291,132.7,9.044,8.574,8.063,ns,0.3018,ns,NA,NA,0.5154,0.51,0.5242,ns,0.007313,-,-17.78,36080,5860,3640,2220,ns,0.3226,ns,NA,NA,1.221,1.22,1.223,ns,0.0135,ns,NA,NA,0.334,0.3292,0.3419,ns,0.002332,italy_Temperate,384.6884229263053,Temperate
+,0.7786,-1368,199.3,199.2,200.2,ns,0.4267,+,0.688,-1362,21.25,20.82,24.44,ns,0.3018,-,-0.08907,180.1,1.728,1.905,0.9905,-,0.09583,-,-11.76,23730,2870,2552,318,-,0.6764,-,-8.356,16880,1661,1340,321,-,0.6351,-,-0.03297,66.83,0.8489,0.9049,0.6152,-,0.07345,-,-0.08929,182.4,3.403,3.549,2.794,-,0.1111,-,-0.008393,17.26,0.4135,0.4307,0.3418,ns,0.02804,-,-0.02361,48.12,0.6727,0.7019,0.5504,-,0.09583,-,-0.158,321.9,7.416,7.201,5.775,-,0.6351,-,-0.01152,23.59,0.4807,0.4967,0.4138,-,0.07345,-,-6.163,12440,1117,940.6,176.7,-,0.6764,-,-0.01591,33.19,1.249,1.272,1.149,-,0.1111,-,-0.003808,7.96,0.3134,0.3214,0.2801,ns,0.02804,italy_Arid,2160.3848781684756,Arid
NA,NA,NA,225.8,167.9,240.4,NA,NA,NA,NA,NA,87.07,84.71,81.77,NA,NA,NA,NA,NA,1.318,0.8932,1.498,NA,NA,NA,NA,NA,123.9,25.01,98.85,NA,NA,NA,NA,NA,94,28,66,NA,NA,NA,NA,NA,0.6554,0.5826,0.6863,NA,NA,NA,NA,NA,3.245,2.643,3.5,NA,NA,NA,NA,NA,0.3351,0.3543,0.327,NA,NA,NA,NA,NA,0.5725,0.5114,0.5984,NA,NA,NA,NA,NA,4.554,3.367,4.205,NA,NA,NA,NA,NA,0.4134,0.4,0.419,NA,NA,NA,NA,NA,53.81,14.32,39.49,NA,NA,NA,NA,NA,1.17,1.082,1.207,NA,NA,NA,NA,NA,0.2715,0.2823,0.267,NA,NA,italy_Boreal,50062.16445805398,Boreal
NA,NA,NA,250.6,186,283,NA,NA,NA,NA,NA,NA,-0,-0,NA,NA,NA,NA,NA,0.3243,0.2165,0.4321,NA,NA,NA,NA,NA,0.6486,0.2165,0.4321,NA,NA,NA,NA,NA,2,1,1,NA,NA,NA,NA,NA,0.2147,0.2147,0.2147,NA,NA,NA,NA,NA,1.5,1,2,NA,NA,NA,NA,NA,0.2147,0.2147,0.2147,NA,NA,NA,NA,NA,0.2776,0.196,0.3591,NA,NA,NA,NA,NA,1.099,0.6931,0.6931,NA,NA,NA,NA,NA,0.1945,0.1945,0.1945,NA,NA,NA,NA,NA,0.5551,0.196,0.3591,NA,NA,NA,NA,NA,0.8959,0.6931,1.099,NA,NA,NA,NA,NA,0.1945,0.1945,0.1945,NA,NA,italy_Polar,9559803.385589467,Polar
+,3.824,-7449,229.7,231.7,225.7,ns,0.1145,-,-1.26,2684,155.6,155.1,156.5,ns,0.1561,+,0.01788,-34.6,1.475,1.482,1.462,-,0.02674,-,-1571,3187000,556800,375300,181500,-,0.614,-,-1199,2429000,377400,253300,124200,-,0.614,ns,NA,NA,0.8443,0.876,0.7795,-,0.02564,ns,NA,NA,1.865,1.879,1.838,-,0.01683,ns,NA,NA,0.4733,0.4849,0.4498,-,0.02439,-,-0.003465,7.471,0.5198,0.5303,0.4986,-,0.02674,-,-0.06926,149.1,12.84,12.44,11.73,-,0.614,-,-0.001886,4.205,0.4272,0.4356,0.4101,-,0.02564,-,-645.3,1307000,196200,134300,61900,-,0.5932,-,-0.001013,2.979,0.9425,0.947,0.9335,-,0.01683,-,-0.00129,2.922,0.3361,0.3417,0.3248,-,0.02439,ivory_coast_Equatorial,11.95184744863078,Equatorial
ns,NA,NA,70.49,69.54,71.82,ns,0.1769,+,0.6062,-1204,33.11,23.52,43.15,ns,0.3018,-,-0.09767,199.1,2.57,3.067,2.092,ns,0.02501,-,-0.7282,1533,1493,874,619.3,ns,0.1561,ns,NA,NA,581,285,296,ns,0.04167,-,-0.05433,110.6,1.493,1.743,1.252,ns,0.02451,-,-0.03692,78.1,3.678,3.856,3.507,ns,0.03244,-,-0.01097,22.56,0.5188,0.563,0.4762,ns,0.003244,-,-0.01367,28.29,0.8061,0.8685,0.7461,ns,0.02501,ns,NA,NA,6.366,5.656,5.694,ns,0.04167,-,-0.01393,28.54,0.6176,0.6693,0.5677,ns,0.02451,ns,NA,NA,468.4,247.5,220.9,ns,0.09366,-,-0.005919,13.12,1.273,1.304,1.243,ns,0.03244,-,-0.004711,9.833,0.362,0.3825,0.3422,ns,0.003244,japan_Temperate,5117.659070107928,Temperate
-,-0.9699,2025,75.01,78.23,72.23,-,0.5724,ns,NA,NA,16.42,15.15,16.97,ns,0.01041,-,-0.06449,132.4,2.274,3.211,1.815,ns,0.05271,+,2.666,-5313,1176,545.9,629.8,ns,0.2393,+,1.442,-2882,517,170,347,ns,0.3335,-,-0.0361,73.69,1.277,1.904,0.9694,ns,0.0739,ns,NA,NA,3.292,3.618,3.133,ns,0.05968,-,-0.005713,11.9,0.4487,0.5856,0.3816,ns,0.04532,ns,NA,NA,0.6695,0.7926,0.6091,ns,0.05271,+,0.08741,-172.9,6.25,5.142,5.852,ns,0.3335,-,-0.009518,19.7,0.5151,0.6237,0.4618,ns,0.0739,+,0.8086,-1611,346.1,134.7,211.4,ns,0.3434,ns,NA,NA,1.173,1.235,1.142,ns,0.05968,-,-0.003169,6.707,0.3207,0.3751,0.294,ns,0.04532,japan_Boreal,6500.5526951401735,Boreal
ns,NA,NA,153.9,156.4,149.4,ns,0.08537,ns,NA,NA,56.69,34.91,82.9,ns,0.1851,ns,NA,NA,0.7004,0.7846,0.5886,ns,0.09851,ns,NA,NA,84.75,54.14,30.61,ns,0.1151,+,0.1125,-224.6,121,69,52,ns,0.1892,-,-0.4515,915.4,3.811,3.96,3.612,ns,0.1159,-,-0.07238,148.1,2.521,2.638,2.365,ns,0.08936,-,-0.1142,233,2.309,2.338,2.271,ns,0.05984,ns,NA,NA,0.4753,0.5088,0.4309,ns,0.09851,+,0.04561,-90.77,4.804,4.248,3.97,ns,0.1892,-,-0.05672,115.2,1.349,1.396,1.286,ns,0.1159,ns,NA,NA,57.52,35.11,22.41,ns,0.136,-,-0.02369,48.75,1.131,1.152,1.104,ns,0.08936,ns,NA,NA,1.09,1.103,1.074,ns,0.05984,jordan_Arid,21650.85606361241,Arid
NA,NA,NA,169.7,153.2,177.3,NA,NA,NA,NA,NA,20.38,10.17,19.64,NA,NA,NA,NA,NA,1.287,1.609,1.18,NA,NA,NA,NA,NA,10.3,3.218,7.078,NA,NA,NA,NA,NA,8,2,6,NA,NA,NA,NA,NA,8.855,15.46,6.654,NA,NA,NA,NA,NA,3,2.5,3.167,NA,NA,NA,NA,NA,5.286,10.14,3.667,NA,NA,NA,NA,NA,0.7515,0.9174,0.6961,NA,NA,NA,NA,NA,2.197,1.099,1.946,NA,NA,NA,NA,NA,2.114,2.801,1.885,NA,NA,NA,NA,NA,6.012,1.835,4.177,NA,NA,NA,NA,NA,1.269,1.151,1.308,NA,NA,NA,NA,NA,1.656,2.282,1.448,NA,NA,jordan_Temperate,178216.77615159948,Temperate
ns,NA,NA,202.6,207.4,192.8,ns,0.2185,ns,NA,NA,48.32,47.49,48.5,ns,0.01041,ns,NA,NA,12.35,12.78,11.56,-,0.01297,-,-3900,7903000,1666000,1117000,548500,ns,0.4059,-,-281.9,572800,134900,87450,47430,-,0.5099,ns,NA,NA,5.78,5.988,5.397,-,0.0074400000000000004,-,-0.00539,14.2,3.37,3.392,3.328,-,0.007731,ns,NA,NA,1.624,1.69,1.501,ns,0.005198,-,-0.004146,9.279,0.9905,1.018,0.9408,-,0.01297,-,-0.05199,113.2,11.81,11.38,10.77,-,0.5099,ns,NA,NA,0.8427,0.8641,0.8032,-,0.0074400000000000004,-,-374,758000,133600,88980,44620,-,0.5724,-,-0.001198,3.641,1.24,1.245,1.231,-,0.007731,-,-0.001082,2.721,0.562,0.5759,0.5363,ns,0.005198,kazakhstan_Arid,33.627454493104956,Arid
-,-2.23,4686,209.6,216.3,186,ns,0.4683,+,1.012,-1973,62.03,59.08,66.39,ns,0.3434,-,-0.1024,209.2,4.601,5.238,3.211,-,0.0155,-,-273.9,554500,85110,66450,18660,-,0.614,-,-31.29,63640,18500,12690,5812,-,0.5099,-,-0.1083,220.3,3.39,3.9,2.276,-,0.0259,ns,NA,NA,3.258,3.267,3.239,ns,0.003265,-,-0.03119,63.69,1.182,1.337,0.8448,-,0.03033,-,-0.006963,14.78,0.7867,0.8073,0.7415,-,0.0155,-,-0.04878,104.6,9.825,9.448,8.668,-,0.5099,-,-0.008402,17.54,0.6728,0.7001,0.613,-,0.0259,-,-29.65,60230,14550,10240,4310,-,0.5515,ns,NA,NA,1.219,1.221,1.216,ns,0.003265,-,-0.005888,12.29,0.4528,0.474,0.4064,-,0.03033,kazakhstan_Boreal,658.1508521664445,Boreal
NA,NA,NA,198.9,200.4,176.4,NA,NA,NA,NA,NA,50.04,44.71,100,NA,NA,NA,NA,NA,4.3,4.87,1.529,NA,NA,NA,NA,NA,731,686.7,44.35,NA,NA,NA,NA,NA,170,141,29,NA,NA,NA,NA,NA,12.44,14.02,4.737,NA,NA,NA,NA,NA,2.712,2.702,2.759,NA,NA,NA,NA,NA,4.88,5.292,2.873,NA,NA,NA,NA,NA,0.9246,0.9626,0.7401,NA,NA,NA,NA,NA,5.142,4.956,3.401,NA,NA,NA,NA,NA,1.567,1.605,1.382,NA,NA,NA,NA,NA,157.2,135.7,21.46,NA,NA,NA,NA,NA,1.161,1.167,1.133,NA,NA,NA,NA,NA,1.228,1.258,1.085,NA,NA,kazakhstan_Temperate,76630.63928559702,Temperate
ns,NA,NA,237.6,238.4,236.5,ns,0.04668,ns,NA,NA,34.27,37.91,28.83,ns,0.0523,ns,NA,NA,0.4122,0.4353,0.3838,ns,0.01345,ns,NA,NA,98.52,57.46,41.07,ns,0.2185,ns,NA,NA,239,132,107,ns,0.2295,ns,NA,NA,0.4652,0.5415,0.3711,-,0.1725,ns,NA,NA,1.686,1.697,1.673,ns,6.142e-4,-,-0.008955,18.33,0.3681,0.4202,0.3038,-,0.1553,ns,NA,NA,0.3086,0.3183,0.2966,ns,0.01345,ns,NA,NA,5.481,4.89,4.682,ns,0.2295,ns,NA,NA,0.3324,0.3635,0.2939,-,0.1725,ns,NA,NA,73.75,42.01,31.74,ns,0.2393,ns,NA,NA,0.8828,0.8865,0.8782,ns,6.142e-4,-,-0.006238,12.81,0.2908,0.3193,0.2556,-,0.1553,kazakhstan_Polar,568563.8660965258,Polar
ns,NA,NA,139.9,145.5,128.5,ns,0.05203,ns,NA,NA,104.9,107.6,98.04,ns,0.1561,+,0.007012,-13.08,0.9936,0.9649,1.058,+,0.02061,-,-41.51,84320,24530,16450,8082,ns,0.3642,-,-56.11,113500,24680,17040,7642,ns,0.4059,+,0.005527,-10.41,0.7048,0.6677,0.7875,+,0.02024,+,0.006231,-10.73,1.797,1.782,1.831,ns,0.003902,+,0.001661,-2.944,0.4128,0.4024,0.436,+,0.02542,+,0.001182,-1.935,0.449,0.4438,0.4606,+,0.02061,-,-0.08608,179.3,10.11,9.744,8.942,ns,0.4059,+,0.001248,-2.144,0.3745,0.3671,0.391,+,0.02024,-,-23.13,46910,11080,7563,3520,ns,0.385,+,0.001338,-1.767,0.9214,0.9189,0.9271,ns,0.003902,+,9.999e-4,-1.718,0.3019,0.2974,0.3122,+,0.02542,kenya_Equatorial,500.7610271791038,Equatorial
ns,NA,NA,146.7,178.1,129.1,ns,0.2602,ns,NA,NA,113.4,114.4,108.9,ns,0.1977,+,0.02629,-51.53,1.771,1.459,2.011,ns,0.007441,ns,NA,NA,33090,11880,21210,ns,0.3642,ns,NA,NA,18690,8146,10550,ns,0.281,+,0.01724,-33.79,1.028,0.8564,1.161,+,0.04735,ns,NA,NA,1.811,1.755,1.853,+,0.01663,+,0.005526,-10.62,0.5461,0.4896,0.5898,+,0.04943,+,0.00467,-8.86,0.5304,0.4912,0.5608,ns,0.007441,ns,NA,NA,9.836,9.005,9.264,ns,0.281,+,0.006351,-12.33,0.4447,0.411,0.4707,+,0.04735,ns,NA,NA,9915,4001,5914,ns,0.3434,ns,NA,NA,0.9252,0.9117,0.9357,+,0.01663,+,0.003593,-6.881,0.3542,0.3327,0.3709,+,0.04943,kenya_Arid,371.13092275986736,Arid
ns,NA,NA,157.9,174.5,130.3,ns,0.1561,ns,NA,NA,104.7,105.6,97.23,ns,0.01041,ns,NA,NA,1.122,1.153,1.075,ns,0.01002,-,-13.34,27270,8344,5211,3133,ns,0.2602,-,-10.12,20780,7436,4521,2915,ns,0.2291,ns,NA,NA,0.7127,0.7388,0.6721,-,0.03265,ns,NA,NA,1.779,1.78,1.777,ns,0.02132999999999999,ns,NA,NA,0.4399,0.4598,0.409,-,0.03906,ns,NA,NA,0.4887,0.5029,0.4668,ns,0.01002,-,-0.02638,58.92,8.914,8.417,7.978,ns,0.2291,ns,NA,NA,0.4028,0.4154,0.3832,-,0.03265,-,-5.591,11450,3634,2273,1361,ns,0.2602,ns,NA,NA,0.9226,0.9252,0.9187,ns,0.02132999999999999,-,-0.001076,2.476,0.3229,0.3331,0.307,-,0.03906,kenya_Temperate,1472.0754393397915,Temperate
ns,NA,NA,75.44,81.34,70.65,ns,0.05251,-,-2.434,4922,72.3,79.85,65.2,ns,0.3233,ns,NA,NA,3.048,2.663,3.452,ns,0.04214,ns,NA,NA,1469,657.6,811.3,ns,0.02082,ns,NA,NA,482,247,235,ns,0.02085,ns,NA,NA,1.371,1.214,1.536,ns,0.02639,ns,NA,NA,2.06,2.142,1.974,ns,0.05153,ns,NA,NA,0.5587,0.5298,0.5892,ns,0.01161,ns,NA,NA,0.5772,0.5903,0.5634,ns,0.04214,ns,NA,NA,6.18,5.513,5.464,ns,0.02085,ns,NA,NA,0.4638,0.469,0.4583,ns,0.02639,ns,NA,NA,278.2,145.8,132.4,ns,0.02082,ns,NA,NA,0.9557,0.9779,0.9322,ns,0.05153,ns,NA,NA,0.3533,0.3508,0.3559,ns,0.01161,kenya_Polar,8361.420935022734,Polar
ns,NA,NA,219.1,226.1,207.5,ns,0.2801,ns,NA,NA,57.57,51.05,65.6,ns,0.2082,ns,NA,NA,2.077,2.401,1.693,ns,0.01514,ns,NA,NA,589.9,369.8,220.1,ns,0.1561,ns,NA,NA,284,154,130,ns,0.04169,ns,NA,NA,7.666,8.571,6.595,ns,0.009822,+,0.09545,-187.2,4.338,4.156,4.554,ns,0.1159,ns,NA,NA,3.034,3.293,2.727,-,0.1186,+,0.01339,-26.19,0.7893,0.8073,0.7681,ns,0.01514,ns,NA,NA,5.652,5.043,4.875,ns,0.04169,ns,NA,NA,1.676,1.69,1.659,ns,0.009822,ns,NA,NA,224.2,124.3,99.85,ns,0.1353,+,0.02157,-41.99,1.439,1.372,1.518,ns,0.1159,ns,NA,NA,1.215,1.263,1.159,-,0.1186,kosovo_Boreal,381.9684664743524,Boreal
NA,NA,NA,214.8,211.8,219.8,NA,NA,NA,NA,NA,26.35,18.46,36.11,NA,NA,NA,NA,NA,1.003,1.052,0.9341,NA,NA,NA,NA,NA,29.09,17.88,11.21,NA,NA,NA,NA,NA,29,17,12,NA,NA,NA,NA,NA,4.945,5.366,4.347,NA,NA,NA,NA,NA,2.379,2.471,2.25,NA,NA,NA,NA,NA,2.584,2.488,2.721,NA,NA,NA,NA,NA,0.531,0.5318,0.53,NA,NA,NA,NA,NA,3.401,2.89,2.565,NA,NA,NA,NA,NA,1.386,1.351,1.437,NA,NA,NA,NA,NA,15.4,9.04,6.36,NA,NA,NA,NA,NA,1.095,1.145,1.026,NA,NA,NA,NA,NA,1.135,1.083,1.208,NA,NA,kosovo_Temperate,7746.133847210612,Temperate
ns,NA,NA,213,219,187.2,ns,0.09366,+,2.202,-4378,66.95,54.2,101.5,+,0.5099,-,-0.09758,197.8,2.307,2.57,1.604,-,0.1278,-,-7.188,14490,1746,1416,330.5,-,0.5724,-,-2.545,5142,757,551,206,-,0.4794,-,-0.2608,528.6,6.319,7.478,3.22,-,0.1843,ns,NA,NA,3.247,3.307,3.087,ns,0.0642,-,-0.1244,251.7,2.623,3.097,1.357,-,0.1762,-,-0.01533,31.57,0.8319,0.8846,0.691,-,0.1278,-,-0.09609,196.3,6.631,6.314,5.333,-,0.4794,-,-0.01941,40.18,1.266,1.361,1.012,-,0.1843,-,-2.53,5107,629.8,487.4,142.3,-,0.614,ns,NA,NA,1.266,1.285,1.213,ns,0.0642,-,-0.02786,56.85,0.9302,1.006,0.7281,-,0.1762,kyrgyzstan_Arid,2348.7492204536647,Arid
ns,NA,NA,251,249.3,265.9,ns,0.1561,ns,NA,NA,47.45,46.51,52.66,ns,0.05203,-,-0.1143,231.2,3.109,3.857,1.172,-,0.2096,-,-3.933,7936,1629,1458,171.1,-,0.6764,-,-1.795,3623,524,378,146,-,0.5209,-,-0.2753,557.4,5.637,6.954,2.227,-,0.261,-,-0.07832,161,3.55,3.722,3.103,-,0.1131,-,-0.09111,184.9,2.386,2.819,1.265,-,0.2904,-,-0.03662,74.6,0.916,1.039,0.5976,-,0.2096,-,-0.1334,271,6.263,5.938,4.99,-,0.5209,-,-0.05668,115.4,1.303,1.457,0.9056,-,0.261,-,-1.543,3114,480,392.7,87.25,-,0.6764,-,-0.0111,23.67,1.306,1.347,1.199,-,0.1131,-,-0.01302,27.03,0.9483,1.048,0.6908,-,0.2904,kyrgyzstan_Boreal,2518.270821310157,Boreal
+,1.53,-2824,247.2,229,262.6,+,0.6068,ns,NA,NA,36.72,38.74,26.63,ns,0.05214,ns,NA,NA,0.5462,0.5425,0.5493,ns,0.01395,ns,NA,NA,436.4,199.1,237.3,ns,0.2602,ns,NA,NA,799,367,432,ns,0.1977,-,-0.02308,47.37,0.9747,1.092,0.875,-,0.1601,ns,NA,NA,1.991,2.005,1.979,ns,0.02628,-,-0.01181,24.43,0.7347,0.8135,0.6679,-,0.1212,ns,NA,NA,0.3759,0.3733,0.378,ns,0.01395,ns,NA,NA,6.685,5.908,6.071,ns,0.1977,-,-0.0101,20.92,0.6145,0.6588,0.5768,-,0.1601,+,1.136,-2268,300.3,137,163.3,ns,0.2602,ns,NA,NA,0.966,0.9676,0.9647,ns,0.02628,-,-0.00641,13.42,0.5205,0.556,0.4903,-,0.1212,kyrgyzstan_Polar,9399.623483931646,Polar
ns,NA,NA,87.62,86.05,89.7,ns,0.07285,-,-1.335,2714,40.97,46.52,32.05,-,0.614,-,-0.004159,8.777,0.449,0.4805,0.4131,-,0.0269,ns,NA,NA,61180,34900,26280,ns,0.01041,ns,NA,NA,136300,72640,63620,ns,0.01041,-,-0.002732,5.839,0.3803,0.4036,0.3536,-,0.04253,-,-0.001272,3.721,1.182,1.194,1.168,-,0.01951,-,-0.001359,3.047,0.3402,0.3561,0.3221,-,0.04265999999999999,-,-0.001391,3.103,0.3198,0.3321,0.3057,-,0.0269,ns,NA,NA,11.82,11.19,11.06,ns,0.01041,-,-0.001279,2.847,0.292,0.303,0.2794,-,0.04253,ns,NA,NA,43570,24120,19450,ns,0.01041,-,-4.091e-4,1.577,0.76,0.764,0.7554,-,0.01951,-,-7.829e-4,1.835,0.2752,0.284,0.2651,-,0.04265999999999999,laos_Temperate,77.27457446813264,Temperate
+,0.505,-936.2,80.32,77.49,83.34,+,0.5307,ns,NA,NA,42.56,43.6,41.22,ns,0.05203,-,-0.002532,5.536,0.4791,0.5079,0.4519,-,0.01199,ns,NA,NA,91000,46930,44070,ns,0.05203,ns,NA,NA,189900,92410,97520,ns,0.1145,-,-0.002386,5.179,0.3971,0.4163,0.379,-,0.01993,ns,NA,NA,1.181,1.189,1.172,-,0.0109,-,-0.001924,4.216,0.3494,0.3619,0.3376,-,0.0199,-,-6.527e-4,1.632,0.3254,0.3345,0.3168,-,0.01199,ns,NA,NA,12.15,11.43,11.49,ns,0.1145,-,-9.934e-4,2.29,0.2966,0.3045,0.289,-,0.01993,ns,NA,NA,61810,30910,30900,ns,0.09366,ns,NA,NA,0.7591,0.762,0.7564,-,0.0109,-,-9.952e-4,2.277,0.2787,0.285,0.2727,-,0.0199,laos_Equatorial,51.95138727824833,Equatorial
+,5.73,-11440,108.4,102.3,139.6,ns,0.4183,ns,NA,NA,56.63,53.32,62.84,ns,0.0318,ns,NA,NA,1.339,1.336,1.351,ns,0.04052,-,-0.7567,1530,444.5,371.5,72.94,ns,0.073,-,-0.4808,971.4,332,278,54,ns,0.1567,ns,NA,NA,3.294,3.252,3.514,ns,0.07489,-,-0.06474,132.3,2.693,2.763,2.333,ns,0.03706,ns,NA,NA,1.577,1.53,1.818,ns,0.07382,ns,NA,NA,0.5972,0.592,0.624,ns,0.04052,-,-0.1082,219.4,5.808,5.631,4.007,ns,0.1567,ns,NA,NA,1.081,1.071,1.135,ns,0.07489,ns,NA,NA,198.3,164.6,33.7,ns,0.073,-,-0.01271,26.55,1.1,1.107,1.062,ns,0.03706,ns,NA,NA,0.8307,0.8207,0.882,ns,0.07382,latvia_Boreal,2985.5880449202004,Boreal
NA,NA,NA,253.1,246.3,259.2,NA,NA,NA,NA,NA,40.6,44.25,36.45,NA,NA,NA,NA,NA,1.322,1.107,1.603,NA,NA,NA,NA,NA,79.31,37.63,41.68,NA,NA,NA,NA,NA,60,34,26,NA,NA,NA,NA,NA,3.832,3.321,4.5,NA,NA,NA,NA,NA,2.817,2.588,3.115,NA,NA,NA,NA,NA,1.941,1.976,1.896,NA,NA,NA,NA,NA,0.6467,0.5997,0.7081,NA,NA,NA,NA,NA,4.111,3.555,3.296,NA,NA,NA,NA,NA,1.304,1.252,1.371,NA,NA,NA,NA,NA,38.8,20.39,18.41,NA,NA,NA,NA,NA,1.187,1.128,1.265,NA,NA,NA,NA,NA,0.9668,0.9839,0.9443,NA,NA,lebanon_Temperate,2606.7771062703196,Temperate
+,0.8637,-1510,228,226.6,231.7,ns,0.2602,+,0.5736,-1127,29.09,25.92,36.16,ns,0.385,-,-0.0304,62.35,1.285,1.459,0.9672,-,0.04214,-,-23.14,46800,5918,4339,1579,-,0.5515,-,-17.27,34990,4607,2974,1633,ns,0.385,ns,NA,NA,1.172,1.248,1.033,ns,0.01933,ns,NA,NA,2.209,2.273,2.092,-,0.04651,ns,NA,NA,0.604,0.6384,0.5413,ns,0.007074,ns,NA,NA,0.5746,0.6089,0.512,-,0.04214,-,-0.05758,121.4,8.436,7.998,7.399,ns,0.385,ns,NA,NA,0.5243,0.5456,0.4856,ns,0.01933,-,-8.818,17870,2647,1811,836,-,0.4891,ns,NA,NA,1.047,1.063,1.019,-,0.04651,ns,NA,NA,0.3925,0.405,0.3699,ns,0.007074,lesotho_Temperate,104.77329855978206,Temperate
+,1.101,-1986,225.4,225.3,225.6,ns,0.07285,ns,NA,NA,23.23,21.76,26.05,ns,0.05203,ns,NA,NA,1.308,1.272,1.388,ns,0.03315,-,-3.334,6739,1514,1022,492.6,-,0.5099,-,-4.225,8527,1158,803,355,-,0.5932,ns,NA,NA,0.8216,0.8041,0.8611,ns,0.02763,ns,NA,NA,2.171,2.121,2.285,ns,0.04151,ns,NA,NA,0.4572,0.4582,0.4549,ns,0.01678,ns,NA,NA,0.5419,0.5483,0.5273,ns,0.03315,-,-0.07673,158.5,7.055,6.69,5.875,-,0.5932,ns,NA,NA,0.4376,0.4415,0.4289,ns,0.02763,-,-1.979,4004,627.5,440.3,187.2,-,0.6348,ns,NA,NA,1.033,1.02,1.061,ns,0.04151,ns,NA,NA,0.332,0.3365,0.3219,ns,0.01678,lesotho_Boreal,409.4535961653528,Boreal
ns,NA,NA,220.3,223.6,212.2,ns,0.09366,-,-0.6412,1298,26.65,22.06,34.12,ns,0.1561,-,-0.05832,118.6,0.8897,0.9325,0.8002,ns,0.01741,-,-5.859,11850,1297,919.5,377.7,-,0.6556,-,-4,8125,1458,986,472,-,0.4792,ns,NA,NA,0.5986,0.6276,0.538,ns,0.05331,ns,NA,NA,2.068,2.043,2.121,ns,0.04731,ns,NA,NA,0.3733,0.3868,0.345,ns,0.03021,ns,NA,NA,0.4648,0.4705,0.453,ns,0.01741,-,-0.07202,148.3,7.286,6.895,6.159,-,0.4792,ns,NA,NA,0.3735,0.3822,0.3554,ns,0.05331,-,-2.82,5698,677.7,463.9,213.8,-,0.5515,ns,NA,NA,0.9985,0.9888,1.019,ns,0.04731,ns,NA,NA,0.291,0.298,0.2763,ns,0.03021,lesotho_Polar,478.0015686058091,Polar
ns,NA,NA,87.62,99.14,78.76,ns,0.07285,ns,NA,NA,34.07,35.23,30.3,ns,0.05203,-,-0.005915,12.43,0.5558,0.5756,0.5416,-,0.01911,ns,NA,NA,16350,7109,9242,ns,0.1353,ns,NA,NA,29420,12350,17070,ns,0.1353,-,-0.00404,8.515,0.4363,0.4597,0.4194,-,0.02145,ns,NA,NA,1.42,1.403,1.432,+,0.01383,-,-0.002269,4.887,0.3415,0.3588,0.3291,-,0.02743,-,-0.001797,3.958,0.3531,0.3592,0.3487,-,0.01911,ns,NA,NA,10.29,9.422,9.745,ns,0.1353,-,-0.002193,4.717,0.311,0.3192,0.3051,-,0.02145,ns,NA,NA,10390,4437,5950,ns,0.1561,ns,NA,NA,0.8269,0.8221,0.8304,+,0.01383,-,-0.001431,3.151,0.2736,0.2819,0.2677,-,0.02743,liberia_Equatorial,120.80761646090046,Equatorial
NA,NA,NA,165.6,232,144.1,NA,NA,NA,NA,NA,40.66,24.16,9.713,NA,NA,NA,NA,NA,3.959,1.776,6.579,NA,NA,NA,NA,NA,87.1,21.31,65.79,NA,NA,NA,NA,NA,22,12,10,NA,NA,NA,NA,NA,2.273,1.324,3.413,NA,NA,NA,NA,NA,3.455,3.25,3.7,NA,NA,NA,NA,NA,0.8793,0.6579,1.145,NA,NA,NA,NA,NA,0.9133,0.7671,1.089,NA,NA,NA,NA,NA,3.135,2.565,2.398,NA,NA,NA,NA,NA,0.7439,0.6438,0.864,NA,NA,NA,NA,NA,20.09,9.205,10.89,NA,NA,NA,NA,NA,1.278,1.226,1.341,NA,NA,NA,NA,NA,0.4654,0.397,0.5476,NA,NA,libya_Temperate,385583.8972339353,Temperate
ns,NA,NA,261.8,302.5,215.1,ns,0.3689,NA,0,0,83.36,64.37,78.26,ns,0.1714,ns,NA,NA,1.391,1.599,1.21,ns,0.1368,ns,NA,NA,176.6,94.34,82.31,ns,0.2171,ns,NA,NA,127,59,68,ns,0.2405,+,0.05428,-108.8,0.8198,0.8659,0.7797,ns,0.158,ns,NA,NA,3.528,3.966,3.147,ns,0.1352,+,0.02046,-40.87,0.4298,0.3898,0.4645,ns,0.1435,ns,NA,NA,0.7054,0.7834,0.6376,ns,0.1368,NA,0,0,4.852,4.094,4.234,ns,0.2405,+,0.01617,-32.18,0.5017,0.5454,0.4638,ns,0.158,ns,NA,NA,89.58,46.22,43.36,ns,0.2399,-,-0.0588,119.6,1.286,1.373,1.211,ns,0.1352,+,0.01173,-23.34,0.3256,0.319,0.3313,ns,0.1435,libya_Arid,190129.2566123266,Arid
+,4.5,-8898,145.9,142,180,ns,0.4102,-,-1.785,3599,70.22,69.48,68.44,-,0.4732,-,-0.04743,95.82,0.8029,0.8081,0.7595,ns,0.1164,-,-1.098,2214,338,303.8,34.18,-,0.6768,-,-1.795,3618,421,376,45,-,0.7412,-,-0.06842,138.7,1.767,1.829,1.25,-,0.1388,ns,NA,NA,2.732,2.753,2.556,ns,0.09613,-,-0.01242,25.93,0.994,1.011,0.8502,ns,0.09294,-,-0.01672,34.06,0.4672,0.474,0.41,ns,0.1164,-,-0.1783,360.8,6.045,5.932,3.829,-,0.7412,-,-0.01622,33.39,0.8193,0.8337,0.699,-,0.1388,-,-0.7434,1498,196.7,178.2,18.45,-,0.7184,ns,NA,NA,1.097,1.106,1.02,ns,0.09613,-,-0.004541,9.749,0.6317,0.6379,0.5798,ns,0.09294,lithuania_Boreal,3941.497320622267,Boreal
NA,NA,NA,69.4,69.4,NA,NA,NA,NA,NA,NA,1.643,1.643,NA,NA,NA,NA,NA,NA,1.077,1.077,NA,NA,NA,NA,NA,NA,2.155,2.155,0,NA,NA,NA,NA,NA,2,2,0,NA,NA,NA,NA,NA,2.683,2.683,NA,NA,NA,NA,NA,NA,3.5,3.5,NA,NA,NA,NA,NA,NA,1.342,1.342,NA,NA,NA,NA,NA,NA,0.6369,0.6369,NA,NA,NA,NA,NA,NA,1.099,1.099,0,NA,NA,NA,NA,NA,1.198,1.198,NA,NA,NA,NA,NA,NA,1.274,1.274,0,NA,NA,NA,NA,NA,1.32,1.32,NA,NA,NA,NA,NA,NA,0.8442,0.8442,NA,NA,NA,luxembourg_Temperate,25028.256327059167,Temperate
-,-1.161,2571,229.7,233.2,224.6,ns,0.3642,ns,NA,NA,63.1,61.07,65.56,ns,0.2602,-,-0.02054,42.63,1.439,1.583,1.274,-,0.0532,-,-371.1,764400,410800,241900,168900,ns,0.4059,ns,NA,NA,285400,152800,132600,ns,0.03122,-,-0.01066,22.19,0.7636,0.8291,0.6882,-,0.05472,-,-0.01977,42.88,3.082,3.131,3.026,-,0.02915,-,-0.004584,9.605,0.3988,0.4255,0.3681,-,0.05238,-,-0.006369,13.42,0.6275,0.6557,0.595,-,0.0532,ns,NA,NA,12.56,11.94,11.8,ns,0.03122,-,-0.004457,9.418,0.4605,0.4832,0.4343,-,0.05472,-,-151.9,314300,179100,100200,78900,ns,0.281,-,-0.00362,8.479,1.189,1.199,1.178,-,0.02915,-,-0.002817,5.969,0.3082,0.3218,0.2924,-,0.05238,madagascar_Equatorial,29.886814522190814,Equatorial
-,-1.28,2818,243.7,248.8,236.2,-,0.718,+,0.5615,-1083,48.08,45.45,50.81,ns,0.4683,-,-0.06041,123.3,1.904,2.284,1.528,-,0.04433,-,-598.7,1225000,402000,239800,162200,-,0.5307,+,152.7,-296100,211100,105000,106100,ns,0.281,-,-0.01732,35.68,0.8895,1.015,0.7655,-,0.04441,-,-0.03271,69.1,3.339,3.45,3.229,-,0.02878,-,-0.003689,7.816,0.4195,0.4582,0.3813,-,0.04349,-,-0.00924,19.25,0.6652,0.7047,0.6261,-,0.04433,+,0.01312,-17.07,12.26,11.56,11.57,ns,0.281,-,-0.00567,11.88,0.4824,0.5121,0.4531,-,0.04441,ns,NA,NA,140400,74000,66430,ns,0.1145,-,-0.006128,13.54,1.218,1.236,1.202,-,0.02878,-,-0.002292,4.916,0.3143,0.3307,0.2981,-,0.04349,madagascar_Temperate,30.54276527170782,Temperate
ns,NA,NA,170.7,173.6,166.5,ns,0.01041,ns,NA,NA,71.16,69.65,73.03,ns,0.1353,-,-0.009073,19.78,1.571,1.629,1.496,-,0.03325,-,-35.72,73810,46680,27310,19370,ns,0.2185,ns,NA,NA,29710,16770,12940,ns,0.1353,ns,NA,NA,0.7935,0.8411,0.7319,-,0.0399,-,-0.01734,37.87,3.073,3.119,3.012,-,0.02342,ns,NA,NA,0.4084,0.4291,0.3817,-,0.03232,-,-0.002713,6.047,0.6247,0.645,0.5985,-,0.03325,ns,NA,NA,10.3,9.727,9.468,ns,0.1353,-,-0.001731,3.928,0.4606,0.478,0.4381,-,0.0399,-,-20.41,41850,18560,10810,7747,ns,0.1977,-,-0.003914,9.029,1.173,1.182,1.162,-,0.02342,ns,NA,NA,0.3108,0.3204,0.2984,-,0.03232,madagascar_Arid,263.0441955669261,Arid
-,-1.15,2555,239.4,242,236,ns,0.3018,+,0.6711,-1305,46.39,43.88,49.41,ns,0.3226,-,-0.01028,21.51,0.8243,0.846,0.7964,-,0.01393,-,-39.92,83200,50960,29400,21570,ns,0.3642,-,-36.36,76060,61830,34750,27080,ns,0.3434,-,-0.004907,10.5,0.6177,0.6356,0.5947,-,0.01292,-,-0.001397,4.215,1.385,1.388,1.38,-,0.008619,-,-0.001931,4.344,0.4694,0.48,0.4557,-,0.01274,-,-0.001385,3.221,0.4356,0.4418,0.4275,-,0.01393,-,-0.01283,33.77,11.03,10.46,10.21,ns,0.3434,-,-0.001416,3.242,0.386,0.3919,0.3784,-,0.01292,-,-17.56,36590,26930,15350,11580,ns,0.4683,-,-8.695e-4,2.579,0.8249,0.8259,0.8237,-,0.008619,-,-8.745e-4,2.101,0.3423,0.3469,0.3364,-,0.01274,malawi_Equatorial,48.53778694419657,Equatorial
+,0.4582,-672.2,252.4,250.7,254.6,ns,0.385,-,-0.3663,776.8,41.73,42.42,40.76,ns,0.4267,+,0.003007,-5.178,0.8916,0.8845,0.9004,ns,0.00715,-,-44.03,91800,60090,33070,27010,ns,0.05203,-,-50.4,105000,67390,37390,30000,ns,0.1353,ns,NA,NA,0.6625,0.6664,0.6577,ns,0.006945,ns,NA,NA,1.408,1.404,1.414,ns,0.005123,ns,NA,NA,0.4801,0.4808,0.4794,ns,0.006944,+,0.001004,-1.576,0.4485,0.4442,0.4538,ns,0.00715,-,-0.01392,36.18,11.12,10.53,10.31,ns,0.1353,ns,NA,NA,0.3934,0.392,0.3952,ns,0.006945,-,-15.1,31890,30220,16610,13610,ns,0.1561,+,4.354e-4,-0.04345,0.8312,0.8293,0.8336,ns,0.005123,ns,NA,NA,0.3448,0.3441,0.3456,ns,0.006944,malawi_Temperate,41.16858239123475,Temperate
NA,NA,NA,195.5,199.7,191.4,NA,NA,NA,NA,NA,23.81,30.02,20.38,NA,NA,NA,NA,NA,0.3295,0.3844,0.2884,NA,NA,NA,NA,NA,6.92,3.46,3.461,NA,NA,NA,NA,NA,21,9,12,NA,NA,NA,NA,NA,0.3169,0.3578,0.2862,NA,NA,NA,NA,NA,1.048,1.111,1,NA,NA,NA,NA,NA,0.3169,0.3578,0.2862,NA,NA,NA,NA,NA,0.2774,0.316,0.2485,NA,NA,NA,NA,NA,3.091,2.303,2.565,NA,NA,NA,NA,NA,0.2679,0.296,0.2468,NA,NA,NA,NA,NA,5.826,2.844,2.982,NA,NA,NA,NA,NA,0.7125,0.7382,0.6931,NA,NA,NA,NA,NA,0.2679,0.296,0.2468,NA,NA,malawi_Arid,357457.3691646117,Arid
ns,NA,NA,123.2,127.6,115.2,ns,0.01041,-,-1.718,3514,86.69,94.49,69.3,-,0.4891,ns,NA,NA,1.269,1.278,1.253,ns,0.01898,-,-15.81,32190,8648,5615,3033,ns,0.4475,-,-14.4,29190,6815,4395,2420,-,0.4891,ns,NA,NA,0.5906,0.5945,0.5835,ns,0.006191,ns,NA,NA,3.356,3.289,3.477,+,0.02486,ns,NA,NA,0.3021,0.3031,0.3004,ns,0.007986,ns,NA,NA,0.529,0.5231,0.5396,ns,0.01898,-,-0.07887,164.3,8.827,8.388,7.792,-,0.4891,ns,NA,NA,0.3784,0.3772,0.3805,ns,0.006191,-,-6.477,13140,3605,2299,1306,ns,0.4267,ns,NA,NA,1.173,1.162,1.193,+,0.02486,ns,NA,NA,0.2509,0.2514,0.25,ns,0.007986,malaysia_Equatorial,782.3276452575973,Equatorial
NA,NA,NA,100.1,54.83,153.2,NA,NA,NA,NA,NA,81.7,22.14,98.29,NA,NA,NA,NA,NA,0.3635,0.4321,0.3063,NA,NA,NA,NA,NA,7.997,4.321,3.676,NA,NA,NA,NA,NA,22,10,12,NA,NA,NA,NA,NA,0.2927,0.3435,0.2504,NA,NA,NA,NA,NA,1.682,1.4,1.917,NA,NA,NA,NA,NA,0.2618,0.3274,0.2072,NA,NA,NA,NA,NA,0.2978,0.3406,0.2621,NA,NA,NA,NA,NA,3.135,2.398,2.565,NA,NA,NA,NA,NA,0.2505,0.2853,0.2216,NA,NA,NA,NA,NA,6.551,3.406,3.145,NA,NA,NA,NA,NA,0.8935,0.8253,0.9503,NA,NA,NA,NA,NA,0.2261,0.274,0.1861,NA,NA,malaysia_Temperate,846014.071710769,Temperate
ns,NA,NA,253.2,257.2,247.1,ns,0.07285,+,0.5625,-1042,94.5,90.27,100.3,ns,0.1353,-,-0.156,319.6,6.1,6.716,5.354,-,0.03355,-,-935.5,1917000,789700,475900,313900,-,0.5307,ns,NA,NA,129500,70850,58630,ns,0.1561,-,-0.05862,120.4,2.659,2.84,2.441,-,0.03736,-,-0.01268,29.2,3.723,3.734,3.71,-,0.01435,-,-0.01387,28.77,0.9175,0.9664,0.8584,-,0.04086,-,-0.007725,16.49,0.9648,0.9898,0.9346,-,0.03355,ns,NA,NA,11.77,11.17,10.98,ns,0.1561,-,-0.00747,15.76,0.749,0.7734,0.7195,-,0.03736,-,-80.7,168400,124900,70130,54790,ns,0.3226,-,-0.001931,5.182,1.297,1.298,1.296,-,0.01435,-,-0.003951,8.413,0.475,0.491,0.4556,-,0.04086,mali_Arid,32.89813493645674,Arid
-,-1.485,3202,220.2,235.1,194.9,ns,0.4683,ns,NA,NA,140.8,137.1,143.3,ns,0.01041,-,-0.06167,126.5,2.757,3.113,2.308,-,0.06888,-,-826,1692000,690300,434800,255500,-,0.7389,-,-139.2,291400,250400,139700,110700,ns,0.4059,-,-0.02427,50.1,1.312,1.449,1.14,-,0.07393,-,-0.01355,30.85,3.589,3.675,3.48,-,0.03754,-,-0.00715,14.94,0.5509,0.5915,0.4996,-,0.07319,-,-0.004886,10.68,0.819,0.8618,0.7651,-,0.06888,-,-0.01254,34.56,12.43,11.85,11.61,ns,0.4059,-,-0.005832,12.36,0.6207,0.6561,0.5761,-,0.07393,-,-125.9,262800,205000,120400,84700,-,0.5099,-,-0.002526,6.385,1.286,1.304,1.264,-,0.03754,-,-0.003356,7.143,0.3881,0.4075,0.3636,-,0.07319,mali_Equatorial,37.63529562362958,Equatorial
ns,NA,NA,216.7,220.1,205.7,ns,0.07285,ns,NA,NA,120.4,117.8,127.7,ns,0.2393,-,-0.9118,1851,18.38,20.74,13.56,-,0.08752,-,-248.2,501600,58090,44000,14090,-,0.6348,-,-7.538,15260,3161,2122,1039,-,0.5099,-,-0.6754,1370,11.76,13.39,8.422,-,0.09723,ns,NA,NA,3.541,3.479,3.669,ns,0.009266,-,-0.1413,287.7,3.872,4.38,2.834,-,0.1229,-,-0.03472,71.44,1.498,1.578,1.334,-,0.08752,-,-0.06976,145.3,8.059,7.661,6.947,-,0.5099,-,-0.03419,70.05,1.35,1.431,1.183,-,0.09723,-,-15.16,30650,4735,3349,1386,-,0.5932,ns,NA,NA,1.309,1.294,1.34,ns,0.009266,-,-0.02583,52.86,0.9417,1.009,0.8049,-,0.1229,mauritania_Arid,369.08644631221085,Arid
ns,NA,NA,114.3,115.4,112.8,ns,0.2185,+,0.7795,-1519,47.58,45.18,50.53,+,0.5099,ns,NA,NA,1.288,1.315,1.254,-,0.01682,ns,NA,NA,195100,111000,84040,ns,0.1145,ns,NA,NA,151500,84430,67040,ns,0.1769,ns,NA,NA,0.9195,0.9357,0.899,-,0.01608,ns,NA,NA,3.016,3.012,3.021,ns,0.005227,ns,NA,NA,0.4681,0.4712,0.4641,-,0.01845,-,-0.001789,4.09,0.5327,0.5388,0.525,-,0.01682,ns,NA,NA,11.93,11.34,11.11,ns,0.1769,ns,NA,NA,0.4903,0.4907,0.4897,-,0.01608,ns,NA,NA,80690,45490,35190,ns,0.1353,ns,NA,NA,1.143,1.142,1.145,ns,0.005227,ns,NA,NA,0.3441,0.3438,0.3444,+,0.01845,mexico_Equatorial,206.04217443541967,Equatorial
ns,NA,NA,129.8,131.8,127,ns,0.1145,ns,NA,NA,45.66,48.44,41.05,ns,0.09366,ns,NA,NA,2.512,2.61,2.38,-,0.0446,-,-100.9,206700,83550,49750,33810,ns,0.2393,-,-47.25,96920,33260,19060,14200,ns,0.3434,-,-0.007493,15.91,1.005,1.039,0.9587,-,0.0392,-,-0.01798,39.73,3.534,3.628,3.409,-,0.02734,-,-0.001373,3.192,0.436,0.4454,0.4233,-,0.03001,-,-0.004994,10.72,0.7048,0.7263,0.676,-,0.0446,-,-0.021,50.03,10.41,9.855,9.561,ns,0.3434,-,-0.00533,11.21,0.5032,0.517,0.4847,-,0.0392,-,-33.38,68500,23440,13840,9602,ns,0.3226,-,-0.003951,9.202,1.241,1.259,1.218,-,0.02734,-,-7.65e-4,1.854,0.3207,0.3263,0.3133,-,0.03001,mexico_Temperate,481.02420054076725,Temperate
ns,NA,NA,156.9,153,163,ns,0.1145,+,1.047,-2027,76.13,72.4,81.33,ns,0.3642,+,0.04777,-92.96,2.746,2.734,2.766,+,0.02428,ns,NA,NA,48840,29960,18870,ns,0.1353,-,-20.77,42610,17780,10960,6824,-,0.8013,+,0.0246,-48.24,1.201,1.145,1.291,+,0.03227,ns,NA,NA,3.631,3.665,3.576,ns,5.782e-4,+,0.005477,-10.5,0.4696,0.4567,0.4903,+,0.04068,+,0.006302,-11.97,0.6996,0.6867,0.7204,+,0.02428,-,-0.02487,56.76,9.786,9.302,8.828,-,0.8013,+,0.004679,-8.898,0.5066,0.494,0.5269,+,0.03227,-,-13.46,27640,12440,7527,4916,-,0.6764,ns,NA,NA,1.259,1.259,1.259,ns,5.782e-4,+,0.002977,-5.666,0.3195,0.3121,0.3313,+,0.04068,mexico_Arid,822.9905827767512,Arid
ns,NA,NA,82.39,81.62,83.76,ns,0.2567,ns,NA,NA,47.89,48.76,46.46,ns,0.281,-,-0.06894,139.5,1.12,1.332,0.8735,ns,0.1136,ns,NA,NA,339.5,217.2,122.3,ns,0.3642,ns,NA,NA,303,163,140,ns,0.1981,-,-0.03373,68.26,0.5462,0.6374,0.4401,ns,0.1066,-,-0.08974,183.6,3.106,3.417,2.743,ns,0.1027,-,-0.003641,7.577,0.298,0.3195,0.273,ns,0.05779,-,-0.02086,42.51,0.5291,0.5754,0.4752,ns,0.1136,ns,NA,NA,5.717,5.1,4.949,ns,0.1981,-,-0.01649,33.52,0.3708,0.404,0.3322,ns,0.1066,ns,NA,NA,160.3,93.78,66.53,ns,0.2602,-,-0.02633,54.02,1.168,1.224,1.102,ns,0.1027,-,-0.004186,8.636,0.2476,0.2586,0.2347,ns,0.05779,mexico_Polar,118398.76966578617,Polar
ns,NA,NA,207.2,206.1,209.2,ns,0.1561,ns,NA,NA,53.98,49.31,60.96,ns,0.09366,ns,NA,NA,0.8687,0.8785,0.8529,ns,0.004305,ns,NA,NA,5983,3745,2238,ns,0.1561,ns,NA,NA,6887,4263,2624,ns,0.01041,ns,NA,NA,1.532,1.537,1.524,ns,0.005243,ns,NA,NA,3.16,3.171,3.143,ns,0.007491,ns,NA,NA,0.8747,0.8767,0.8716,ns,0.005063,ns,NA,NA,0.4792,0.482,0.4745,ns,0.004305,ns,NA,NA,8.838,8.358,7.873,ns,0.01041,ns,NA,NA,0.7831,0.7828,0.7837,ns,0.005243,ns,NA,NA,3300,2055,1245,ns,0.03122,ns,NA,NA,1.176,1.177,1.174,ns,0.007491,ns,NA,NA,0.585,0.5846,0.5858,ns,0.005063,moldova_Boreal,114.29790802197437,Boreal
-,-4.969,10180,185.9,202.4,159.6,ns,0.4683,ns,NA,NA,66.73,52.2,78.17,ns,0.281,ns,NA,NA,0.9064,0.9049,0.9089,ns,0.02397,ns,NA,NA,773.2,476,297.2,ns,0.05203,ns,NA,NA,853,526,327,ns,0.06254,ns,NA,NA,2.087,2.017,2.198,ns,0.03664,+,0.03852,-74.52,3.033,3.029,3.04,ns,0.03779,ns,NA,NA,1.12,1.098,1.156,ns,0.04297,ns,NA,NA,0.4896,0.4915,0.4865,ns,0.02397,ns,NA,NA,6.75,6.267,5.793,ns,0.06254,ns,NA,NA,0.8913,0.8845,0.9023,ns,0.03664,ns,NA,NA,417.6,258.5,159.1,ns,0.05203,ns,NA,NA,1.159,1.157,1.161,ns,0.03779,ns,NA,NA,0.6757,0.6736,0.6791,ns,0.04297,moldova_Arid,884.4705236728045,Arid
ns,NA,NA,173,176.9,168.8,ns,0.07285,+,2.625,-5232,67.8,62.48,73.07,+,0.4891,ns,NA,NA,25.4,33.98,19.79,-,0.03504,ns,NA,NA,102600,54240,48400,ns,0.01041,ns,NA,NA,4041,1596,2445,ns,0.1353,ns,NA,NA,14.76,18.22,12.51,-,0.04567,ns,NA,NA,2.518,2.695,2.403,ns,0.01103,ns,NA,NA,3.581,4.138,3.218,-,0.06755,ns,NA,NA,1.056,1.037,1.068,+,0.03504,ns,NA,NA,8.304,7.376,7.802,ns,0.1353,ns,NA,NA,0.9151,0.8862,0.9341,+,0.04567,ns,NA,NA,4267,1655,2612,ns,0.1353,ns,NA,NA,1.079,1.109,1.06,ns,0.01103,ns,NA,NA,0.6821,0.6537,0.7007,+,0.06755,mongolia_Arid,313.9473757558191,Arid
ns,NA,NA,149.7,166.1,120.6,ns,0.2393,ns,NA,NA,59.01,63.24,35.24,ns,0.281,ns,NA,NA,17.52,15.58,22.45,ns,0.008669,-,-539.3,1090000,101000,64590,36450,ns,0.2393,-,-18.05,36480,5769,4145,1624,-,0.5099,ns,NA,NA,7.345,5.969,10.86,ns,0.004537,ns,NA,NA,3.311,3.409,3.06,ns,0.02266,ns,NA,NA,1.584,1.424,1.992,ns,0.01784,+,0.01425,-27.77,0.8191,0.8128,0.8353,ns,0.008669,-,-0.1412,289.6,8.66,8.33,7.393,-,0.5099,+,0.01181,-23.1,0.6533,0.6384,0.6915,ns,0.004537,-,-12.77,25950,4725,3369,1357,ns,0.4475,ns,NA,NA,1.159,1.174,1.122,ns,0.02266,ns,NA,NA,0.4431,0.429,0.4791,ns,0.01784,mongolia_Boreal,318.880429558498,Boreal
ns,NA,NA,223.1,231.2,172.9,ns,0.01041,-,-1.539,3125,42.56,33.53,56.11,ns,0.2602,ns,NA,NA,1.626,1.898,0.861,ns,0.07125,-,-0.5785,1182,1548,1333,215.3,ns,0.2393,-,-2.633,5324,952,702,250,ns,0.3441,ns,NA,NA,0.6634,0.7409,0.4456,ns,0.03036,ns,NA,NA,2.484,2.58,2.216,ns,0.06043,ns,NA,NA,0.3381,0.3538,0.2942,ns,0.03492,ns,NA,NA,0.4498,0.4708,0.3909,ns,0.07125,-,-0.1089,222.9,6.86,6.555,5.525,ns,0.3441,ns,NA,NA,0.3459,0.3587,0.3097,ns,0.03036,-,-0.846,1717,428.2,330.5,97.73,ns,0.3434,ns,NA,NA,1.042,1.062,0.9871,ns,0.06043,ns,NA,NA,0.2572,0.2626,0.2421,ns,0.03492,mongolia_Polar,20815.370077187752,Polar
ns,NA,NA,209.4,211.9,207.3,ns,0.1521,+,1.227,-2461,33.73,25.65,39.3,ns,0.3347,+,0.05654,-111.3,2.92,2.9,2.938,ns,0.01021,ns,NA,NA,893.5,414.6,478.9,ns,0.1981,ns,NA,NA,306,143,163,ns,0.1984,ns,NA,NA,7.763,7.513,7.982,ns,0.002258,ns,NA,NA,4.693,4.552,4.816,ns,0.01669,ns,NA,NA,3.106,3.248,2.982,ns,0.05298,+,0.01739,-33.94,1.014,1.001,1.025,ns,0.01021,ns,NA,NA,5.727,4.97,5.1,ns,0.1984,ns,NA,NA,1.809,1.801,1.816,ns,0.002258,ns,NA,NA,310.3,143.1,167.1,ns,0.1981,ns,NA,NA,1.54,1.514,1.563,ns,0.01669,ns,NA,NA,1.275,1.306,1.248,ns,0.05298,montenegro_Temperate,315.8293713357809,Temperate
ns,NA,NA,219.7,231.3,214.7,ns,0.1838,ns,NA,NA,58.18,32.79,65.64,ns,0.0212,ns,NA,NA,2.061,2.111,2.04,ns,0.008962,+,1.206,-2416,641,194.2,446.8,ns,0.1354,+,0.9167,-1836,311,92,219,ns,0.1781,ns,NA,NA,4.87,5.03,4.802,ns,0.01483,ns,NA,NA,4.125,4.359,4.027,ns,0.002901,ns,NA,NA,2.156,2.212,2.132,ns,0.003529,ns,NA,NA,0.7405,0.7546,0.7345,ns,0.008962,+,0.1335,-266.7,5.743,4.533,5.394,ns,0.1781,ns,NA,NA,1.405,1.427,1.396,ns,0.01483,+,0.6394,-1280,230.3,69.43,160.9,ns,0.1563,ns,NA,NA,1.342,1.365,1.332,ns,0.002901,ns,NA,NA,1.034,1.04,1.031,ns,0.003529,montenegro_Boreal,440.2396045003997,Boreal
ns,NA,NA,228.8,231.3,225.4,ns,0.1769,ns,NA,NA,37.28,40.8,31.81,ns,0.1769,ns,NA,NA,2.013,1.92,2.151,ns,0.009388,ns,NA,NA,763,433.9,329.1,ns,0.1769,ns,NA,NA,379,226,153,ns,0.1669,ns,NA,NA,1.088,1.05,1.143,ns,0.01529,ns,NA,NA,3.628,3.584,3.693,ns,0.02363,ns,NA,NA,0.4733,0.4662,0.4837,ns,7.701e-4,ns,NA,NA,0.7743,0.7599,0.7955,ns,0.009388,ns,NA,NA,5.94,5.425,5.037,ns,0.1669,ns,NA,NA,0.5653,0.5498,0.5881,ns,0.01529,ns,NA,NA,293.5,171.7,121.7,ns,0.1977,ns,NA,NA,1.314,1.297,1.34,ns,0.02363,ns,NA,NA,0.3483,0.3445,0.3541,ns,7.701e-4,morocco_Temperate,15761.629962863728,Temperate
NA,NA,NA,206.1,195.1,213.8,NA,NA,NA,NA,NA,48.1,62.37,32.84,NA,NA,NA,NA,NA,2.331,1.408,4.33,NA,NA,NA,NA,NA,221.4,91.52,129.9,NA,NA,NA,NA,NA,95,65,30,NA,NA,NA,NA,NA,1.482,1.011,2.504,NA,NA,NA,NA,NA,2.779,2.277,3.867,NA,NA,NA,NA,NA,0.6795,0.589,0.8756,NA,NA,NA,NA,NA,0.8214,0.6683,1.153,NA,NA,NA,NA,NA,4.564,4.19,3.434,NA,NA,NA,NA,NA,0.6621,0.5484,0.9085,NA,NA,NA,NA,NA,78.03,43.44,34.59,NA,NA,NA,NA,NA,1.157,1.05,1.39,NA,NA,NA,NA,NA,0.4382,0.3913,0.5397,NA,NA,morocco_Arid,54313.10480199507,Arid
NA,NA,NA,107.2,183.9,97.37,NA,NA,NA,NA,NA,36.6,75.76,4.828,NA,NA,NA,NA,NA,1.14,0.6472,1.263,NA,NA,NA,NA,NA,51.3,5.825,45.47,NA,NA,NA,NA,NA,45,9,36,NA,NA,NA,NA,NA,0.5963,0.5486,0.6082,NA,NA,NA,NA,NA,3.578,1.889,4,NA,NA,NA,NA,NA,0.3588,0.4611,0.3333,NA,NA,NA,NA,NA,0.6288,0.4406,0.6759,NA,NA,NA,NA,NA,3.829,2.303,3.611,NA,NA,NA,NA,NA,0.4289,0.3906,0.4385,NA,NA,NA,NA,NA,28.3,3.965,24.33,NA,NA,NA,NA,NA,1.318,0.9342,1.414,NA,NA,NA,NA,NA,0.2857,0.3353,0.2733,NA,NA,morocco_Boreal,234435.95755521307,Boreal
ns,NA,NA,244.5,244.4,244.6,ns,0.1145,ns,NA,NA,52.14,53.56,49.79,ns,0.2185,-,-0.0346,71.72,2.172,2.327,1.962,-,0.03147,-,-216,446800,293500,180800,112700,ns,0.3018,ns,NA,NA,135200,77710,57460,ns,0.1561,-,-0.008984,19.45,1.26,1.324,1.174,-,0.02747,-,-0.0109,24.12,2.088,2.124,2.04,-,0.04215,-,-0.001967,4.6,0.6603,0.676,0.6391,-,0.01972,-,-0.002909,6.54,0.6724,0.69,0.6486,-,0.03147,ns,NA,NA,11.81,11.26,10.96,ns,0.1561,-,-0.002175,4.932,0.5464,0.5596,0.5285,-,0.02747,ns,NA,NA,90890,53620,37270,ns,0.1977,-,-0.002963,6.988,1.008,1.017,0.9966,-,0.04215,-,-0.001334,3.096,0.4126,0.4202,0.4022,-,0.01972,mozambique_Arid,55.61951817567792,Arid
ns,NA,NA,244.1,243.9,244.2,ns,0.01041,-,-0.2414,516.5,33.48,34.23,32.52,ns,0.3226,-,-0.01527,32.61,1.898,1.984,1.802,-,0.008984,-,-940.3,2058000,3299000,1830000,1469000,ns,0.3642,+,273,-463800,1738000,922500,815200,ns,0.3642,-,-0.005537,12.05,0.8884,0.921,0.8514,-,0.01072,-,-0.003688,9.597,2.14,2.148,2.131,-,0.009859,-,-9.548e-4,2.393,0.4738,0.4844,0.4617,-,0.01048,-,-5.628e-4,1.725,0.5781,0.585,0.5703,-,0.008984,+,0.003208,4.902,14.37,13.73,13.61,ns,0.3642,-,-5.794e-4,1.619,0.45,0.4556,0.4437,-,0.01072,ns,NA,NA,1005000,539600,464900,ns,0.1353,-,-5.032e-4,2.023,1.004,1.006,1.002,-,0.009859,-,-5.27e-4,1.397,0.3385,0.3422,0.3343,-,0.01048,mozambique_Equatorial,4.949235449792511,Equatorial
ns,NA,NA,241.5,241.2,241.9,ns,0.1769,ns,NA,NA,32.02,33.42,30.08,ns,0.09366,-,-0.01544,32.84,1.727,1.802,1.637,-,0.01647,-,-336.3,699700,465800,264200,201600,ns,0.3434,ns,NA,NA,269700,146600,123100,ns,0.05203,-,-0.009518,20.04,0.8792,0.9115,0.8408,-,0.01893,ns,NA,NA,2.189,2.192,2.184,-,0.01516,-,-0.002959,6.432,0.4811,0.4922,0.4678,-,0.01901,-,-0.001948,4.529,0.6002,0.6093,0.5895,-,0.01647,ns,NA,NA,12.51,11.9,11.72,ns,0.05203,-,-0.001993,4.479,0.4679,0.476,0.4584,-,0.01893,-,-28.84,65970,161900,89310,72600,ns,0.1977,ns,NA,NA,1.021,1.022,1.019,-,0.01516,-,-0.001403,3.173,0.349,0.3543,0.3428,-,0.01901,mozambique_Temperate,35.05009085912866,Temperate
+,0.7404,-1425,69.72,68.17,71.49,ns,0.2602,+,1.016,-2018,32.29,24.77,39.1,+,0.6972,-,-0.01289,26.7,0.8032,0.8564,0.7498,-,0.01383,-,-284.9,591600,421800,225400,196500,ns,0.3642,ns,NA,NA,525200,263100,262000,ns,0.01041,-,-0.006042,12.74,0.5867,0.6182,0.5551,-,0.01688,-,-6.776e-4,2.624,1.261,1.264,1.258,ns,0.002128,-,-0.003393,7.273,0.4561,0.4737,0.4384,-,0.01751,-,-0.001501,3.423,0.4011,0.4097,0.3924,-,0.01383,ns,NA,NA,13.17,12.48,12.48,ns,0.01041,-,-0.00133,3.032,0.3607,0.36870000000000003,0.3527,-,0.01688,ns,NA,NA,210600,107800,102800,ns,0.09366,-,-1.408e-4,1.064,0.7818,0.7826,0.781,ns,0.002128,-,-0.001161,2.66,0.3282,0.3348,0.3216,-,0.01751,myanmar_Equatorial,32.4444073833357,Equatorial
ns,NA,NA,77.82,77.99,77.61,ns,0.07285,ns,NA,NA,19.93,20.05,19.79,ns,0.1353,ns,NA,NA,0.6586,0.6728,0.6421,-,0.01091,-,-409,838600,273300,149700,123600,ns,0.1977,-,-603.1,1237000,415000,222500,192400,ns,0.1977,-,-0.003293,7.124,0.5069,0.5231,0.4881,-,0.01727,+,7.911e-4,-0.3562,1.239,1.234,1.245,+,0.007477,-,-0.003074,6.594,0.4166,0.4301,0.4011,-,0.01862,-,-9.791e-4,2.345,0.3773,0.382,0.3718,-,0.01091,-,-0.02587,62.13,12.94,12.31,12.17,ns,0.1977,-,-0.001282,2.915,0.3388,0.3443,0.3323,-,0.01727,-,-226,463700,156600,85020,71560,ns,0.1977,+,2.455e-4,0.2819,0.7768,0.7753,0.7786,+,0.007477,-,-0.001448,3.222,0.3117,0.3172,0.3053,-,0.01862,myanmar_Temperate,50.07794418429997,Temperate
ns,NA,NA,65.96,67.03,65.13,ns,0.03122,+,0.8117,-1621,29.71,30.18,29.36,ns,0.4059,-,-0.05267,107,0.959,1.146,0.8511,ns,0.059520000000000003,ns,NA,NA,537,234.9,302.1,ns,0.2393,ns,NA,NA,560,205,355,ns,0.2714,-,-0.03701,75.5,0.7344,0.8241,0.6827,ns,0.07369,-,-0.008822,19.11,1.35,1.434,1.301,ns,0.08357,ns,NA,NA,0.5764,0.6045,0.5602,ns,0.06794,-,-0.01568,32.07,0.5038,0.5588,0.4721,ns,0.059520000000000003,ns,NA,NA,6.33,5.328,5.875,ns,0.2714,-,-0.01139,23.38,0.4457,0.4879,0.4213,ns,0.07369,ns,NA,NA,282.2,114.6,167.6,ns,0.2393,-,-0.004641,10.17,0.8166,0.846,0.7996,ns,0.08357,-,-0.006208,12.92,0.3943,0.418,0.3807,ns,0.06794,myanmar_Arid,25483.56631402598,Arid
NA,NA,NA,230.9,50,273.6,NA,NA,NA,NA,NA,149.8,NA,128.2,NA,NA,NA,NA,NA,0.4538,0.2887,0.5245,NA,NA,NA,NA,NA,4.538,0.8661,3.671,NA,NA,NA,NA,NA,10,3,7,NA,NA,NA,NA,NA,0.4079,0.2862,0.46,NA,NA,NA,NA,NA,1.2,1,1.286,NA,NA,NA,NA,NA,0.4079,0.2862,0.46,NA,NA,NA,NA,NA,0.3576,0.2506,0.4034,NA,NA,NA,NA,NA,2.398,1.386,2.079,NA,NA,NA,NA,NA,0.323,0.2487,0.3549,NA,NA,NA,NA,NA,3.576,0.7518,2.824,NA,NA,NA,NA,NA,0.7742,0.6931,0.809,NA,NA,NA,NA,NA,0.323,0.2487,0.3549,NA,NA,myanmar_Boreal,3016135.8668915113,Boreal
NA,NA,NA,58,NA,58,NA,NA,NA,NA,NA,-0,NA,-0,NA,NA,NA,NA,NA,0.2165,NA,0.2165,NA,NA,NA,NA,NA,0.2165,0,0.2165,NA,NA,NA,NA,NA,1,0,1,NA,NA,NA,NA,NA,0.2147,NA,0.2147,NA,NA,NA,NA,NA,1,NA,1,NA,NA,NA,NA,NA,0.2147,NA,0.2147,NA,NA,NA,NA,NA,0.196,NA,0.196,NA,NA,NA,NA,NA,0.6931,0,0.6931,NA,NA,NA,NA,NA,0.1945,NA,0.1945,NA,NA,NA,NA,NA,0.196,0,0.196,NA,NA,NA,NA,NA,0.6931,NA,0.6931,NA,NA,NA,NA,NA,0.1945,NA,0.1945,NA,NA,myanmar_Polar,63209158.39302506,Polar
ns,NA,NA,243.4,243.8,242.8,ns,0.03122,+,0.7911,-1556,40.8,39.46,42.92,+,0.5307,-,-0.5906,1199,12.44,14.87,9.784,-,0.008748,-,-1637,3334000,777700,486100,291700,-,0.5307,ns,NA,NA,62500,32690,29810,ns,0.1353,-,-0.2054,417.8,4.957,5.912,3.91,-,0.01438,ns,NA,NA,2.691,2.685,2.698,+,0.009424,-,-0.05639,115,1.729,1.993,1.441,-,0.0207,-,-0.006912,14.95,1.05,1.085,1.013,-,0.008748,ns,NA,NA,11.04,10.39,10.3,ns,0.1353,-,-0.007251,15.44,0.8778,0.9138,0.8384,-,0.01438,ns,NA,NA,65650,35450,30200,ns,0.07285,ns,NA,NA,1.13,1.125,1.136,+,0.009424,-,-0.006022,12.76,0.6291,0.6611,0.5941,-,0.0207,namibia_Arid,21.894830893678623,Arid
-,-2.516,5291,272.4,284.6,249.3,ns,0.3018,ns,NA,NA,57.78,53.04,59.48,ns,0.01041,ns,NA,NA,4.694,7.908,2.645,ns,0.1125,ns,NA,NA,699.4,458.7,240.7,ns,0.1561,+,0.3485,-695,149,58,91,+,0.5338,-,-0.1041,210.3,2.958,4.985,1.665,ns,0.1662,-,-0.05913,121.1,2.436,2.483,2.407,ns,0.06185,-,-0.02474,50.59,1.137,1.743,0.7505,-,0.1764,-,-0.03782,77.1,0.7964,0.958,0.6934,ns,0.1125,+,0.04583,-90.16,5.011,4.078,4.522,+,0.5338,-,-0.034,69.23,0.7355,0.8892,0.6376,ns,0.1662,ns,NA,NA,118.7,55.56,63.1,ns,0.1145,-,-0.01363,28.56,1.104,1.101,1.106,ns,0.06185,-,-0.01645,33.69,0.5186,0.6265,0.4499,-,0.1764,namibia_Temperate,24348.084280144656,Temperate
+,1.339,-2594,97.31,94.81,98.94,ns,0.4267,ns,NA,NA,27.47,29.88,25.64,ns,0.07285,+,0.09509,-187.3,4.123,3.642,4.512,+,0.03472,ns,NA,NA,38300,15110,23190,ns,0.1769,ns,NA,NA,9288,4148,5140,ns,0.03122,ns,NA,NA,1.571,1.49,1.637,+,0.02601,+,0.01598,-28.09,4.075,3.891,4.224,+,0.03483,+,0.006855,-13.23,0.5636,0.5506,0.5741,ns,0.02172,+,0.00887,-16.95,0.879,0.8432,0.9079,+,0.03472,ns,NA,NA,9.137,8.331,8.545,ns,0.03122,+,0.005676,-10.8,0.6287,0.6107,0.6432,+,0.02601,ns,NA,NA,8164,3497,4667,ns,0.07285,+,0.00355,-5.796,1.356,1.32,1.384,+,0.03483,+,0.002741,-5.14,0.38,0.375,0.3841,ns,0.02172,nepal_Temperate,79.3629565217666,Temperate
+,12.39,-24830,140.4,128.6,165.9,ns,0.02988,ns,NA,NA,151.3,148.7,154.8,ns,0.01043,ns,NA,NA,1.255,1.503,0.9261,ns,0.02763,-,-0.5743,1161,178.2,121.7,56.49,ns,0.3233,-,-0.3667,741.8,142,81,61,ns,0.2826,ns,NA,NA,0.6878,0.8321,0.4962,ns,0.006394,ns,NA,NA,3.19,3.358,2.967,ns,0.02583,ns,NA,NA,0.3294,0.3589,0.2903,ns,0.04883,ns,NA,NA,0.581,0.6351,0.5092,ns,0.02763,-,-0.05892,120.1,4.963,4.407,4.127,ns,0.2826,ns,NA,NA,0.4087,0.4447,0.3609,ns,0.006394,-,-0.2757,556.8,82.5,51.44,31.06,ns,0.3441,ns,NA,NA,1.194,1.226,1.152,ns,0.02583,ns,NA,NA,0.269,0.2853,0.2474,ns,0.04883,nepal_Boreal,17056.084929206292,Boreal
+,6.138,-12050,149.1,129.8,172,ns,0.2249,ns,NA,NA,155.8,157.4,151.6,ns,0.2419,-,-0.08219,166.3,1.397,1.4,1.395,ns,0.06076,ns,NA,NA,180.3,97.97,82.29,ns,0.1978,ns,NA,NA,129,70,59,ns,0.04193,ns,NA,NA,0.7322,0.6654,0.8113,ns,0.0497,-,-0.1573,320,3.729,4.057,3.339,ns,0.05239,ns,NA,NA,0.327,0.3088,0.3485,ns,0.04907,-,-0.02245,45.82,0.6552,0.6727,0.6344,ns,0.06076,ns,NA,NA,4.868,4.263,4.094,ns,0.04193,ns,NA,NA,0.4524,0.4471,0.4588,ns,0.0497,ns,NA,NA,84.52,47.09,37.43,ns,0.1562,-,-0.024,49.62,1.292,1.339,1.236,ns,0.05239,ns,NA,NA,0.2694,0.26,0.2804,ns,0.04907,nepal_Polar,16861.3322414266,Polar
NA,NA,NA,48.14,48.14,NA,NA,NA,NA,NA,NA,16.17,16.17,NA,NA,NA,NA,NA,NA,0.7555,0.7555,NA,NA,NA,NA,NA,NA,1.511,1.511,0,NA,NA,NA,NA,NA,2,2,0,NA,NA,NA,NA,NA,0.4293,0.4293,NA,NA,NA,NA,NA,NA,3.5,3.5,NA,NA,NA,NA,NA,NA,0.2469,0.2469,NA,NA,NA,NA,NA,NA,0.5609,0.5609,NA,NA,NA,NA,NA,NA,1.099,1.099,0,NA,NA,NA,NA,NA,0.3572,0.3572,NA,NA,NA,NA,NA,NA,1.122,1.122,0,NA,NA,NA,NA,NA,1.445,1.445,NA,NA,NA,NA,NA,NA,0.2188,0.2188,NA,NA,NA,nepal_Arid,2011605.7984184872,Arid
NA,NA,NA,193.1,193.3,188.6,NA,NA,NA,NA,NA,78.08,79.41,NA,NA,NA,NA,NA,NA,0.6461,0.7232,0.209,NA,NA,NA,NA,NA,12.92,12.29,0.6269,NA,NA,NA,NA,NA,20,17,3,NA,NA,NA,NA,NA,1.9,2.083,0.8586,NA,NA,NA,NA,NA,2.75,3.059,1,NA,NA,NA,NA,NA,1.067,1.103,0.8586,NA,NA,NA,NA,NA,0.4299,0.4723,0.1897,NA,NA,NA,NA,NA,3.045,2.89,1.386,NA,NA,NA,NA,NA,0.9101,0.9621,0.6154,NA,NA,NA,NA,NA,8.599,8.029,0.5691,NA,NA,NA,NA,NA,1.103,1.176,0.6931,NA,NA,NA,NA,NA,0.7013,0.7165,0.6154,NA,NA,netherlands_Temperate,59342.61547968817,Temperate
-,-4.82,9916,153.8,198.1,120.1,ns,0.2334,ns,NA,NA,124.9,136.3,103.6,ns,0.1145,+,0.02765,-54.92,1.081,1.343,0.9412,ns,0.01993,+,0.6522,-1303,562.2,243.1,319.1,ns,0.281,ns,NA,NA,520,181,339,ns,0.2082,+,0.01715,-34.02,0.5928,0.7009,0.5351,ns,0.03265,ns,NA,NA,2.642,2.646,2.64,ns,0.01755,+,0.001985,-3.747,0.315,0.3349,0.3044,ns,0.05224,+,0.01541,-30.49,0.4697,0.5043,0.4513,ns,0.01993,ns,NA,NA,6.256,5.204,5.829,ns,0.2082,+,0.00698,-13.71,0.3537,0.385,0.337,ns,0.03265,ns,NA,NA,244.3,91.28,153,ns,0.2185,ns,NA,NA,1.076,1.085,1.071,ns,0.01755,ns,NA,NA,0.2505,0.2622,0.2442,ns,0.05224,new_zealand_Temperate,9802.86481176129,Temperate
NA,NA,NA,274.1,303,271.8,NA,NA,NA,NA,NA,37.9,NA,37.85,NA,NA,NA,NA,NA,0.3783,0.2165,0.4014,NA,NA,NA,NA,NA,6.052,0.433,5.619,NA,NA,NA,NA,NA,16,2,14,NA,NA,NA,NA,NA,0.2952,0.2147,0.3067,NA,NA,NA,NA,NA,1.688,1,1.786,NA,NA,NA,NA,NA,0.2485,0.2147,0.2534,NA,NA,NA,NA,NA,0.3031,0.196,0.3184,NA,NA,NA,NA,NA,2.833,1.099,2.708,NA,NA,NA,NA,NA,0.2541,0.1945,0.2626,NA,NA,NA,NA,NA,4.85,0.392,4.458,NA,NA,NA,NA,NA,0.8804,0.6931,0.9071,NA,NA,NA,NA,NA,0.2196,0.1945,0.2232,NA,NA,new_zealand_Boreal,910526.6436871204,Boreal
NA,NA,NA,219.8,254.9,181.2,NA,NA,NA,NA,NA,98.91,5.47,137,NA,NA,NA,NA,NA,0.5234,1.509,0.3045,NA,NA,NA,NA,NA,17.27,9.053,8.221,NA,NA,NA,NA,NA,33,6,27,NA,NA,NA,NA,NA,0.3643,0.9302,0.2385,NA,NA,NA,NA,NA,2.091,4.5,1.556,NA,NA,NA,NA,NA,0.2501,0.3741,0.2225,NA,NA,NA,NA,NA,0.3363,0.7091,0.2535,NA,NA,NA,NA,NA,3.526,1.946,3.332,NA,NA,NA,NA,NA,0.2755,0.5591,0.2125,NA,NA,NA,NA,NA,11.1,4.255,6.844,NA,NA,NA,NA,NA,0.9079,1.251,0.8316,NA,NA,NA,NA,NA,0.2188,0.3055,0.1996,NA,NA,new_zealand_Polar,319019.99043506995,Polar
+,0.7325,-1362,107.8,100.5,115.3,ns,0.281,ns,NA,NA,76.3,76.07,75.82,ns,0.01041,-,-0.004589,10.55,1.421,1.493,1.355,-,0.03346,ns,NA,NA,38400,19430,18970,ns,0.03122,ns,NA,NA,27020,13010,14010,ns,0.1353,-,-0.02907,60,1.564,1.673,1.462,-,0.04895,ns,NA,NA,3.574,3.612,3.539,-,0.02299,-,-0.008316,17.51,0.787,0.8283,0.7486,-,0.04565,-,-0.00452,9.648,0.5665,0.5834,0.5508,-,0.03346,ns,NA,NA,10.2,9.474,9.547,ns,0.1353,-,-0.005287,11.36,0.7398,0.7665,0.7151,-,0.04895,ns,NA,NA,15310,7591,7715,ns,0.1145,-,-0.002694,6.644,1.225,1.237,1.214,-,0.02299,-,-0.002522,5.603,0.5288,0.5456,0.5131,-,0.04565,nicaragua_Equatorial,68.93391543472788,Equatorial
NA,NA,NA,171.7,206.1,140.9,NA,NA,NA,NA,NA,107.6,185.9,69.11,NA,NA,NA,NA,NA,0.2383,0.2627,0.22,NA,NA,NA,NA,NA,3.336,1.576,1.76,NA,NA,NA,NA,NA,14,6,8,NA,NA,NA,NA,NA,0.6593,0.6082,0.6976,NA,NA,NA,NA,NA,1.071,1.167,1,NA,NA,NA,NA,NA,0.6593,0.6082,0.6976,NA,NA,NA,NA,NA,0.2093,0.2278,0.1954,NA,NA,NA,NA,NA,2.708,1.946,2.197,NA,NA,NA,NA,NA,0.4995,0.4709,0.5209,NA,NA,NA,NA,NA,2.93,1.367,1.563,NA,NA,NA,NA,NA,0.7221,0.7607,0.6931,NA,NA,NA,NA,NA,0.4995,0.4709,0.5209,NA,NA,nicaragua_Temperate,793563.9371685149,Temperate
ns,NA,NA,253.7,255,252.4,ns,0.281,ns,NA,NA,111.7,111.3,112.1,ns,0.1769,-,-0.1107,227.8,5.323,5.947,4.787,ns,0.01906,+,51.16,-100600,57870,29880,28000,ns,0.3018,+,15.67,-30990,10870,5024,5849,+,0.5515,-,-0.09008,184.9,3.825,4.345,3.379,ns,0.01658,ns,NA,NA,2.496,2.499,2.494,-,0.02631,-,-0.01906,39.73,1.477,1.6,1.372,ns,0.006841,ns,NA,NA,0.8925,0.901,0.8853,ns,0.01906,+,0.02877,-51.61,9.294,8.522,8.674,+,0.5515,ns,NA,NA,0.7982,0.8178,0.7814,ns,0.01658,+,12.87,-25420,9705,4527,5178,+,0.5515,ns,NA,NA,1.073,1.064,1.082,+,0.02631,ns,NA,NA,0.5848,0.6048,0.5677,ns,0.006841,niger_Arid,422.8291433827619,Arid
NA,NA,NA,59.26,58.13,64,NA,NA,NA,NA,NA,6.633,4.322,21.08,NA,NA,NA,NA,NA,0.3733,0.4516,0.2165,NA,NA,NA,NA,NA,6.719,5.419,1.299,NA,NA,NA,NA,NA,18,12,6,NA,NA,NA,NA,NA,0.3339,0.3935,0.2147,NA,NA,NA,NA,NA,1.5,1.75,1,NA,NA,NA,NA,NA,0.2749,0.305,0.2147,NA,NA,NA,NA,NA,0.2843,0.3284,0.196,NA,NA,NA,NA,NA,2.944,2.565,1.946,NA,NA,NA,NA,NA,0.2736,0.3131,0.1945,NA,NA,NA,NA,NA,5.117,3.941,1.176,NA,NA,NA,NA,NA,0.8312,0.9002,0.6931,NA,NA,NA,NA,NA,0.2379,0.2596,0.1945,NA,NA,niger_Equatorial,3642214.9635961778,Equatorial
+,1.943,-3666,240.4,230.5,245.3,+,0.6348,-,-0.8274,1769,114.4,117.9,112.3,ns,0.3642,+,0.09053,-179.6,4.253,2.87,5.571,+,0.1122,ns,NA,NA,196300,64660,131600,ns,0.3226,ns,NA,NA,46150,22530,23620,ns,0.3018,+,0.03986,-78.94,1.972,1.461,2.458,+,0.1189,+,0.03646,-70.03,3.398,3.193,3.594,+,0.07526,+,0.01681,-33.21,0.7559,0.6321,0.874,+,0.1164,+,0.01068,-20.68,0.8791,0.7747,0.9786,+,0.1122,ns,NA,NA,10.74,10.02,10.07,ns,0.3018,+,0.006875,-13.21,0.6868,0.6043,0.7654,+,0.1189,ns,NA,NA,40570,17450,23120,ns,0.3642,+,0.008386,-15.65,1.241,1.193,1.286,+,0.07526,+,0.006784,-13.22,0.4467,0.4029,0.4885,+,0.1164,nigeria_Arid,95.9049774130671,Arid
ns,NA,NA,148.5,160.1,124.7,ns,0.1353,-,-0.3921,939.4,159.4,161.9,151.4,ns,0.3018,-,-0.03037,62.6,1.602,1.735,1.385,-,0.03711,-,-4097,8306000,1587000,1066000,520600,-,0.8013,-,-1658,3377000,990300,614400,375900,-,0.7805,-,-0.01395,28.89,0.8997,0.9672,0.7894,-,0.03854,-,-0.009553,21.12,1.957,1.99,1.902,-,0.02093,-,-0.004852,10.24,0.4983,0.5237,0.4568,-,0.03873,-,-0.004624,9.844,0.5597,0.5802,0.5262,-,0.03711,-,-0.03815,87.47,13.81,13.33,12.84,-,0.7805,-,-0.004044,8.57,0.4536,0.4706,0.4258,-,0.03854,-,-1129,2296000,554300,356500,197800,-,0.8013,-,-0.002258,5.492,0.9617,0.9695,0.9491,-,0.02093,-,-0.002656,5.683,0.3504,0.3615,0.3324,-,0.03873,nigeria_Equatorial,11.861503700889772,Equatorial
ns,NA,NA,327.3,332,318,ns,0.1561,ns,NA,NA,48.9,39.38,63.33,ns,0.2602,-,-0.03705,74.97,0.6272,0.727,0.4947,-,0.2034,-,-0.2195,444.6,84.68,55.98,28.69,ns,0.4267,ns,NA,NA,135,77,58,ns,0.1799,-,-0.02117,42.92,0.5518,0.591,0.4996,-,0.2306,ns,NA,NA,1.8,1.883,1.69,ns,0.08816,-,-0.01057,21.53,0.3712,0.4145,0.3139,ns,0.1737,-,-0.01992,40.46,0.3928,0.4463,0.3219,-,0.2034,ns,NA,NA,4.913,4.357,4.078,ns,0.1799,-,-0.01287,26.16,0.3558,0.3916,0.3083,-,0.2306,-,-0.1377,278.9,53.03,34.36,18.67,ns,0.4267,ns,NA,NA,0.9159,0.9404,0.8833,ns,0.08816,-,-0.007513,15.35,0.2921,0.3193,0.2561,ns,0.1737,nigeria_Temperate,222293.66894108744,Temperate
ns,NA,NA,132.6,129.7,137.4,ns,0.1977,-,-2.245,4579,90.47,88.6,93.43,ns,0.1769,-,-0.04844,99.05,1.663,1.746,1.539,-,0.04558,-,-9.913,20090,7052,4455,2597,ns,0.2602,ns,NA,NA,4240,2552,1688,ns,0.2393,-,-0.029760000000000002,60.64,0.9684,1.04,0.8594,-,0.05821,-,-0.02543,54,2.858,2.846,2.877,ns,0.01658,-,-0.00872,18,0.4464,0.4719,0.4079,-,0.06607,-,-0.01177,24.27,0.6161,0.6374,0.5839,-,0.04558,ns,NA,NA,8.353,7.845,7.432,ns,0.2393,-,-0.0104,21.4,0.4792,0.5,0.4476,-,0.05821,ns,NA,NA,2612,1627,985.7,ns,0.281,-,-0.006687,14.56,1.129,1.132,1.125,ns,0.01658,-,-0.005765,11.91,0.3228,0.3362,0.3026,-,0.06607,north_korea_Boreal,358.66264454953085,Boreal
NA,NA,NA,122.9,121.4,139.8,NA,NA,NA,NA,NA,34.48,32.9,49.26,NA,NA,NA,NA,NA,1.389,1.498,0.7448,NA,NA,NA,NA,NA,105.6,97.37,8.193,NA,NA,NA,NA,NA,76,65,11,NA,NA,NA,NA,NA,1.553,1.714,0.6049,NA,NA,NA,NA,NA,2.803,2.754,3.091,NA,NA,NA,NA,NA,0.7103,0.7632,0.3978,NA,NA,NA,NA,NA,0.5705,0.5901,0.4548,NA,NA,NA,NA,NA,4.344,4.19,2.485,NA,NA,NA,NA,NA,0.6608,0.6988,0.4357,NA,NA,NA,NA,NA,43.36,38.36,5.002,NA,NA,NA,NA,NA,1.143,1.142,1.153,NA,NA,NA,NA,NA,0.4676,0.493,0.3171,NA,NA,norway_Boreal,75164.92999632591,Boreal
NA,NA,NA,133.5,136.1,115.3,NA,NA,NA,NA,NA,32.18,31.73,49.72,NA,NA,NA,NA,NA,1.696,2.589,0.504,NA,NA,NA,NA,NA,11.87,10.36,1.512,NA,NA,NA,NA,NA,7,4,3,NA,NA,NA,NA,NA,1.687,2.63,0.4293,NA,NA,NA,NA,NA,1.286,1.25,1.333,NA,NA,NA,NA,NA,1.012,1.529,0.322,NA,NA,NA,NA,NA,0.6036,0.7754,0.3746,NA,NA,NA,NA,NA,2.079,1.609,1.386,NA,NA,NA,NA,NA,0.5888,0.7781,0.3363,NA,NA,NA,NA,NA,4.226,3.102,1.124,NA,NA,NA,NA,NA,0.809,0.7945,0.8283,NA,NA,NA,NA,NA,0.4855,0.645,0.2728,NA,NA,norway_Temperate,668520.1976771974,Temperate
NA,NA,NA,225.5,225.5,NA,NA,NA,NA,NA,NA,NA,NA,NA,NA,NA,NA,NA,NA,0.2165,0.2165,NA,NA,NA,NA,NA,NA,0.433,0.433,0,NA,NA,NA,NA,NA,2,2,0,NA,NA,NA,NA,NA,0.644,0.644,NA,NA,NA,NA,NA,NA,1,1,NA,NA,NA,NA,NA,NA,0.644,0.644,NA,NA,NA,NA,NA,NA,0.196,0.196,NA,NA,NA,NA,NA,NA,1.099,1.099,0,NA,NA,NA,NA,NA,0.4971,0.4971,NA,NA,NA,NA,NA,NA,0.392,0.392,0,NA,NA,NA,NA,NA,0.6931,0.6931,NA,NA,NA,NA,NA,NA,0.4971,0.4971,NA,NA,NA,norway_Polar,18323117.354792006,Polar
NA,NA,NA,268.1,191.6,276.6,NA,NA,NA,NA,NA,74.11,36.75,72.49,NA,NA,NA,NA,NA,1.527,0.6471,1.797,NA,NA,NA,NA,NA,51.91,5.177,46.73,NA,NA,NA,NA,NA,34,8,26,NA,NA,NA,NA,NA,2.21,1.288,2.493,NA,NA,NA,NA,NA,2.618,2.625,2.615,NA,NA,NA,NA,NA,1.157,0.7245,1.29,NA,NA,NA,NA,NA,0.6286,0.4251,0.6912,NA,NA,NA,NA,NA,3.555,2.197,3.296,NA,NA,NA,NA,NA,0.8426,0.6634,0.8978,NA,NA,NA,NA,NA,21.37,3.401,17.97,NA,NA,NA,NA,NA,1.081,1.133,1.064,NA,NA,NA,NA,NA,0.6458,0.4873,0.6946,NA,NA,oman_Arid,124146.48629896564,Arid
+,2.318,-4508,157.8,147.6,167.1,+,0.4891,+,2.073,-4079,93.32,83.33,100.8,+,0.6764,-,-0.02768,56.71,1.129,1.342,0.9849,-,0.04145,+,55.07,-108600,36360,17430,18930,ns,0.3018,+,40.59,-80170,32210,12990,19220,+,0.6764,ns,NA,NA,1.013,0.9195,1.076,+,0.0519,ns,NA,NA,2.72,2.753,2.699,-,0.02827,-,-0.004197,8.867,0.3863,0.4031,0.375,-,0.04703,-,-0.005656,11.88,0.4849,0.5124,0.4664,-,0.04145,+,0.02658,-46.17,10.38,9.472,9.864,+,0.6764,-,-0.00389,8.213,0.3835,0.4071,0.3675,-,0.0519,+,16.57,-32540,15620,6658,8962,+,0.5932,-,-0.002209,5.537,1.092,1.105,1.083,-,0.02827,-,-0.002346,4.993,0.2719,0.2856,0.2626,-,0.04703,pakistan_Arid,496.2572304419074,Arid
+,1.787,-3440,165.3,162.1,168,ns,0.3018,+,3.835,-7649,67.69,61.58,72.6,ns,0.281,ns,NA,NA,1.965,2.018,1.919,ns,0.02679,ns,NA,NA,2695,1269,1426,ns,0.05203,ns,NA,NA,1372,629,743,ns,0.2291,ns,NA,NA,1.392,1.387,1.396,ns,0.02922,ns,NA,NA,3.611,3.59,3.629,ns,6.855e-4,ns,NA,NA,0.6154,0.6376,0.5966,ns,0.0338,ns,NA,NA,0.7439,0.7596,0.7305,ns,0.02679,ns,NA,NA,7.225,6.446,6.612,ns,0.2291,ns,NA,NA,0.6512,0.655,0.6479,ns,0.02922,ns,NA,NA,1021,477.8,542.8,ns,0.05203,ns,NA,NA,1.305,1.305,1.304,ns,6.855e-4,ns,NA,NA,0.4168,0.4254,0.4096,ns,0.0338,pakistan_Temperate,6694.150936553929,Temperate
NA,NA,NA,227.9,273.9,191.2,NA,NA,NA,NA,NA,100.8,13.74,125.2,NA,NA,NA,NA,NA,0.7735,0.6295,0.9464,NA,NA,NA,NA,NA,17.02,7.554,9.464,NA,NA,NA,NA,NA,22,12,10,NA,NA,NA,NA,NA,0.9172,1.02,0.7942,NA,NA,NA,NA,NA,2.455,1.75,3.3,NA,NA,NA,NA,NA,0.6767,0.8712,0.4433,NA,NA,NA,NA,NA,0.5143,0.4453,0.5971,NA,NA,NA,NA,NA,3.135,2.565,2.398,NA,NA,NA,NA,NA,0.5873,0.6453,0.5178,NA,NA,NA,NA,NA,11.31,5.344,5.971,NA,NA,NA,NA,NA,1.118,0.9536,1.316,NA,NA,NA,NA,NA,0.4823,0.5944,0.3478,NA,NA,pakistan_Boreal,1060246.8726713937,Boreal
NA,NA,NA,261.2,261.2,NA,NA,NA,NA,NA,NA,32.29,32.29,NA,NA,NA,NA,NA,NA,0.4286,0.4286,NA,NA,NA,NA,NA,NA,15.86,15.86,0,NA,NA,NA,NA,NA,37,37,0,NA,NA,NA,NA,NA,0.9167,0.9167,NA,NA,NA,NA,NA,NA,1.676,1.676,NA,NA,NA,NA,NA,NA,0.7984,0.7984,NA,NA,NA,NA,NA,NA,0.3369,0.3369,NA,NA,NA,NA,NA,NA,3.638,3.638,0,NA,NA,NA,NA,NA,0.614,0.614,NA,NA,NA,NA,NA,NA,12.47,12.47,0,NA,NA,NA,NA,NA,0.9021,0.9021,NA,NA,NA,NA,NA,NA,0.5588,0.5588,NA,NA,NA,pakistan_Polar,1137878.5461540387,Polar
NA,NA,NA,165.9,167.8,163.5,NA,NA,NA,NA,NA,39.12,39.24,39.89,NA,NA,NA,NA,NA,1.086,1.111,1.054,NA,NA,NA,NA,NA,44.51,25.55,18.96,NA,NA,NA,NA,NA,41,23,18,NA,NA,NA,NA,NA,8.11,9.576,6.237,NA,NA,NA,NA,NA,2.707,3.174,2.111,NA,NA,NA,NA,NA,4.071,4.424,3.619,NA,NA,NA,NA,NA,0.6186,0.6383,0.5934,NA,NA,NA,NA,NA,3.738,3.178,2.944,NA,NA,NA,NA,NA,1.836,1.983,1.648,NA,NA,NA,NA,NA,25.36,14.68,10.68,NA,NA,NA,NA,NA,1.153,1.238,1.045,NA,NA,NA,NA,NA,1.471,1.541,1.381,NA,NA,palestine_Arid,2938.097097687134,Arid
NA,NA,NA,174.3,171.4,175.7,NA,NA,NA,NA,NA,45.84,19.02,54.64,NA,NA,NA,NA,NA,1.93,1.991,1.902,NA,NA,NA,NA,NA,36.67,11.95,24.72,NA,NA,NA,NA,NA,19,6,13,NA,NA,NA,NA,NA,12.34,10.8,13.04,NA,NA,NA,NA,NA,3.421,3.667,3.308,NA,NA,NA,NA,NA,5.118,5.45,4.965,NA,NA,NA,NA,NA,0.9162,1.011,0.8724,NA,NA,NA,NA,NA,2.996,1.946,2.639,NA,NA,NA,NA,NA,2.247,2.156,2.29,NA,NA,NA,NA,NA,17.41,6.067,11.34,NA,NA,NA,NA,NA,1.432,1.506,1.397,NA,NA,NA,NA,NA,1.631,1.641,1.626,NA,NA,palestine_Temperate,3566.3990252248095,Temperate
ns,NA,NA,78.48,80.6,75.62,ns,0.05203,ns,NA,NA,26.6,24.61,28.83,ns,0.2185,+,0.02141,-42.04,0.9853,0.9318,1.068,+,0.06873,ns,NA,NA,7489,4302,3187,ns,0.07285,ns,NA,NA,7600,4617,2983,ns,0.05203,+,0.008452,-16.4,0.6204,0.5981,0.6549,+,0.09228,+,0.04467,-86.36,3.2,3.043,3.442,+,0.05858,+,0.002283,-4.234,0.3422,0.3372,0.3499,+,0.07027,+,0.006428,-12.42,0.4974,0.4738,0.5339,+,0.06873,ns,NA,NA,8.936,8.438,8.001,ns,0.05203,+,0.004084,-7.791,0.4017,0.3879,0.4231,+,0.09228,ns,NA,NA,3780,2187,1593,ns,0.01041,+,0.006713,-12.3,1.158,1.127,1.205,+,0.05858,+,0.001941,-3.633,0.2769,0.2728,0.2833,+,0.07027,panama_Equatorial,203.0629529018099,Equatorial
NA,NA,NA,41.6,43,41.37,NA,NA,NA,NA,NA,22.43,NA,25.25,NA,NA,NA,NA,NA,0.6042,0.2165,0.8627,NA,NA,NA,NA,NA,3.021,0.433,2.588,NA,NA,NA,NA,NA,5,2,3,NA,NA,NA,NA,NA,0.98740000000000006,0.5366,1.288,NA,NA,NA,NA,NA,1.4,1,1.667,NA,NA,NA,NA,NA,0.6726,0.5366,0.7632,NA,NA,NA,NA,NA,0.3866,0.196,0.5136,NA,NA,NA,NA,NA,1.792,1.099,1.386,NA,NA,NA,NA,NA,0.5913,0.4272,0.7007,NA,NA,NA,NA,NA,1.933,0.392,1.541,NA,NA,NA,NA,NA,0.8318,0.6931,0.9242,NA,NA,NA,NA,NA,0.4914,0.4272,0.5342,NA,NA,panama_Temperate,503363.63266508305,Temperate
ns,NA,NA,248.5,246.7,250.8,ns,0.1769,ns,NA,NA,51.69,51.03,52.41,ns,0.01041,-,-0.01579,33.18,1.718,1.806,1.621,-,0.01988,ns,NA,NA,52330,28870,23460,ns,0.1353,ns,NA,NA,30460,15990,14480,ns,0.1041,-,-0.003273,7.3,0.7358,0.7775,0.6898,-,0.02866,ns,NA,NA,3.782,3.819,3.74,-,0.0133,-,-9.843e-4,2.305,0.3306,0.3404,0.3196,-,0.0314,ns,NA,NA,0.6168,0.6334,0.5984,-,0.01988,ns,NA,NA,10.32,9.68,9.58,ns,0.1041,ns,NA,NA,0.4302,0.4436,0.4155,-,0.02866,ns,NA,NA,18790,10130,8664,ns,0.09366,ns,NA,NA,1.249,1.257,1.24,-,0.0133,-,-4.75e-4,1.216,0.2677,0.2737,0.2611,-,0.0314,papua_new_guinea_Equatorial,183.19066129936095,Equatorial
ns,NA,NA,239.2,264.9,229.5,ns,0.07285,ns,NA,NA,44.69,55.38,35.41,ns,0.03122,ns,NA,NA,0.7932,0.6156,0.89,+,0.09811,ns,NA,NA,921.7,252.4,669.3,ns,0.1145,ns,NA,NA,1162,410,752,ns,0.08351,ns,NA,NA,0.4563,0.3995,0.4873,ns,0.0443,ns,NA,NA,2.436,2.18,2.576,+,0.1072,ns,NA,NA,0.2802,0.2673,0.2872,ns,0.02526,ns,NA,NA,0.4316,0.383,0.4581,+,0.09811,ns,NA,NA,7.059,6.019,6.624,ns,0.08351,ns,NA,NA,0.3283,0.3057,0.3406,ns,0.0443,ns,NA,NA,501.5,157,344.5,ns,0.09366,+,0.005452,-9.954,1.034,0.9712,1.068,+,0.1072,ns,NA,NA,0.239,0.2312,0.2433,ns,0.02526,papua_new_guinea_Temperate,10402.074726377095,Temperate
NA,NA,NA,227.3,261.9,220.7,NA,NA,NA,NA,NA,34.79,50.4,26.81,NA,NA,NA,NA,NA,1.384,1.144,1.441,NA,NA,NA,NA,NA,94.14,14.87,79.27,NA,NA,NA,NA,NA,68,13,55,NA,NA,NA,NA,NA,0.7545,0.5614,0.8001,NA,NA,NA,NA,NA,3.838,4,3.8,NA,NA,NA,NA,NA,0.3266,0.244,0.3461,NA,NA,NA,NA,NA,0.625,0.6074,0.6292,NA,NA,NA,NA,NA,4.234,2.639,4.025,NA,NA,NA,NA,NA,0.4487,0.4043,0.4592,NA,NA,NA,NA,NA,42.5,7.897,34.61,NA,NA,NA,NA,NA,1.296,1.351,1.284,NA,NA,NA,NA,NA,0.2676,0.2155,0.2799,NA,NA,papua_new_guinea_Polar,101843.9509901429,Polar
ns,NA,NA,213.1,218.1,205.6,ns,0.1145,ns,NA,NA,72.83,65.7,81.99,ns,0.2602,ns,NA,NA,1.767,1.857,1.646,-,0.007914,ns,NA,NA,327400,198100,129300,ns,0.3226,-,-140.1,291500,185300,106700,78580,ns,0.2602,ns,NA,NA,0.8838,0.9243,0.8288,-,0.01603,+,0.012,-21.02,3.136,3.127,3.148,+,0.006982,-,-0.002555,5.488,0.3688,0.3832,0.3493,-,0.02722,ns,NA,NA,0.5782,0.5907,0.5613,-,0.007914,-,-0.01627,41.78,12.13,11.58,11.27,ns,0.2602,-,-0.002363,5.166,0.4294,0.4421,0.4121,-,0.01603,ns,NA,NA,107100,63010,44110,ns,0.3018,+,0.001773,-2.407,1.16,1.158,1.164,+,0.006982,-,-0.001355,2.995,0.2793,0.2874,0.2684,-,0.02722,paraguay_Equatorial,25.281883863458983,Equatorial
ns,NA,NA,195.9,204.9,191.6,ns,0.07285,ns,NA,NA,108.1,112.6,105.6,ns,0.1353,+,0.01276,-24.63,1.098,0.9577,1.183,ns,0.001014,+,136.9,-273300,43410,14300,29100,+,0.8429,+,103.8,-206900,39530,14940,24590,+,0.7597,+,0.004752,-8.998,0.5992,0.5492,0.6295,ns,0.00374,+,0.01055,-18.3,2.844,2.802,2.87,ns,0.005342,+,9.741e-4,-1.666,0.3116,0.3069,0.3144,+,0.0127,+,0.002569,-4.685,0.4848,0.4789,0.4884,ns,0.001014,+,0.06534,-124,10.58,9.612,10.11,+,0.7597,+,0.001665,-2.989,0.3621,0.3596,0.3636,ns,0.00374,+,49.67,-98980,19160,7152,12010,+,0.8429,ns,NA,NA,1.096,1.095,1.096,ns,0.005342,+,4.824e-4,-0.7223,0.2522,0.2518,0.2525,+,0.0127,paraguay_Arid,190.72127922522756,Arid
+,2.258,-4351,179.8,178.7,181.1,ns,0.1145,ns,NA,NA,91.78,90.9,92.87,ns,0.03122,ns,NA,NA,1.122,1.079,1.181,+,0.02438,-,-181.6,371100,124300,69220,55120,ns,0.2602,-,-207.4,421600,110800,64130,46670,ns,0.3018,ns,NA,NA,0.6216,0.6105,0.6369,+,0.01892,+,0.01032,-17.85,2.891,2.827,2.98,+,0.02843,ns,NA,NA,0.3214,0.3209,0.3222,+,0.01101,+,0.002633,-4.781,0.5101,0.4997,0.5243,+,0.02438,-,-0.04158,92.03,11.62,11.07,10.75,ns,0.3018,ns,NA,NA,0.3822,0.3783,0.3874,+,0.01892,ns,NA,NA,56520,32050,24470,ns,0.3018,+,0.002136,-3.165,1.122,1.108,1.141,+,0.02843,ns,NA,NA,0.2598,0.2595,0.2603,+,0.01101,paraguay_Temperate,66.58000531875048,Temperate
ns,NA,NA,256.3,250.2,261.3,ns,0.07285,ns,NA,NA,44.68,43.62,44.93,ns,0.3018,+,0.02055,-40.4,0.9927,0.903,1.083,+,0.07989,ns,NA,NA,2419,1102,1318,ns,0.1145,ns,NA,NA,2437,1220,1217,ns,0.1353,+,0.006898,-13.33,0.5584,0.5242,0.5926,+,0.08892,ns,NA,NA,2.947,2.772,3.122,+,0.06053,+,0.002523,-4.757,0.3101,0.2996,0.3207,+,0.05298,+,0.006548,-12.68,0.5182,0.4812,0.5553,+,0.07989,ns,NA,NA,7.799,7.107,7.105,ns,0.1353,+,0.003604,-6.832,0.3791,0.3582,0.4,+,0.08892,ns,NA,NA,1263,587,675.8,ns,0.1353,+,0.005121,-9.13,1.139,1.101,1.177,+,0.06053,+,0.001732,-3.232,0.2568,0.2498,0.2638,+,0.05298,peru_Temperate,11063.999708085654,Temperate
ns,NA,NA,240.9,237.4,246,ns,0.3018,-,-1.289,2617,44.79,53.34,26.82,-,0.6348,ns,NA,NA,0.7399,0.7813,0.6861,ns,0.003041,ns,NA,NA,10350,6182,4171,ns,0.1561,ns,NA,NA,13990,7913,6079,ns,0.09366,ns,NA,NA,0.4122,0.4189,0.4036,ns,0.007565,ns,NA,NA,2.734,2.764,2.695,ns,0.00573,ns,NA,NA,0.2585,0.2603,0.2562,ns,0.008138,ns,NA,NA,0.4259,0.4306,0.4199,ns,0.003041,ns,NA,NA,9.546,8.976,8.713,ns,0.09366,ns,NA,NA,0.3113,0.313,0.3092,ns,0.007565,ns,NA,NA,5960,3407,2552,ns,0.09366,ns,NA,NA,1.082,1.083,1.081,ns,0.00573,ns,NA,NA,0.2236,0.2248,0.2221,ns,0.008138,peru_Equatorial,2585.4756640452497,Equatorial
ns,NA,NA,238.8,224.5,247.2,ns,0.05203,ns,NA,NA,95.39,96.9,93.55,ns,0.1145,+,0.03054,-60.57,1.251,1.022,1.439,ns,0.06848,+,1.257,-2493,1067,393.5,673.6,ns,0.2393,ns,NA,NA,853,385,468,ns,0.2708,+,0.01602,-31.7,0.6704,0.5693,0.7536,ns,0.0571,+,0.06006,-117.1,3.584,3.369,3.761,ns,0.06709,ns,NA,NA,0.3373,0.3043,0.3645,ns,0.003683,+,0.009428,-18.45,0.5895,0.546,0.6253,ns,0.06848,ns,NA,NA,6.75,5.956,6.151,ns,0.2708,+,0.006372,-12.46,0.4099,0.3829,0.4321,ns,0.0571,+,0.6881,-1367,502.8,210.2,292.6,ns,0.3226,+,0.009817,-18.51,1.278,1.241,1.309,ns,0.06709,ns,NA,NA,0.2608,0.2493,0.2703,ns,0.003683,peru_Arid,25082.125077245837,Arid
ns,NA,NA,231.7,229.4,233.7,ns,0.05203,ns,NA,NA,45.12,42.89,46.98,ns,0.01041,ns,NA,NA,1.486,1.421,1.551,ns,6.298e-6,ns,NA,NA,7078,3372,3707,ns,0.3018,ns,NA,NA,4762,2372,2390,ns,0.2185,ns,NA,NA,0.8003,0.7675,0.8328,ns,0.006111,+,0.02349,-43.92,3.244,3.175,3.313,ns,0.01064,ns,NA,NA,0.3922,0.3888,0.3957,ns,0.01677,ns,NA,NA,0.6415,0.6289,0.6541,ns,6.298e-6,+,0.04699,-89.49,8.469,7.772,7.779,ns,0.2185,ns,NA,NA,0.4616,0.4536,0.4696,ns,0.006111,ns,NA,NA,3055,1492,1563,ns,0.2602,ns,NA,NA,1.222,1.211,1.233,ns,0.01064,ns,NA,NA,0.2991,0.2977,0.3004,ns,0.01677,peru_Polar,3781.506718848908,Polar
-,-0.9358,1953,88.94,95.42,80.64,ns,0.281,-,-0.4909,1046,88.33,96.6,75.63,ns,0.09366,+,0.00526,-9.813,0.7598,0.7448,0.78,ns,0.01013,ns,NA,NA,20260,11380,8882,ns,0.1977,-,-13,27010,26670,15280,11390,ns,0.2602,+,0.001942,-3.478,0.4327,0.4302,0.4361,ns,0.006337,+,0.005393,-8.038,2.806,2.774,2.85,ns,0.01014,ns,NA,NA,0.2681,0.2699,0.2656,ns,1.296e-4,+,7.881e-4,-1.137,0.4419,0.4392,0.4457,ns,0.01013,-,-0.01473,36.49,10.19,9.634,9.34,ns,0.2602,+,6.356e-4,-0.9608,0.322,0.3215,0.3227,ns,0.006337,-,-6.522,13560,11790,6710,5075,ns,0.2185,+,0.001314,-1.544,1.104,1.098,1.113,ns,0.01014,ns,NA,NA,0.2297,0.2307,0.2282,ns,1.296e-4,philippines_Equatorial,295.86729249733315,Equatorial
ns,NA,NA,77.51,79.95,74.02,ns,0.2567,+,1.964,-3921,47.81,31.5,64.22,+,0.6351,+,0.02175,-43.24,0.7132,0.7755,0.6399,ns,0.001241,+,0.8673,-1742,498.6,293.1,205.4,ns,0.3226,ns,NA,NA,699,378,321,ns,0.3021,ns,NA,NA,0.4189,0.4532,0.3785,ns,0.006893,ns,NA,NA,2.428,2.516,2.324,ns,0.007261,ns,NA,NA,0.2711,0.2828,0.2573,ns,0.02749,+,0.003505,-6.678,0.4161,0.4334,0.3957,ns,0.001241,+,0.07682,-152,6.551,5.938,5.775,ns,0.3021,ns,NA,NA,0.3104,0.3223,0.2963,ns,0.006893,+,0.4354,-871.3,290.9,163.8,127,ns,0.3018,ns,NA,NA,1.036,1.045,1.026,ns,0.007261,ns,NA,NA,0.2325,0.2391,0.2246,ns,0.02749,philippines_Temperate,12024.30987994628,Temperate
ns,NA,NA,153.4,160.1,132.7,ns,0.3226,ns,NA,NA,73.29,71.76,74.15,ns,0.03122,ns,NA,NA,0.9852,0.9654,1.051,+,0.06725,-,-4.653,9414,1607,1211,396.3,-,0.5307,-,-4.55,9202,1631,1254,377,-,0.6764,ns,NA,NA,0.7143,0.6614,0.89,+,0.05958,ns,NA,NA,2.914,2.898,2.968,ns,0.03422,ns,NA,NA,0.3798,0.3601,0.4454,ns,0.04425,-,-0.007854,16.27,0.5046,0.5077,0.4943,-,0.06725,-,-0.1264,257.8,7.398,7.135,5.935,-,0.6764,ns,NA,NA,0.4039,0.404,0.4036,-,0.05958,-,-2.576,5201,823.1,636.7,186.4,-,0.6556,-,-0.008903,19.07,1.132,1.13,1.136,ns,0.03422,ns,NA,NA,0.2791,0.278,0.2831,ns,0.04425,poland_Boreal,4016.255837985919,Boreal
ns,NA,NA,227.3,221.7,234.5,ns,0.05203,ns,NA,NA,39.1,32.9,44.91,ns,0.01041,ns,NA,NA,5.175,4.534,6.34,ns,0.00958,ns,NA,NA,25660,14500,11160,ns,0.07285,-,-11.72,23800,4959,3199,1760,ns,0.2393,ns,NA,NA,5.36,4.902,6.192,ns,0.007405,ns,NA,NA,3.906,3.904,3.911,ns,0.003404,ns,NA,NA,1.624,1.543,1.772,ns,0.005922,ns,NA,NA,0.9653,0.9561,0.9822,ns,0.00958,-,-0.05643,118.9,8.509,8.071,7.474,ns,0.2393,ns,NA,NA,1.09,1.081,1.106,ns,0.007405,-,-13.38,27120,4787,3058,1729,ns,0.2393,ns,NA,NA,1.372,1.371,1.373,ns,0.003404,ns,NA,NA,0.7102,0.7037,0.722,ns,0.005922,portugal_Temperate,73.03142148742495,Temperate
NA,NA,NA,125.1,231,69.98,NA,NA,NA,NA,NA,128.8,162.8,54.02,NA,NA,NA,NA,NA,1.527,1.176,1.807,NA,NA,NA,NA,NA,54.97,18.82,36.15,NA,NA,NA,NA,NA,36,16,20,NA,NA,NA,NA,NA,3.947,2.938,4.755,NA,NA,NA,NA,NA,3.917,3.812,4,NA,NA,NA,NA,NA,1.944,1.556,2.255,NA,NA,NA,NA,NA,0.5988,0.601,0.597,NA,NA,NA,NA,NA,3.611,2.833,3.045,NA,NA,NA,NA,NA,1.221,1.191,1.246,NA,NA,NA,NA,NA,21.56,9.616,11.94,NA,NA,NA,NA,NA,1.367,1.394,1.345,NA,NA,NA,NA,NA,0.8738,0.8561,0.888,NA,NA,qatar_Arid,4160.324010761633,Arid
ns,NA,NA,230.5,229.1,232.3,ns,0.2334,ns,NA,NA,45.4,38.34,53.06,ns,0.01041,ns,NA,NA,2.602,2.757,2.427,ns,0.0522,ns,NA,NA,1140,639.6,500,ns,0.03122,ns,NA,NA,438,232,206,ns,0.02083,ns,NA,NA,5.978,6.765,5.092,ns,0.03936,+,0.06303,-122.6,4.103,3.845,4.393,ns,0.08132,ns,NA,NA,2.377,2.623,2.099,ns,0.03919,ns,NA,NA,0.8306,0.8393,0.8208,ns,0.0522,ns,NA,NA,6.084,5.451,5.333,ns,0.02083,ns,NA,NA,1.443,1.458,1.425,ns,0.03936,ns,NA,NA,363.8,194.7,169.1,ns,0.01041,+,0.01669,-32.1,1.365,1.313,1.424,ns,0.08132,ns,NA,NA,1.035,1.064,1.004,ns,0.03919,republic_of_macedonia_Boreal,459.58189003494857,Boreal
NA,NA,NA,223.4,232.1,210.1,NA,NA,NA,NA,NA,47.68,31.52,63.38,NA,NA,NA,NA,NA,1.495,1.434,1.598,NA,NA,NA,NA,NA,97.15,58.81,38.34,NA,NA,NA,NA,NA,65,41,24,NA,NA,NA,NA,NA,3.702,2.963,4.964,NA,NA,NA,NA,NA,3.446,3.61,3.167,NA,NA,NA,NA,NA,2.008,1.708,2.52,NA,NA,NA,NA,NA,0.7258,0.6792,0.8053,NA,NA,NA,NA,NA,4.19,3.738,3.219,NA,NA,NA,NA,NA,1.269,1.138,1.493,NA,NA,NA,NA,NA,47.17,27.85,19.33,NA,NA,NA,NA,NA,1.315,1.342,1.27,NA,NA,NA,NA,NA,0.9561,0.8718,1.1,NA,NA,republic_of_macedonia_Temperate,5391.168947784306,Temperate
ns,NA,NA,195.4,203.6,184.1,ns,0.1977,ns,NA,NA,73.38,58.69,88.64,ns,0.09366,ns,NA,NA,1.861,1.948,1.753,ns,0.08325,ns,NA,NA,411.3,237.7,173.6,ns,0.03122,ns,NA,NA,221,122,99,ns,0.04186,ns,NA,NA,4.584,4.782,4.339,ns,0.0518,ns,NA,NA,3.394,3.393,3.394,ns,0.1092,ns,NA,NA,2.276,2.481,2.024,ns,0.0157,ns,NA,NA,0.7819,0.795,0.7657,ns,0.08325,ns,NA,NA,5.403,4.812,4.605,ns,0.04186,ns,NA,NA,1.378,1.397,1.354,ns,0.0518,ns,NA,NA,172.8,96.99,75.8,ns,0.03122,ns,NA,NA,1.275,1.279,1.271,ns,0.1092,ns,NA,NA,1.018,1.049,0.98,ns,0.0157,republic_of_macedonia_Arid,1273.481026631846,Arid
ns,NA,NA,172.9,171.6,174.3,ns,0.4059,ns,NA,NA,61.61,63.05,60.1,ns,0.385,+,0.002552,-4.113,1.023,1.021,1.025,ns,0.001329,ns,NA,NA,687200,343500,343800,ns,0.01041,ns,NA,NA,671600,336300,335300,ns,0.01041,ns,NA,NA,0.6872,0.6911,0.6833,ns,4.582e-4,ns,NA,NA,1.619,1.615,1.623,+,0.003606,ns,NA,NA,0.4523,0.4559,0.4487,ns,0.001716,ns,NA,NA,0.4664,0.4675,0.4653,ns,0.001329,ns,NA,NA,13.42,12.73,12.72,ns,0.01041,ns,NA,NA,0.3975,0.3991,0.3958,ns,4.582e-4,ns,NA,NA,313200,157200,156000,ns,0.07285,ns,NA,NA,0.8784,0.8773,0.8795,+,0.003606,ns,NA,NA,0.3292,0.3309,0.3276,ns,0.001716,republic_of_the_congo_Equatorial,10.422627339037025,Equatorial
+,0.9641,-1730,200.6,199.5,201.8,ns,0.1977,ns,NA,NA,63.89,61.47,66.75,ns,0.1769,ns,NA,NA,1.335,1.309,1.369,ns,0.01507,ns,NA,NA,24020,13290,10720,ns,0.01041,ns,NA,NA,17990,10160,7831,ns,0.03122,ns,NA,NA,2.42,2.383,2.468,+,0.01942,ns,NA,NA,3.496,3.488,3.507,ns,0.01027,-,-0.007584,16.44,1.207,1.215,1.197,-,0.02627,ns,NA,NA,0.6026,0.5905,0.6181,ns,0.01507,ns,NA,NA,9.797,9.226,8.966,ns,0.03122,ns,NA,NA,0.9674,0.9621,0.9744,+,0.01942,ns,NA,NA,10840,5998,4841,ns,0.03122,+,0.00293,-4.641,1.235,1.227,1.246,ns,0.01027,-,-0.003281,7.309,0.7093,0.7102,0.7081,-,0.02627,romania_Boreal,202.7250480171919,Boreal
ns,NA,NA,205.6,212.2,181.4,ns,0.2602,+,1.589,-3130,62.32,51.04,88.56,ns,0.3434,ns,NA,NA,1.157,1.167,1.123,ns,0.01426,-,-43.32,87600,12560,9874,2685,-,0.5515,-,-28,56720,10860,8464,2391,-,0.614,ns,NA,NA,2.422,2.395,2.515,ns,0.002747,-,-0.03257,68.85,3.112,3.112,3.11,ns,0.009165,ns,NA,NA,1.368,1.392,1.281,ns,0.01045,ns,NA,NA,0.5287,0.5314,0.5191,ns,0.01426,-,-0.09902,205.2,9.292,9.044,7.78,-,0.614,ns,NA,NA,0.9759,0.9762,0.9748,ns,0.002747,-,-17.87,36160,5739,4498,1241,-,0.6348,-,-0.006078,13.43,1.158,1.154,1.171,ns,0.009165,ns,NA,NA,0.7568,0.76,0.7454,ns,0.01045,romania_Arid,387.6541305214608,Arid
NA,NA,NA,150.1,164.2,117.8,NA,NA,NA,NA,NA,83.73,80.39,84.28,NA,NA,NA,NA,NA,1.031,0.9384,1.332,NA,NA,NA,NA,NA,65.96,45.98,19.98,NA,NA,NA,NA,NA,64,49,15,NA,NA,NA,NA,NA,3.79,3.303,5.381,NA,NA,NA,NA,NA,3.719,3.776,3.533,NA,NA,NA,NA,NA,1.752,1.561,2.375,NA,NA,NA,NA,NA,0.5328,0.505,0.6234,NA,NA,NA,NA,NA,4.174,3.912,2.773,NA,NA,NA,NA,NA,1.3,1.222,1.554,NA,NA,NA,NA,NA,34.1,24.75,9.351,NA,NA,NA,NA,NA,1.305,1.292,1.347,NA,NA,NA,NA,NA,0.9459,0.8915,1.124,NA,NA,romania_Temperate,73806.31870443848,Temperate
ns,NA,NA,161.5,164.4,157.4,ns,0.05203,ns,NA,NA,65.36,67.28,62.32,ns,0.2602,+,0.07589,-150.3,2.23,1.993,2.678,+,0.02776,-,-1302,2729000,2385000,1396000,988500,ns,0.3018,-,-2269,4609000,1069000,700300,369200,-,0.718,+,0.01917,-37.55,0.9856,0.915,1.12,+,0.006593,-,-0.005027,13.04,2.954,2.971,2.923,-,0.01626,+,0.003807,-7.228,0.4152,0.401,0.4422,+,0.01065,ns,NA,NA,0.5735,0.5679,0.5843,+,0.02776,-,-0.04713,105.5,13.88,13.46,12.82,-,0.718,ns,NA,NA,0.428,0.4218,0.4398,+,0.006593,-,-1152,2346000,613400,397700,215700,-,0.6764,-,-0.002799,6.757,1.122,1.128,1.11,-,0.01626,+,9.643e-4,-1.64,0.2918,0.2875,0.2999,+,0.01065,russia_Boreal,146.15749917567734,Boreal
ns,NA,NA,197.5,199.5,192,ns,0.1977,ns,NA,NA,56.34,53.99,61.83,ns,0.1353,+,0.08397,-166,2.717,2.525,3.402,+,0.05093,-,-709.3,1438000,277400,201500,75970,-,0.6972,-,-502.2,1015000,102100,79800,22330,-,0.7597,+,0.07951,-158.1,1.55,1.38,2.157,+,0.05985,ns,NA,NA,3.213,3.181,3.33,+,0.01993,+,0.01615,-31.87,0.5763,0.5413,0.7015,+,0.06132,+,0.008806,-16.99,0.6888,0.6712,0.7517,+,0.05093,-,-0.1263,262.4,11.53,11.29,10.01,-,0.7597,+,0.008448,-16.44,0.5259,0.5102,0.5819,+,0.05985,-,-292,589700,70340,53560,16790,-,0.7597,+,0.002404,-3.622,1.197,1.189,1.225,+,0.01993,+,0.004389,-8.477,0.3444,0.3352,0.3774,+,0.06132,russia_Arid,1256.2709368712142,Arid
+,2.153,-4117,226,223.6,229.3,ns,0.01041,ns,NA,NA,79.58,78.76,80.59,ns,0.1353,ns,NA,NA,1.041,0.9838,1.131,ns,0.00808,ns,NA,NA,5224,3009,2215,ns,0.09366,ns,NA,NA,5018,3059,1959,ns,0.1769,ns,NA,NA,0.5596,0.5535,0.569,ns,0.005927,+,0.02449,-46.12,2.97,2.836,3.181,ns,0.008632,ns,NA,NA,0.3081,0.3159,0.2958,ns,0.01542,ns,NA,NA,0.5103,0.5017,0.5235,ns,0.00808,ns,NA,NA,8.521,8.026,7.581,ns,0.1769,ns,NA,NA,0.3677,0.3668,0.3689,ns,0.005927,ns,NA,NA,2560,1535,1026,ns,0.1353,+,0.001873,-2.653,1.133,1.114,1.163,ns,0.008632,-,-7.331e-4,1.73,0.2523,0.2565,0.2458,ns,0.01542,russia_Temperate,66713.61217600002,Temperate
ns,NA,NA,205.4,206.8,203.9,ns,0.1769,+,0.3177,-617.4,24,23.24,24.66,ns,0.385,ns,NA,NA,0.8761,0.7998,0.9701,+,0.0401,ns,NA,NA,15330,7721,7611,ns,0.1145,ns,NA,NA,17500,9654,7846,ns,0.1561,-,-0.008801,18.19,0.4839,0.4818,0.4864,+,0.04573,ns,NA,NA,2.001,1.971,2.039,ns,0.00736,-,-0.003721,7.794,0.3105,0.3148,0.3052,-,0.04665,ns,NA,NA,0.3961,0.3967,0.3952,-,0.0401,ns,NA,NA,9.77,9.175,8.968,ns,0.1561,-,-0.002483,5.321,0.3163,0.3185,0.3137,-,0.04573,ns,NA,NA,6931,3830,3101,ns,0.1769,ns,NA,NA,0.9529,0.9493,0.9573,ns,0.00736,-,-0.001929,4.136,0.2525,0.2561,0.2481,-,0.04665,russia_Polar,22731.433854782543,Polar
ns,NA,NA,190.2,201.1,182.5,ns,0.2393,ns,NA,NA,59.22,52.64,62.29,ns,0.05203,ns,NA,NA,1.68,1.873,1.568,ns,0.02712,+,18.66,-37290,7320,3011,4309,+,0.6764,+,13.49,-26940,4356,1608,2748,+,0.6247,ns,NA,NA,1.151,1.299,1.064,ns,0.02521,-,-0.007914,17.72,1.772,1.813,1.747,-,0.0346,ns,NA,NA,0.5772,0.6355,0.5431,ns,0.02062,ns,NA,NA,0.4862,0.4921,0.4827,ns,0.02712,+,0.07384,-143.4,8.38,7.383,7.919,+,0.6247,-,-0.00245,5.387,0.4499,0.4725,0.4367,ns,0.02521,+,6.959,-13910,2118,791.4,1327,+,0.6348,-,-0.002013,4.959,0.906,0.9189,0.8985,-,0.0346,ns,NA,NA,0.3588,0.3713,0.3515,ns,0.02062,rwanda_Equatorial,71.61075878402934,Equatorial
ns,NA,NA,199.9,201.1,198,ns,0.05251,ns,NA,NA,53.27,56.83,47.3,ns,0.2839,ns,NA,NA,0.5816,0.5492,0.6413,ns,0.008615,ns,NA,NA,294.3,180.1,114.1,ns,0.04165,ns,NA,NA,506,328,178,ns,0.03132,ns,NA,NA,0.5477,0.5563,0.5318,ns,0.00739,ns,NA,NA,1.656,1.579,1.798,ns,0.001155,ns,NA,NA,0.3772,0.3794,0.3731,ns,0.01959,ns,NA,NA,0.3699,0.3618,0.3849,ns,0.008615,ns,NA,NA,6.229,5.796,5.187,ns,0.03132,ns,NA,NA,0.351,0.3469,0.3587,ns,0.00739,ns,NA,NA,187.2,118.7,68.5,ns,0,ns,NA,NA,0.8808,0.8672,0.9058,ns,0.001155,ns,NA,NA,0.291,0.2908,0.2916,ns,0.01959,rwanda_Temperate,1781.3287576163782,Temperate
NA,NA,NA,204,204,NA,NA,NA,NA,NA,NA,0,0,NA,NA,NA,NA,NA,NA,1.9,1.9,NA,NA,NA,NA,NA,NA,1.9,1.9,0,NA,NA,NA,NA,NA,1,1,0,NA,NA,NA,NA,NA,0.644,0.644,NA,NA,NA,NA,NA,NA,8,8,NA,NA,NA,NA,NA,NA,0.2415,0.2415,NA,NA,NA,NA,NA,NA,1.065,1.065,NA,NA,NA,NA,NA,NA,0.6931,0.6931,0,NA,NA,NA,NA,NA,0.4971,0.4971,NA,NA,NA,NA,NA,NA,1.065,1.065,0,NA,NA,NA,NA,NA,2.197,2.197,NA,NA,NA,NA,NA,NA,0.2163,0.2163,NA,NA,NA,rwanda_Polar,275957.8145922654,Polar
+,0.5593,-921.3,193.8,191.8,211.1,ns,0.385,+,0.839,-1642,51.31,49.89,59.2,ns,0.05203,-,-0.08922,180.7,1.471,1.611,0.8492,-,0.1942,-,-25.3,51070,7532,6730,801.7,-,0.8221,-,-14,28290,5121,4177,944,-,0.6247,-,-0.04685,95.58,1.448,1.542,1.032,-,0.1305,-,-0.07138,146.3,2.952,3.062,2.467,-,0.0721,-,-0.01365,28.35,0.8423,0.8754,0.6958,-,0.08888,-,-0.02327,47.38,0.6386,0.6796,0.4571,-,0.1942,-,-0.1299,266,8.541,8.338,6.851,-,0.6247,-,-0.01084,22.51,0.7158,0.7421,0.5994,-,0.1305,-,-8.254,16670,3270,2839,431.5,-,0.8013,-,-0.01266,26.59,1.169,1.188,1.089,-,0.0721,-,-0.005044,10.72,0.5373,0.5488,0.4866,-,0.08888,saudi_arabia_Arid,5280.109048932765,Arid
ns,NA,NA,260,262.8,255,ns,0.01041,+,0.8185,-1554,92.83,89.35,98.58,ns,0.2393,-,-0.08463,176.2,6.42,7.065,5.513,-,0.03268,-,-478.5,983400,412200,265000,147100,-,0.6972,-,-55.29,114600,64200,37520,26690,ns,0.3332,-,-0.03894,80.98,2.682,2.919,2.348,-,0.03661,ns,NA,NA,3.955,3.941,3.976,+,0.0144,-,-0.007945,16.85,0.8747,0.9335,0.7921,-,0.0403,-,-0.003667,8.358,1,1.017,0.9766,-,0.03268,-,-0.0158,39.92,11.07,10.53,10.19,ns,0.3332,-,-0.002948,6.7,0.7783,0.7959,0.7537,-,0.03661,-,-74.81,154100,64210,38150,26060,ns,0.4475,ns,NA,NA,1.326,1.325,1.328,+,0.0144,-,-0.002495,5.483,0.4793,0.4936,0.4593,-,0.0403,senegal_Arid,9.88602373708216,Arid
-,-2.801,5809,177.2,193.1,156.4,-,0.5099,ns,NA,NA,147.8,149.3,143,ns,0.1769,ns,NA,NA,5.887,6.058,5.677,-,0.02709,ns,NA,NA,509800,289400,220500,ns,0.1769,ns,NA,NA,86600,47770,38830,ns,0.2185,-,-0.01924,40.85,2.329,2.431,2.204,-,0.03335,-,-0.01048,25.32,4.27,4.304,4.227,-,0.01627,-,-0.005529,11.86,0.7779,0.807,0.7421,-,0.03189,-,-0.005309,11.71,1.031,1.048,1.01,-,0.02709,ns,NA,NA,11.37,10.77,10.57,ns,0.2185,-,-0.004064,8.966,0.7879,0.806,0.7656,-,0.03335,-,-35.86,76590,89260,50040,39230,ns,0.3018,-,-0.001944,5.294,1.388,1.39,1.385,-,0.01627,-,-0.001758,4.005,0.471,0.4813,0.4582,-,0.03189,senegal_Equatorial,7.992135462924747,Equatorial
ns,NA,NA,256,249.7,265.6,ns,0.03122,ns,NA,NA,48,51.76,39.96,ns,0.03122,ns,NA,NA,1.462,1.423,1.525,+,0.07846,ns,NA,NA,2189,1311,878.6,ns,0.2185,ns,NA,NA,1497,921,576,ns,0.3228,ns,NA,NA,4.784,4.674,4.959,+,0.1306,ns,NA,NA,3.118,3.011,3.288,+,0.08682,ns,NA,NA,2.346,2.388,2.278,-,0.08894,+,0.01171,-22.93,0.5885,0.5686,0.6204,+,0.07846,ns,NA,NA,7.312,6.827,6.358,ns,0.3228,+,0.01297,-24.81,1.326,1.288,1.387,+,0.1306,ns,NA,NA,881,523.7,357.4,ns,0.1769,+,0.01491,-28.81,1.166,1.131,1.222,+,0.08682,ns,NA,NA,1.035,1.023,1.054,+,0.08894,serbia_Temperate,730.9227879710456,Temperate
ns,NA,NA,250.4,245.7,257.7,ns,0.2185,ns,NA,NA,50.73,51.67,48.36,ns,0.05203,+,0.008746,-16.23,1.374,1.209,1.735,+,0.07003,-,-12.89,26020,6040,3655,2385,ns,0.4683,-,-10.17,20510,4397,3022,1375,-,0.4891,+,0.04945,-95.88,3.807,3.402,4.7,+,0.08601,ns,NA,NA,3.246,3.195,3.36,+,0.05798,ns,NA,NA,1.85,1.766,2.034,+,0.07018,+,0.007154,-13.72,0.5732,0.5442,0.6371,+,0.07003,-,-0.08471,176,8.389,8.014,7.227,-,0.4891,+,0.01045,-19.76,1.205,1.165,1.295,+,0.08601,-,-4.691,9473,2521,1645,876,ns,0.4475,+,0.006546,-12.01,1.178,1.159,1.218,+,0.05798,+,0.006756,-12.67,0.9285,0.9052,0.9799,+,0.07018,serbia_Boreal,264.9264884081864,Boreal
NA,NA,NA,162.2,123.4,230.1,NA,NA,NA,NA,NA,109.3,122.9,48.09,NA,NA,NA,NA,NA,0.5278,0.6042,0.4323,NA,NA,NA,NA,NA,4.75,3.021,1.729,NA,NA,NA,NA,NA,9,5,4,NA,NA,NA,NA,NA,2.147,2.447,1.771,NA,NA,NA,NA,NA,2.111,2.6,1.5,NA,NA,NA,NA,NA,1.447,1.274,1.664,NA,NA,NA,NA,NA,0.3938,0.434,0.3435,NA,NA,NA,NA,NA,2.303,1.792,1.609,NA,NA,NA,NA,NA,1.035,1.092,0.9636,NA,NA,NA,NA,NA,3.544,2.17,1.374,NA,NA,NA,NA,NA,1.031,1.163,0.8664,NA,NA,NA,NA,NA,0.8499,0.8005,0.9116,NA,NA,serbia_Arid,336842.8319578069,Arid
ns,NA,NA,95.82,109.1,80.49,ns,0.07285,ns,NA,NA,110.2,123,90.81,ns,0.01041,-,-0.009449,19.9,0.9511,1.101,0.8217,-,0.01523,ns,NA,NA,180000,96470,83560,ns,0.09366,ns,NA,NA,189300,87610,101700,ns,0.2393,-,-0.006821,14.32,0.6368,0.7375,0.5501,-,0.02142,ns,NA,NA,1.662,1.668,1.658,-,0.006668,-,-0.003677,7.788,0.3971,0.4294,0.3693,-,0.02715,-,-0.001529,3.506,0.4352,0.4516,0.421,-,0.01523,ns,NA,NA,12.15,11.38,11.53,ns,0.2393,-,-0.002532,5.461,0.3644,0.3803,0.3507,-,0.02142,ns,NA,NA,82380,39560,42820,ns,0.1561,ns,NA,NA,0.891,0.8921,0.8901,-,0.006668,-,-0.001805,3.933,0.2994,0.3114,0.2891,-,0.02715,sierra_leone_Equatorial,8.243838817815698,Equatorial
ns,NA,NA,183.1,187,175,ns,0.07285,ns,NA,NA,63.86,49.67,86.04,ns,0.01041,ns,NA,NA,0.9204,0.922,0.9169,ns,0.1127,-,-0.4552,932.7,300,202.8,97.19,ns,0.01041,-,-0.6667,1352,326,220,106,ns,0.1981,ns,NA,NA,2.168,2.197,2.108,ns,0.09082,ns,NA,NA,3.037,3.018,3.075,ns,0.03203,ns,NA,NA,1.245,1.25,1.234,ns,0.1071,ns,NA,NA,0.4993,0.4953,0.5074,ns,0.1127,-,-0.06341,130.5,5.79,5.398,4.673,ns,0.1981,ns,NA,NA,0.9609,0.9603,0.9623,ns,0.09082,-,-0.3712,753.7,162.8,109,53.79,ns,0.05203,ns,NA,NA,1.159,1.158,1.162,ns,0.03203,ns,NA,NA,0.7353,0.7329,0.7403,ns,0.1071,slovakia_Boreal,3326.741743491812,Boreal
NA,NA,NA,231,308,154,NA,NA,NA,NA,NA,NA,-0,-0,NA,NA,NA,NA,NA,0.2165,0.2165,0.2165,NA,NA,NA,NA,NA,0.433,0.2165,0.2165,NA,NA,NA,NA,NA,2,1,1,NA,NA,NA,NA,NA,0.8586,0.8586,0.8586,NA,NA,NA,NA,NA,1,1,1,NA,NA,NA,NA,NA,0.8586,0.8586,0.8586,NA,NA,NA,NA,NA,0.196,0.196,0.196,NA,NA,NA,NA,NA,1.099,0.6931,0.6931,NA,NA,NA,NA,NA,0.6198,0.6198,0.6198,NA,NA,NA,NA,NA,0.392,0.196,0.196,NA,NA,NA,NA,NA,0.6931,0.6931,0.6931,NA,NA,NA,NA,NA,0.6198,0.6198,0.6198,NA,NA,slovakia_Polar,2305069.6224611886,Polar
NA,NA,NA,288.7,296,275.8,NA,NA,NA,NA,NA,26.52,25.14,24.99,NA,NA,NA,NA,NA,0.5279,0.5837,0.4517,NA,NA,NA,NA,NA,27.45,17.51,9.938,NA,NA,NA,NA,NA,52,30,22,NA,NA,NA,NA,NA,1.701,2.068,1.2,NA,NA,NA,NA,NA,1.808,1.8,1.818,NA,NA,NA,NA,NA,1.161,1.341,0.9162,NA,NA,NA,NA,NA,0.3686,0.3862,0.3445,NA,NA,NA,NA,NA,3.97,3.434,3.135,NA,NA,NA,NA,NA,0.8594,0.9429,0.7456,NA,NA,NA,NA,NA,19.16,11.58,7.58,NA,NA,NA,NA,NA,0.9175,0.9019,0.9386,NA,NA,NA,NA,NA,0.7315,0.8027,0.6344,NA,NA,slovenia_Boreal,15192.075235406104,Boreal
NA,NA,NA,215.9,204.8,223.1,NA,NA,NA,NA,NA,14.8,2.981,14.96,NA,NA,NA,NA,NA,1.577,1.436,1.684,NA,NA,NA,NA,NA,11.04,4.307,6.734,NA,NA,NA,NA,NA,7,3,4,NA,NA,NA,NA,NA,4.048,4.866,3.435,NA,NA,NA,NA,NA,2,1.667,2.25,NA,NA,NA,NA,NA,2.739,2.671,2.791,NA,NA,NA,NA,NA,0.7979,0.7289,0.8497,NA,NA,NA,NA,NA,2.079,1.386,1.609,NA,NA,NA,NA,NA,1.464,1.464,1.463,NA,NA,NA,NA,NA,5.586,2.187,3.399,NA,NA,NA,NA,NA,1.007,0.9242,1.069,NA,NA,NA,NA,NA,1.262,1.204,1.306,NA,NA,slovenia_Temperate,37767.810673522436,Temperate
ns,NA,NA,124.5,123.3,136.5,ns,0.1634,-,-4.541,9184,103.4,102.5,112.1,ns,0.3852,-,-0.01227,25.22,0.7227,0.7293,0.6623,-,0.07645,-,-4.279,8640,1479,1346,132.5,-,0.6556,-,-7.944,16030,2046,1846,200,-,0.6972,ns,NA,NA,0.4609,0.4676,0.3993,ns,0.03509,-,-0.01641,34.7,1.785,1.791,1.73,ns,0.03337,ns,NA,NA,0.3276,0.3303,0.3021,ns,0.02782,-,-0.004324,9.09,0.4177,0.421,0.3875,-,0.07645,-,-0.2074,420.9,7.624,7.521,5.303,-,0.6972,ns,NA,NA,0.3316,0.3345,0.3051,ns,0.03509,-,-3.151,6360,854.6,777.1,77.5,-,0.6764,-,-0.005697,12.33,0.9207,0.9238,0.8922,ns,0.03337,ns,NA,NA,0.27,0.2716,0.255,ns,0.02782,somalia_Equatorial,6613.632067012376,Equatorial
ns,NA,NA,131.4,141.1,119.7,ns,0.04668,-,-1.559,3224,104.2,107,99.4,ns,0.1353,ns,NA,NA,1.006,0.8492,1.296,ns,0.02851,-,-8.858,17880,3753,2055,1698,ns,0.3018,-,-12.21,24660,3730,2420,1310,ns,0.3434,ns,NA,NA,0.6635,0.5353,0.9004,+,0.04725,ns,NA,NA,1.789,1.788,1.79,ns,9.344e-4,+,0.001837,-3.306,0.4184,0.3748,0.4989,+,0.06084,ns,NA,NA,0.4767,0.4517,0.5229,ns,0.02851,-,-0.1471,300.1,8.224,7.792,7.179,ns,0.3434,ns,NA,NA,0.3872,0.3605,0.4365,+,0.04725,-,-5.422,10950,1778,1093,685,ns,0.385,ns,NA,NA,0.9264,0.9261,0.9269,ns,9.344e-4,ns,NA,NA,0.3123,0.2952,0.344,+,0.06084,somalia_Arid,2605.7569869405916,Arid
NA,NA,NA,203.9,105,303,NA,NA,NA,NA,NA,NA,NA,-0,NA,NA,NA,NA,NA,0.2884,0.2165,0.4321,NA,NA,NA,NA,NA,0.8651,0.433,0.4321,NA,NA,NA,NA,NA,3,2,1,NA,NA,NA,NA,NA,0.2862,0.2147,0.4293,NA,NA,NA,NA,NA,1,1,1,NA,NA,NA,NA,NA,0.2862,0.2147,0.4293,NA,NA,NA,NA,NA,0.2504,0.196,0.3591,NA,NA,NA,NA,NA,1.386,1.099,0.6931,NA,NA,NA,NA,NA,0.2487,0.1945,0.3572,NA,NA,NA,NA,NA,0.7511,0.392,0.3591,NA,NA,NA,NA,NA,0.6931,0.6931,0.6931,NA,NA,NA,NA,NA,0.2487,0.1945,0.3572,NA,NA,somaliland_Arid,4021537.246740204,Arid
ns,NA,NA,224.2,227.9,217.9,ns,0.1977,+,1.97,-3882,80.09,74.95,87.79,ns,0.4059,ns,NA,NA,3.044,3.166,2.857,-,0.02398,-,-253.7,519500,183600,115700,67960,-,0.5099,-,-71.4,146800,60320,36530,23790,-,0.7389,ns,NA,NA,1.808,1.88,1.698,-,0.027,-,-0.004691,11.47,2.054,2.056,2.052,-,0.01881,ns,NA,NA,0.8545,0.8932,0.795,-,0.02667,-,-0.001419,3.574,0.7031,0.7188,0.6791,-,0.02398,-,-0.02383,56,11.01,10.51,10.08,-,0.7389,ns,NA,NA,0.5837,0.5984,0.561,-,0.027,-,-55.08,112900,42410,26260,16160,-,0.6556,-,-8.029e-4,2.628,1.002,1.003,1.001,-,0.01881,ns,NA,NA,0.445,0.4563,0.4276,-,0.02667,south_africa_Arid,137.3767238525008,Arid
ns,NA,NA,222,222,221.9,ns,0.07285,+,0.2929,-533.4,54.89,52.98,57.67,ns,0.281,-,-0.01431,30.88,2.032,2.09,1.951,-,0.01613,-,-780.1,1599000,589800,354800,235000,-,0.5724,-,-299.6,617300,290200,169800,120400,-,0.614,-,-0.006585,14.51,1.242,1.282,1.187,-,0.01539,ns,NA,NA,2.078,2.088,2.062,-,0.01653,ns,NA,NA,0.6391,0.6532,0.6191,-,0.01157,ns,NA,NA,0.6688,0.6769,0.6573,-,0.01613,-,-0.02005,49.92,12.58,12.04,11.7,-,0.614,ns,NA,NA,0.5451,0.5524,0.5348,-,0.01539,-,-211.3,434500,194100,114900,79160,-,0.5932,ns,NA,NA,1.012,1.014,1.009,-,0.01653,ns,NA,NA,0.4075,0.4126,0.4004,-,0.01157,south_africa_Temperate,42.76833612145121,Temperate
ns,NA,NA,193.1,195.2,190.2,ns,0.1145,-,-1.484,3048,69.75,74.32,63.04,ns,0.2393,ns,NA,NA,1.473,1.454,1.499,ns,0.008138,ns,NA,NA,8398,4799,3599,ns,0.1561,ns,NA,NA,5702,3301,2401,ns,0.281,ns,NA,NA,0.9148,0.9068,0.9259,ns,0.006325,ns,NA,NA,2.011,1.961,2.079,ns,0.01061,ns,NA,NA,0.5098,0.5198,0.4959,ns,0.01508,ns,NA,NA,0.5707,0.5696,0.5723,ns,0.008138,ns,NA,NA,8.649,8.102,7.784,ns,0.281,ns,NA,NA,0.4701,0.4695,0.471,ns,0.006325,ns,NA,NA,3254,1880,1374,ns,0.281,ns,NA,NA,0.9884,0.9779,1.003,ns,0.01061,ns,NA,NA,0.3564,0.3604,0.3508,ns,0.01508,south_africa_Equatorial,3003.9096668083307,Equatorial
ns,NA,NA,224.6,231.8,212.9,ns,0.01323,ns,NA,NA,27.53,18.51,34.9,ns,0.1046,-,-0.04042,81.89,0.9512,1.038,0.8374,ns,0.01354,ns,NA,NA,361.5,224.1,137.3,ns,0.3228,ns,NA,NA,380,216,164,ns,0.2505,ns,NA,NA,0.5858,0.6539,0.4961,ns,0.01646,-,-0.06226,127.7,2.358,2.5,2.171,ns,0.0904,ns,NA,NA,0.3462,0.3581,0.3305,ns,0.07774,-,-0.02056,41.8,0.4389,0.4619,0.4086,ns,0.01354,ns,NA,NA,5.943,5.38,5.106,ns,0.2505,ns,NA,NA,0.3657,0.3807,0.346,ns,0.01646,ns,NA,NA,166.8,99.76,67.01,ns,0.2811,-,-0.01662,34.46,1.055,1.089,1.011,ns,0.0904,ns,NA,NA,0.2758,0.2784,0.2723,ns,0.07774,south_africa_Polar,69791.4069140529,Polar
+,1.822,-3433,223.9,225,220.8,ns,0.3501,ns,NA,NA,22.74,19.59,30.06,ns,0.1046,-,-0.04424,89.95,1.306,1.555,0.8919,ns,0.04133,-,-0.8381,1690,236.4,175.7,60.65,ns,0.4059,-,-0.5641,1141,181,113,68,ns,0.3447,ns,NA,NA,0.982,1.064,0.846,ns,0.09844,ns,NA,NA,2.575,2.628,2.485,ns,0.06609,ns,NA,NA,0.4985,0.486,0.5191,ns,0.0718,ns,NA,NA,0.5018,0.5073,0.4927,ns,0.04133,-,-0.08091,165.1,5.204,4.736,4.234,ns,0.3447,ns,NA,NA,0.4825,0.4762,0.4931,ns,0.09844,-,-0.4064,821.4,90.82,57.32,33.51,ns,0.3434,ns,NA,NA,1.112,1.104,1.124,ns,0.06609,ns,NA,NA,0.3526,0.3421,0.3699,ns,0.0718,south_africa_Boreal,106729.67372867253,Boreal
ns,NA,NA,72.05,73.15,70.39,ns,0.01041,ns,NA,NA,35.73,29.03,43.97,ns,0.01043,ns,NA,NA,2.042,2.284,1.761,ns,0.01099,ns,NA,NA,618.9,372.3,246.6,ns,0.09366,ns,NA,NA,303,163,140,ns,0.04171,-,-0.05972,121.5,1.425,1.713,1.089,ns,0.05648,ns,NA,NA,3.129,3.301,2.929,ns,0.03649,-,-0.01206,24.98,0.5692,0.6248,0.5044,ns,0.08025,ns,NA,NA,0.7136,0.7363,0.6872,ns,0.01099,ns,NA,NA,5.717,5.1,4.949,ns,0.04171,ns,NA,NA,0.602,0.6568,0.5382,ns,0.05648,ns,NA,NA,216.2,120,96.21,ns,0.05203,ns,NA,NA,1.209,1.238,1.175,ns,0.03649,ns,NA,NA,0.3872,0.4095,0.3613,ns,0.08025,south_korea_Boreal,3241.4236143393,Boreal
NA,NA,NA,109.2,110.3,108.2,NA,NA,NA,NA,NA,81.21,98.49,62.99,NA,NA,NA,NA,NA,1.285,1.308,1.264,NA,NA,NA,NA,NA,37.27,18.31,18.96,NA,NA,NA,NA,NA,29,14,15,NA,NA,NA,NA,NA,0.6884,0.6746,0.7012,NA,NA,NA,NA,NA,2.862,3.286,2.467,NA,NA,NA,NA,NA,0.3809,0.3599,0.4005,NA,NA,NA,NA,NA,0.6264,0.6553,0.5995,NA,NA,NA,NA,NA,3.401,2.708,2.773,NA,NA,NA,NA,NA,0.4495,0.4486,0.4503,NA,NA,NA,NA,NA,18.17,9.174,8.992,NA,NA,NA,NA,NA,1.192,1.295,1.096,NA,NA,NA,NA,NA,0.2971,0.2823,0.311,NA,NA,south_korea_Temperate,53825.350200840534,Temperate
ns,NA,NA,237.6,245.2,227.6,ns,0.1145,ns,NA,NA,142.6,139.9,145.3,ns,0.05203,-,-0.06962,144.5,4.544,4.886,4.163,-,0.01097,ns,NA,NA,6136000,3481000,2654000,ns,0.1561,+,755,-1451000,1350000,712500,637600,ns,0.3642,-,-0.02997,62.16,1.914,2.089,1.719,-,0.01479,ns,NA,NA,2.125,2.12,2.131,ns,6.124e-4,-,-0.009497,19.86,0.7857,0.8421,0.7226,-,0.0183,-,-0.002226,5.152,0.6958,0.7137,0.6758,-,0.01097,+,0.01122,-11.44,14.12,13.48,13.37,ns,0.3642,-,-0.002764,6.123,0.5742,0.5927,0.5536,-,0.01479,+,105.1,-166300,939500,508500,430900,ns,0.2185,ns,NA,NA,0.9902,0.9887,0.9918,ns,6.124e-4,-,-0.002347,5.143,0.4293,0.444,0.4129,-,0.0183,south_sudan_Equatorial,2.099922593659931,Equatorial
-,-2.053,4394,261.4,270.6,247.9,-,0.614,+,2.098,-4115,106.9,96.72,119,+,0.6556,-,-0.1181,242.5,4.725,5.386,4.011,ns,0.007052,-,-227.9,468700,215000,127400,87680,ns,0.385,+,8.242,-14390,45510,23650,21860,-,0.4896,-,-0.05088,104.6,2.344,2.577,2.091,-,0.01388,ns,NA,NA,2.205,2.191,2.22,ns,0.001091,-,-0.0133,27.8,0.9796,1.055,0.8981,-,0.01841,ns,NA,NA,0.7784,0.7948,0.7606,ns,0.007052,+,0.003835,-0.02474,10.73,10.07,9.993,-,0.4896,-,-0.003288,7.278,0.669,0.6879,0.6485,-,0.01388,ns,NA,NA,35420,18800,16630,ns,0.3226,ns,NA,NA,1.02,1.015,1.026,ns,0.001091,-,-0.00286,6.257,0.497,0.5139,0.4788,-,0.01841,south_sudan_Arid,59.915433828213565,Arid
-,-1.098,2266,71.44,86.81,54.52,ns,0.3642,ns,NA,NA,83.26,98.49,57.89,ns,0.2602,ns,NA,NA,0.9424,0.9614,0.9224,ns,0.05402,ns,NA,NA,994.3,521.1,473.2,ns,0.1353,ns,NA,NA,1055,542,513,ns,0.02083,ns,NA,NA,0.679,0.6638,0.695,ns,0.0601,ns,NA,NA,1.926,1.849,2.008,ns,0.04193,ns,NA,NA,0.4125,0.4133,0.4117,ns,0.04242,ns,NA,NA,0.4636,0.4587,0.4688,ns,0.05402,ns,NA,NA,6.962,6.297,6.242,ns,0.02083,ns,NA,NA,0.4038,0.3982,0.4098,ns,0.0601,ns,NA,NA,489.1,248.6,240.5,ns,0.1561,ns,NA,NA,0.9564,0.9413,0.9724,ns,0.04193,ns,NA,NA,0.3135,0.3129,0.314,ns,0.04242,south_sudan_Temperate,12958.826623947176,Temperate
ns,NA,NA,212.9,211.5,215.4,ns,0.05203,ns,NA,NA,67.49,63.51,74.53,ns,0.1769,ns,NA,NA,2.556,2.437,2.823,ns,0.02564,-,-33.77,68450,15540,10260,5283,ns,0.3434,-,-18.5,37500,6080,4209,1871,ns,0.2811,ns,NA,NA,2.639,2.505,2.941,ns,0.0252,ns,NA,NA,3.681,3.644,3.765,ns,0.0157,ns,NA,NA,0.973,0.9662,0.9884,ns,0.02426,ns,NA,NA,0.7704,0.7636,0.7856,ns,0.02564,-,-0.07311,152.6,8.713,8.345,7.535,ns,0.2811,ns,NA,NA,0.8394,0.8346,0.8504,ns,0.0252,-,-15.24,30840,4684,3214,1470,ns,0.3434,ns,NA,NA,1.307,1.305,1.312,ns,0.0157,-,-0.003983,8.536,0.5459,0.5457,0.5465,ns,0.02426,spain_Temperate,672.5721083643696,Temperate
ns,NA,NA,209.7,219.5,197.6,ns,0.01041,-,-1.301,2652,53.57,58.79,43.4,ns,0.4267,ns,NA,NA,3.854,3.194,5.17,ns,0.02555,ns,NA,NA,4683,2584,2099,ns,0.05203,-,-0.75,1553,1215,809,406,ns,0.1356,ns,NA,NA,2.841,2.564,3.393,ns,0.03646,ns,NA,NA,3.287,3.387,3.089,ns,0.04823,ns,NA,NA,1.031,0.986,1.121,ns,0.01899,ns,NA,NA,0.8804,0.8692,0.9026,ns,0.02555,ns,NA,NA,7.103,6.697,6.009,ns,0.1356,ns,NA,NA,0.8186,0.8108,0.8341,ns,0.03646,-,-1.423,2898,1070,703.2,366.5,ns,0.1353,ns,NA,NA,1.236,1.257,1.196,ns,0.04823,ns,NA,NA,0.5409,0.5307,0.5613,ns,0.01899,spain_Arid,2232.074826473577,Arid
ns,NA,NA,176.9,181.7,164.9,ns,0.2185,ns,NA,NA,119,117.9,121,ns,0.1354,ns,NA,NA,1.648,1.669,1.598,-,0.1223,-,-1.501,3065,794.3,567.3,227,ns,0.1977,-,-1.462,2957,482,340,142,ns,0.4685,ns,NA,NA,1.577,1.63,1.448,ns,1.232e-4,ns,NA,NA,3.359,3.144,3.873,+,0.1383,ns,NA,NA,0.6545,0.6781,0.5982,ns,0.08585,ns,NA,NA,0.6133,0.5901,0.6687,+,0.1223,-,-0.0895,183.1,6.18,5.832,4.963,ns,0.4685,ns,NA,NA,0.6496,0.6502,0.648,ns,1.232e-4,-,-0.768,1551,295.6,200.6,94.95,ns,0.3018,ns,NA,NA,1.206,1.161,1.315,+,0.1383,ns,NA,NA,0.4388,0.4511,0.4093,ns,0.08585,spain_Boreal,13159.31588917079,Boreal
NA,NA,NA,177.8,177.8,NA,NA,NA,NA,NA,NA,23.49,23.49,NA,NA,NA,NA,NA,NA,0.2146,0.2146,NA,NA,NA,NA,NA,NA,1.288,1.288,0,NA,NA,NA,NA,NA,6,6,0,NA,NA,NA,NA,NA,0.2147,0.2147,NA,NA,NA,NA,NA,NA,1,1,NA,NA,NA,NA,NA,NA,0.2147,0.2147,NA,NA,NA,NA,NA,NA,0.1944,0.1944,NA,NA,NA,NA,NA,NA,1.946,1.946,0,NA,NA,NA,NA,NA,0.1945,0.1945,NA,NA,NA,NA,NA,NA,1.167,1.167,0,NA,NA,NA,NA,NA,0.6931,0.6931,NA,NA,NA,NA,NA,NA,0.1945,0.1945,NA,NA,NA,spain_Polar,8116240.658759449,Polar
ns,NA,NA,200.7,198.6,206.7,ns,0.1977,ns,NA,NA,41.43,40.51,43.37,ns,0.2393,ns,NA,NA,1.463,1.504,1.356,ns,0.001167,-,-35.51,71800,7553,5570,1983,-,0.6556,-,-20.86,42160,5164,3702,1462,-,0.5307,ns,NA,NA,0.6951,0.7158,0.6427,ns,0.02147,ns,NA,NA,3.354,3.333,3.406,ns,0.004564,ns,NA,NA,0.3294,0.338,0.3078,-,0.03881,ns,NA,NA,0.5652,0.5718,0.5483,ns,0.001167,-,-0.1083,223.2,8.55,8.217,7.288,-,0.5307,ns,NA,NA,0.41,0.4173,0.3916,ns,0.02147,-,-14.48,29270,2919,2117,801.6,-,0.5932,ns,NA,NA,1.176,1.172,1.185,ns,0.004564,ns,NA,NA,0.2663,0.2714,0.2534,-,0.03881,sri_lanka_Equatorial,180.59238087296535,Equatorial
NA,NA,NA,255,NA,255,NA,NA,NA,NA,NA,NA,NA,NA,NA,NA,NA,NA,NA,0.4321,NA,0.4321,NA,NA,NA,NA,NA,0.4321,0,0.4321,NA,NA,NA,NA,NA,1,0,1,NA,NA,NA,NA,NA,0.2147,NA,0.2147,NA,NA,NA,NA,NA,3,NA,3,NA,NA,NA,NA,NA,0.1431,NA,0.1431,NA,NA,NA,NA,NA,0.3591,NA,0.3591,NA,NA,NA,NA,NA,0.6931,0,0.6931,NA,NA,NA,NA,NA,0.1945,NA,0.1945,NA,NA,NA,NA,NA,0.3591,0,0.3591,NA,NA,NA,NA,NA,1.386,NA,1.386,NA,NA,NA,NA,NA,0.1337,NA,0.1337,NA,NA,sri_lanka_Temperate,3156530.448006007,Temperate
ns,NA,NA,236.5,240.7,230,ns,0.05203,+,0.5586,-999.2,119.6,116.9,123.6,ns,0.01041,-,-0.06487,133.9,3.436,3.742,3.046,-,0.03034,-,-1976,4030000,1191000,726100,464900,-,0.614,-,-259.3,537600,346700,194000,152600,ns,0.1977,-,-0.03158,65.4,1.883,2.034,1.691,-,0.03571,ns,NA,NA,2.222,2.227,2.217,-,0.01416,-,-0.01113,23.19,0.8748,0.9378,0.7946,-,0.03908,-,-0.004906,10.64,0.7841,0.8112,0.7495,-,0.03034,-,-0.01605,41.96,12.76,12.18,11.94,ns,0.1977,-,-0.004435,9.539,0.645,0.6706,0.61240000000000006,-,0.03571,-,-293,602200,271800,157400,114400,ns,0.4059,ns,NA,NA,1.035,1.036,1.034,-,0.01416,-,-0.00298,6.455,0.4791,0.4992,0.4536,-,0.03908,sudan_Arid,32.300355111348075,Arid
-,-0.743,1777,283.9,289,276.2,ns,0.385,+,0.8787,-1670,93.38,87.67,100.9,ns,0.3018,-,-0.06266,128.9,3.066,3.479,2.601,-,0.02274,-,-323.5,669000,407000,244400,162600,ns,0.4475,ns,NA,NA,132800,70250,62510,ns,0.3434,-,-0.04359,89.43,1.816,2.108,1.489,-,0.02494,-,-0.005428,13.14,2.229,2.256,2.199,-,0.01534,-,-0.01218,25.23,0.7619,0.8395,0.6747,-,0.02363,-,-0.004016,8.756,0.6962,0.7204,0.6691,-,0.02274,ns,NA,NA,11.8,11.16,11.04,ns,0.3434,-,-0.003652,7.915,0.5844,0.6083,0.5575,-,0.02494,ns,NA,NA,92430,50610,41820,ns,0.1353,-,-7.424e-4,2.52,1.022,1.026,1.016,-,0.01534,-,-0.002266,4.977,0.4324,0.4497,0.413,-,0.02363,sudan_Equatorial,94.52235710733878,Equatorial
+,3.8,-7526,134.2,114.8,155.8,ns,0.4059,+,1.278,-2473,119.8,104.8,131.4,ns,0.3226,-,-0.1238,252.3,3.772,4.583,3.148,ns,0.05127,ns,NA,NA,2248,1187,1061,ns,0.07285,ns,NA,NA,596,259,337,ns,0.3133,-,-0.06537,133.6,2.243,2.658,1.924,ns,0.04727,-,-0.02336,49.41,2.475,2.568,2.404,ns,0.03854,-,-0.0309,63.18,1.043,1.198,0.9238,ns,0.05136,-,-0.02051,42.27,0.9814,1.062,0.9193,ns,0.05127,ns,NA,NA,6.392,5.561,5.823,ns,0.3133,-,-0.01609,33.17,0.8044,0.8696,0.7544,ns,0.04727,ns,NA,NA,584.9,275.1,309.8,ns,0.2602,-,-0.006685,14.52,1.116,1.137,1.099,ns,0.03854,-,-0.007336,15.33,0.5673,0.6079,0.5361,ns,0.05136,sudan_Temperate,17112.83445237567,Temperate
ns,NA,NA,201.3,186.8,203.6,ns,0.1348,ns,NA,NA,24.68,60,10.48,ns,0.1371,ns,NA,NA,3.324,0.9963,5.263,ns,0.0439,ns,NA,NA,329,44.83,284.2,ns,0,ns,NA,NA,99,45,54,ns,0.02184,ns,NA,NA,2.069,0.9636,2.989,ns,0.06356,+,0.2593,-518,3.253,2.444,3.926,ns,0.06545,ns,NA,NA,0.7758,0.6189,0.9066,ns,0.07528,ns,NA,NA,0.6294,0.4544,0.7752,ns,0.0439,ns,NA,NA,4.605,3.829,4.007,ns,0.02184,ns,NA,NA,0.6526,0.4997,0.7801,ns,0.06356,ns,NA,NA,62.31,20.45,41.86,ns,0.02178,+,0.03537,-69.88,1.153,1.061,1.229,ns,0.06545,ns,NA,NA,0.4637,0.4073,0.5107,ns,0.07528,sweden_Boreal,27799.961570291856,Boreal
NA,NA,NA,243.8,252.7,238.7,NA,NA,NA,NA,NA,94.95,NA,147.8,NA,NA,NA,NA,NA,0.2644,0.4321,0.2165,NA,NA,NA,NA,NA,2.38,0.8642,1.516,NA,NA,NA,NA,NA,9,2,7,NA,NA,NA,NA,NA,1.193,1.61,1.073,NA,NA,NA,NA,NA,1.111,1.5,1,NA,NA,NA,NA,NA,1.133,1.342,1.073,NA,NA,NA,NA,NA,0.2297,0.3477,0.196,NA,NA,NA,NA,NA,2.303,1.099,2.079,NA,NA,NA,NA,NA,0.7755,0.9377,0.7291,NA,NA,NA,NA,NA,2.067,0.6954,1.372,NA,NA,NA,NA,NA,0.7382,0.8959,0.6931,NA,NA,NA,NA,NA,0.7547,0.8442,0.7291,NA,NA,switzerland_Polar,357547.0645711371,Polar
NA,NA,NA,238.1,223.5,249.9,NA,NA,NA,NA,NA,96.89,75.41,114,NA,NA,NA,NA,NA,0.4996,0.97,0.3602,NA,NA,NA,NA,NA,17.49,7.76,9.726,NA,NA,NA,NA,NA,35,8,27,NA,NA,NA,NA,NA,1.932,3.22,1.55,NA,NA,NA,NA,NA,1.771,2.875,1.444,NA,NA,NA,NA,NA,1.515,1.666,1.47,NA,NA,NA,NA,NA,0.357,0.5839,0.2898,NA,NA,NA,NA,NA,3.584,2.197,3.332,NA,NA,NA,NA,NA,0.9442,1.25,0.8536,NA,NA,NA,NA,NA,12.5,4.671,7.824,NA,NA,NA,NA,NA,0.9005,1.188,0.8152,NA,NA,NA,NA,NA,0.8476,0.9575,0.8151,NA,NA,switzerland_Boreal,48662.3216515353,Boreal
NA,NA,NA,167.5,167.5,NA,NA,NA,NA,NA,NA,149.3,149.3,NA,NA,NA,NA,NA,NA,0.755,0.755,NA,NA,NA,NA,NA,NA,3.02,3.02,0,NA,NA,NA,NA,NA,4,4,0,NA,NA,NA,NA,NA,2.415,2.415,NA,NA,NA,NA,NA,NA,2.5,2.5,NA,NA,NA,NA,NA,NA,1.449,1.449,NA,NA,NA,NA,NA,NA,0.5243,0.5243,NA,NA,NA,NA,NA,NA,1.609,1.609,0,NA,NA,NA,NA,NA,1.141,1.141,NA,NA,NA,NA,NA,NA,2.097,2.097,0,NA,NA,NA,NA,NA,1.171,1.171,NA,NA,NA,NA,NA,NA,0.8805,0.8805,NA,NA,NA,switzerland_Temperate,281747.5521165076,Temperate
ns,NA,NA,187.4,159.9,193.6,ns,0.03122,+,2.087,-4152,63.59,48.84,64.87,ns,0.4267,+,0.03372,-66.36,1.846,1.195,2.101,+,0.09085,ns,NA,NA,6793,1238,5555,ns,0.03122,ns,NA,NA,3680,1036,2644,ns,0.02082,+,0.09539,-190.6,2.149,1.355,2.461,+,0.1209,ns,NA,NA,2.817,2.774,2.834,ns,0.005328,+,0.04517,-90.3,1.063,0.7682,1.179,+,0.1301,+,0.01571,-31.03,0.6463,0.5442,0.6863,+,0.09085,ns,NA,NA,8.211,6.944,7.88,ns,0.02082,+,0.02721,-54.06,0.744,0.6186,0.7931,+,0.1209,ns,NA,NA,2379,563.8,1815,ns,0.01041,ns,NA,NA,1.148,1.132,1.154,ns,0.005328,+,0.01832,-36.42,0.5564,0.4697,0.5904,+,0.1301,syria_Arid,564.6298996750982,Arid
-,-2.78,5809,203.5,222,200.1,-,0.5307,ns,NA,NA,46.8,47.4,45.87,ns,0.4059,+,0.09454,-188.4,1.83,0.9977,2.166,+,0.1533,+,19.18,-38440,10020,1570,8452,+,0.6764,+,12.83,-25730,5477,1574,3903,+,0.5932,+,0.1893,-376.8,3.253,2.052,3.738,+,0.1722,+,0.04229,-81.66,3.321,2.836,3.516,+,0.1053,+,0.05284,-104.9,1.277,0.9489,1.409,+,0.156,+,0.02415,-48.05,0.6707,0.5136,0.7341,+,0.1533,+,0.1566,-310.6,8.608,7.362,8.27,+,0.5932,+,0.02286,-45.05,0.9141,0.7363,0.9858,+,0.1722,+,8.639,-17310,3674,808.5,2865,+,0.6348,+,0.009736,-18.26,1.234,1.141,1.271,+,0.1053,+,0.01763,-34.79,0.6517,0.5507,0.6924,+,0.156,syria_Temperate,382.66456797614495,Temperate
NA,NA,NA,33.84,NA,33.84,NA,NA,NA,NA,NA,55.25,NA,55.25,NA,NA,NA,NA,NA,0.3089,NA,0.3089,NA,NA,NA,NA,NA,2.162,0,2.162,NA,NA,NA,NA,NA,7,0,7,NA,NA,NA,NA,NA,1.38,NA,1.38,NA,NA,NA,NA,NA,1.143,NA,1.143,NA,NA,NA,NA,NA,1.38,NA,1.38,NA,NA,NA,NA,NA,0.2626,NA,0.2626,NA,NA,NA,NA,NA,2.079,0,2.079,NA,NA,NA,NA,NA,0.8307,NA,0.8307,NA,NA,NA,NA,NA,1.838,0,1.838,NA,NA,NA,NA,NA,0.7511,NA,0.7511,NA,NA,NA,NA,NA,0.8307,NA,0.8307,NA,NA,syria_Boreal,1773694.338347733,Boreal
NA,NA,NA,225.7,249.7,158.8,NA,NA,NA,NA,NA,117.9,107.9,120.7,NA,NA,NA,NA,NA,1.534,1.543,1.508,NA,NA,NA,NA,NA,102.8,75.61,27.15,NA,NA,NA,NA,NA,67,49,18,NA,NA,NA,NA,NA,0.7817,0.7404,0.8944,NA,NA,NA,NA,NA,3.552,3.49,3.722,NA,NA,NA,NA,NA,0.349,0.344,0.3627,NA,NA,NA,NA,NA,0.6415,0.6282,0.6778,NA,NA,NA,NA,NA,4.22,3.912,2.944,NA,NA,NA,NA,NA,0.4676,0.453,0.5072,NA,NA,NA,NA,NA,42.98,30.78,12.2,NA,NA,NA,NA,NA,1.221,1.217,1.233,NA,NA,NA,NA,NA,0.2831,0.2775,0.2986,NA,NA,taiwan_Temperate,7236.544370479697,Temperate
-,-5.291,10810,204,211.5,176.7,ns,0.2602,-,-2.155,4378,69.05,58.58,93.68,ns,0.385,-,-0.2284,461.5,3.184,3.951,1.857,-,0.2029,-,-2.282,4606,703.6,553.2,150.4,-,0.5307,-,-0.4722,954.2,221,140,81,ns,0.3652,-,-0.4807,972.2,8.881,10.62,5.881,-,0.1697,ns,NA,NA,2.95,3.057,2.765,ns,0.1011,-,-0.2413,488.3,4.173,4.923,2.877,-,0.1775,-,-0.03963,80.74,0.9365,1.071,0.7041,-,0.2029,-,-0.07702,156.9,5.403,4.949,4.407,ns,0.3652,-,-0.03927,80.67,1.617,1.754,1.379,-,0.1697,-,-0.7037,1422,207,149.9,57.03,ns,0.4267,ns,NA,NA,1.219,1.253,1.159,ns,0.1011,-,-0.03764,76.94,1.246,1.351,1.063,-,0.1775,tajikistan_Arid,4176.09385356806,Arid
NA,NA,NA,282.3,279.3,297.2,NA,NA,NA,NA,NA,29.76,30.83,18.63,NA,NA,NA,NA,NA,1.401,1.416,1.33,NA,NA,NA,NA,NA,47.63,39.65,7.978,NA,NA,NA,NA,NA,34,28,6,NA,NA,NA,NA,NA,4.312,4.492,3.47,NA,NA,NA,NA,NA,2.676,2.643,2.833,NA,NA,NA,NA,NA,2.296,2.294,2.306,NA,NA,NA,NA,NA,0.7365,0.7315,0.7596,NA,NA,NA,NA,NA,3.555,3.367,1.946,NA,NA,NA,NA,NA,1.378,1.377,1.382,NA,NA,NA,NA,NA,25.04,20.48,4.558,NA,NA,NA,NA,NA,1.162,1.149,1.22,NA,NA,NA,NA,NA,1.07,1.062,1.11,NA,NA,tajikistan_Boreal,61696.05049256215,Boreal
NA,NA,NA,230.5,240.8,195.8,NA,NA,NA,NA,NA,51.78,33.68,80.31,NA,NA,NA,NA,NA,3.52,3.667,3.098,NA,NA,NA,NA,NA,327.4,253,74.35,NA,NA,NA,NA,NA,93,69,24,NA,NA,NA,NA,NA,8.178,8.378,7.602,NA,NA,NA,NA,NA,3.258,3.029,3.917,NA,NA,NA,NA,NA,4.181,4.478,3.326,NA,NA,NA,NA,NA,1.179,1.182,1.168,NA,NA,NA,NA,NA,4.543,4.248,3.219,NA,NA,NA,NA,NA,1.826,1.834,1.805,NA,NA,NA,NA,NA,109.6,81.57,28.03,NA,NA,NA,NA,NA,1.33,1.278,1.478,NA,NA,NA,NA,NA,1.39,1.434,1.263,NA,NA,tajikistan_Temperate,8975.623262058729,Temperate
NA,NA,NA,296,252.7,300.1,NA,NA,NA,NA,NA,18.76,46.36,4.266,NA,NA,NA,NA,NA,0.6625,0.3306,0.7322,NA,NA,NA,NA,NA,64.93,5.62,59.31,NA,NA,NA,NA,NA,98,17,81,NA,NA,NA,NA,NA,1.365,1.086,1.423,NA,NA,NA,NA,NA,2.296,1.176,2.531,NA,NA,NA,NA,NA,0.9755,0.9681,0.9771,NA,NA,NA,NA,NA,0.4445,0.2626,0.4827,NA,NA,NA,NA,NA,4.595,2.89,4.407,NA,NA,NA,NA,NA,0.7887,0.6685,0.8139,NA,NA,NA,NA,NA,43.57,4.464,39.1,NA,NA,NA,NA,NA,1.041,0.7578,1.101,NA,NA,NA,NA,NA,0.6493,0.6394,0.6514,NA,NA,tajikistan_Polar,45254.09284634159,Polar
ns,NA,NA,245,245.5,244,ns,0.05203,ns,NA,NA,53.84,54.06,53.46,ns,0.07285,ns,NA,NA,1.377,1.425,1.303,-,0.02968,-,-379,771000,198900,124400,74420,ns,0.4267,-,-318.6,648900,144400,87300,57100,-,0.4891,-,-0.006853,14.53,0.788,0.8194,0.74,-,0.02433,-,-0.01278,27.53,1.805,1.845,1.742,-,0.03272,-,-0.001597,3.679,0.4761,0.4867,0.46,-,0.01471,-,-0.003912,8.383,0.5231,0.536,0.5035,-,0.02968,-,-0.04016,89.63,11.88,11.38,10.95,-,0.4891,-,-0.00261,5.668,0.4249,0.4339,0.4112,-,0.02433,-,-178.4,363000,75540,46790,28750,-,0.5515,-,-0.003333,7.635,0.9296,0.9399,0.9137,-,0.03272,-,-9.29e-4,2.204,0.3401,0.3444,0.3335,-,0.01471,tanzania_Temperate,98.20459097408252,Temperate
ns,NA,NA,204.6,207.8,200.1,ns,0.05203,-,-0.9162,1889,50.41,53.62,45.09,-,0.7805,+,0.1038,-205.9,3.104,2.8,3.671,+,0.04007,ns,NA,NA,201400,118200,83220,ns,0.3642,-,-128.7,261500,64890,42220,22670,-,0.6348,+,0.03554,-69.97,1.361,1.304,1.466,+,0.04466,+,0.0135,-25.13,2.016,1.958,2.124,+,0.03935,+,0.009991,-19.43,0.6639,0.6515,0.6871,+,0.04036,+,0.006703,-12.85,0.6325,0.6114,0.6719,+,0.04007,-,-0.04319,94.76,11.08,10.65,10.03,-,0.6348,+,0.005381,-10.34,0.5125,0.4975,0.5403,+,0.04466,-,-77.33,157400,41050,25810,15230,-,0.614,+,0.002294,-3.605,0.9767,0.963,1.002,+,0.03935,+,0.002353,-4.321,0.3926,0.3856,0.4057,+,0.04036,tanzania_Arid,96.9550114127475,Arid
+,0.7236,-1244,210.3,209.4,211.7,ns,0.1561,ns,NA,NA,45.38,44.79,46.2,ns,0.2185,ns,NA,NA,1.7,1.684,1.724,+,0.008306,-,-3626,7417000,2300000,1366000,933500,-,0.6764,-,-2419,4934000,1353000,811300,541600,-,0.6556,ns,NA,NA,0.903,0.9066,0.8976,-,0.003721,ns,NA,NA,1.882,1.878,1.889,+,0.006043,+,0.001454,-2.427,0.5052,0.5106,0.4973,-,0.008248,ns,NA,NA,0.542,0.5396,0.5455,+,0.008306,-,-0.03613,83.82,14.12,13.61,13.2,-,0.6556,ns,NA,NA,0.4386,0.4368,0.4413,+,0.003721,-,-1285,2621000,733200,437800,295400,-,0.6972,-,-5.649e-4,2.082,0.9422,0.9413,0.9435,+,0.006043,+,7.42e-4,-1.151,0.3449,0.3442,0.3461,+,0.008248,tanzania_Equatorial,8.492462777700934,Equatorial
ns,NA,NA,272,265.2,278.6,ns,0.07924,ns,NA,NA,21.48,26.76,11.43,ns,0.1524,ns,NA,NA,1.848,1.693,2.026,ns,0.06475,ns,NA,NA,231,113.4,117.5,ns,0.1263,ns,NA,NA,125,67,58,ns,0.07396,ns,NA,NA,0.7882,0.8042,0.7698,ns,0.02703,+,0.0235,-45.62,1.864,1.776,1.966,ns,0.1215,ns,NA,NA,0.4867,0.4986,0.4729,ns,0.0226,ns,NA,NA,0.5322,0.5282,0.5368,ns,0.06475,ns,NA,NA,4.836,4.22,4.078,ns,0.07396,ns,NA,NA,0.42,0.4286,0.4101,ns,0.02703,ns,NA,NA,66.52,35.39,31.13,ns,0.08417,+,0.007625,-14.42,0.9256,0.8946,0.9613,ns,0.1215,ns,NA,NA,0.3363,0.3452,0.3261,ns,0.0226,tanzania_Polar,84561.16472899291,Polar
+,0.9022,-1734,82.54,78.94,86.8,ns,0.3018,ns,NA,NA,82.86,82.73,82.81,ns,0.1769,ns,NA,NA,0.5363,0.5287,0.5456,ns,0.002019,ns,NA,NA,303300,164600,138700,ns,0.01041,ns,NA,NA,565500,311300,254100,ns,0.09366,ns,NA,NA,0.4365,0.4349,0.4384,ns,0.001668,+,9.806e-4,-0.7666,1.204,1.199,1.21,ns,0.00264,ns,NA,NA,0.3753,0.3758,0.3747,ns,0.001907,ns,NA,NA,0.3453,0.3446,0.3461,ns,0.002019,ns,NA,NA,13.25,12.65,12.45,ns,0.09366,ns,NA,NA,0.3132,0.3131,0.3133,ns,0.001668,ns,NA,NA,195300,107300,87950,ns,0.03122,+,2.671e-4,0.2291,0.7664,0.7651,0.768,ns,0.00264,ns,NA,NA,0.292,0.2924,0.2916,ns,0.001907,thailand_Equatorial,35.115576226337346,Equatorial
+,0.7863,-1499,86.5,83.08,90.85,ns,0.1977,ns,NA,NA,26.62,27.25,25.13,ns,0.2185,ns,NA,NA,0.4556,0.448,0.4656,ns,0.01538,ns,NA,NA,5186,2904,2282,ns,0.1145,ns,NA,NA,11380,6482,4901,ns,0.09366,ns,NA,NA,0.396,0.4013,0.389,ns,0.001529,ns,NA,NA,1.197,1.189,1.206,ns,0.009373,ns,NA,NA,0.3475,0.3532,0.3399,ns,0.001888,ns,NA,NA,0.319,0.3172,0.3213,ns,0.01538,ns,NA,NA,9.34,8.777,8.497,ns,0.09366,ns,NA,NA,0.2971,0.299,0.2947,ns,0.001529,ns,NA,NA,3631,2056,1575,ns,0.09366,ns,NA,NA,0.7641,0.7618,0.7672,ns,0.009373,ns,NA,NA,0.2777,0.2801,0.2745,ns,0.001888,thailand_Temperate,2053.5189638411603,Temperate
-,-3.892,8088,248.5,263.6,224.3,ns,0.281,+,1.519,-2911,148.6,140.5,158,ns,0.281,ns,NA,NA,1.39,1.433,1.325,ns,0.001658,-,-278.6,571900,230500,142200,88300,-,0.614,-,-114.7,238300,165900,99250,66620,ns,0.4059,ns,NA,NA,0.8819,0.9163,0.8306,ns,0.003735,ns,NA,NA,1.896,1.893,1.901,+,0.005338,ns,NA,NA,0.4715,0.4788,0.4607,-,0.005571,ns,NA,NA,0.5208,0.5234,0.517,ns,0.001659,-,-0.01513,39.36,12.02,11.51,11.11,ns,0.4059,ns,NA,NA,0.4308,0.4339,0.4263,ns,0.003735,-,-64.45,133800,86390,51940,34450,ns,0.4059,ns,NA,NA,0.9514,0.9499,0.9536,+,0.005338,ns,NA,NA,0.3367,0.3395,0.3327,-,0.005571,togo_Equatorial,5.11915953275119,Equatorial
ns,NA,NA,222.9,227,221.4,ns,0.2602,ns,NA,NA,23.05,31.12,18.91,ns,0.2393,+,0.06718,-133.8,2.07,1.564,2.361,+,0.1404,+,3.304,-6620,759.8,209.6,550.2,ns,0.4475,+,1.176,-2349,367,134,233,ns,0.3862,+,0.03961,-78.7,1.375,0.9483,1.621,+,0.1181,+,0.06533,-127.9,3.621,3.284,3.815,ns,0.07492,+,0.01098,-21.59,0.5566,0.4699,0.6064,+,0.1121,+,0.0201,-39.67,0.8211,0.7083,0.8861,+,0.1404,+,0.07277,-143.8,5.908,4.905,5.455,ns,0.3862,+,0.01519,-30,0.6469,0.5562,0.699,+,0.1181,+,0.9993,-2000,301.4,94.91,206.5,ns,0.4475,+,0.01579,-30.43,1.332,1.256,1.375,ns,0.07492,+,0.00824,-16.22,0.3921,0.3558,0.413,+,0.1121,tunisia_Temperate,4257.549717253721,Temperate
-,-3.532,7334,221.8,261.7,214,-,0.614,ns,NA,NA,39.27,45.92,32.55,ns,0.1977,+,0.2795,-559.7,3.13,1.367,4.188,+,0.3212,+,4.313,-8652,826.4,135.3,691,+,0.6348,+,0.95,-1898,264,99,165,ns,0.4282,+,0.101,-201.6,1.579,1.023,1.912,+,0.277,+,0.2151,-429,3.61,2.04,4.552,+,0.3719,ns,NA,NA,0.7012,0.6936,0.7057,+,0.2041,+,0.04854,-96.55,0.9649,0.6285,1.167,+,0.3212,+,0.06641,-131,5.58,4.605,5.112,ns,0.4282,+,0.03346,-66.56,0.7241,0.5358,0.837,+,0.277,+,1.42,-2846,254.7,62.22,192.5,+,0.5932,+,0.03917,-77.37,1.306,0.9965,1.491,+,0.3719,ns,NA,NA,0.4595,0.4257,0.4797,+,0.2041,tunisia_Arid,3914.578553905752,Arid
+,1.982,-3755,230.8,227.6,233.9,ns,0.4475,+,1.013,-1986,57.27,53.01,61,ns,0.4475,-,-0.01873,39.51,1.873,1.912,1.836,-,0.04802,+,123.3,-244100,84120,41660,42460,ns,0.1561,+,55.56,-109600,44920,21790,23130,ns,0.281,-,-0.004867,10.66,0.8828,0.9152,0.8522,-,0.04006,-,-0.01461,32.37,3.08,3.186,2.981,-,0.03893,-,-0.001696,3.804,0.4047,0.4191,0.3911,-,0.0325,-,-0.004651,9.945,0.598,0.6282,0.5696,-,0.04802,+,0.0239,-40.43,10.71,9.989,10.05,ns,0.281,-,-0.002413,5.284,0.4415,0.4611,0.423,-,0.04006,+,20.79,-40420,26860,13690,13170,ns,0.1353,-,-0.0042,9.602,1.164,1.189,1.141,-,0.03893,-,-0.001433,3.187,0.298,0.3075,0.289,-,0.0325,turkey_Temperate,191.43239324413244,Temperate
+,2.241,-4265,244.9,243.7,249.8,ns,0.4475,+,2.203,-4391,37.83,29.11,61.24,+,0.5932,-,-0.08266,168.3,2.149,2.375,1.554,-,0.1488,-,-57.84,116800,23780,19050,4735,ns,0.4267,-,-23.81,48480,11070,8020,3047,ns,0.281,-,-0.04004,81.65,1.139,1.245,0.86,-,0.118,-,-0.02592,55.3,3.439,3.524,3.217,-,0.06617,-,-0.01596,32.57,0.5183,0.5577,0.4147,-,0.1155,-,-0.02021,41.39,0.7806,0.8273,0.6578,-,0.1488,-,-0.05538,117.7,9.312,8.99,8.022,ns,0.281,-,-0.01486,30.37,0.5784,0.6129,0.4875,-,0.118,-,-20.65,41730,8639,6635,2004,ns,0.385,-,-0.007851,17.05,1.268,1.289,1.212,-,0.06617,-,-0.008504,17.45,0.3689,0.3887,0.3168,-,0.1155,turkey_Arid,677.1040008441834,Arid
ns,NA,NA,236.9,238.7,234,ns,0.2393,+,0.7641,-1504,36.39,32.41,42.02,+,0.5932,-,-0.03421,70.41,1.671,1.906,1.387,ns,0.03628,ns,NA,NA,5250,3275,1975,ns,0.09366,+,3.875,-7637,3142,1718,1424,ns,0.02082,ns,NA,NA,0.9059,0.9637,0.8362,ns,0.03729,-,-0.03033,63.89,3.021,3.137,2.881,ns,0.02691,ns,NA,NA,0.4559,0.4738,0.4343,ns,0.032,-,-0.005075,10.86,0.679,0.7083,0.6436,ns,0.03628,+,0.02833,-51.77,8.053,7.449,7.262,ns,0.02082,ns,NA,NA,0.5049,0.5218,0.4845,ns,0.03729,ns,NA,NA,2133,1217,916.5,ns,0.01041,-,-0.006181,13.64,1.196,1.206,1.183,ns,0.02691,ns,NA,NA,0.3397,0.3492,0.3282,ns,0.032,turkey_Boreal,3067.1266463421543,Boreal
+,0.9433,-1709,197.9,183.1,205.3,ns,0.3927,ns,NA,NA,42.62,32.88,45.65,ns,0.196,ns,NA,NA,0.3611,0.3028,0.3996,ns,0.1132,ns,NA,NA,31.78,10.6,21.18,ns,0.2615,ns,NA,NA,88,35,53,ns,0.2737,ns,NA,NA,0.2488,0.2453,0.2511,ns,0.005391,+,0.05768,-114.1,2.273,1.771,2.604,ns,0.1664,ns,NA,NA,0.2023,0.2157,0.1934,ns,0.1597,ns,NA,NA,0.2948,0.2593,0.3182,ns,0.1132,ns,NA,NA,4.489,3.584,3.989,ns,0.2737,ns,NA,NA,0.2201,0.2177,0.2217,ns,0.005391,ns,NA,NA,25.94,9.077,16.87,ns,0.2824,+,0.01492,-29.06,1.035,0.9063,1.12,ns,0.1664,ns,NA,NA,0.182,0.1933,0.1745,ns,0.1597,turkey_Polar,506726.57054915006,Polar
-,-1.606,3406,164.9,184.7,146.7,ns,0.1977,ns,NA,NA,87.89,81.65,89.47,ns,0.03122,ns,NA,NA,2.181,2.125,2.234,ns,0.01236,ns,NA,NA,21140,10100,11040,ns,0.03122,ns,NA,NA,9694,4752,4942,ns,0.1145,ns,NA,NA,2.479,2.408,2.548,ns,0.01269,ns,NA,NA,2.967,2.963,2.971,ns,2.632e-4,ns,NA,NA,1.028,1.026,1.029,ns,0.00645,ns,NA,NA,0.63,0.6374,0.6229,ns,0.01236,ns,NA,NA,9.179,8.467,8.506,ns,0.1145,ns,NA,NA,0.6061,0.6065,0.6057,ns,0.01269,ns,NA,NA,6108,3029,3079,ns,0.07285,ns,NA,NA,1.171,1.174,1.168,ns,2.632e-4,ns,NA,NA,0.4349,0.4376,0.4323,ns,0.00645,turkmenistan_Arid,459.7161144865965,Arid
ns,NA,NA,186.1,184.5,190.1,ns,0.09262,ns,NA,NA,36.28,36.6,35.19,ns,0.2398,ns,NA,NA,29.6,32.21,24.83,ns,0.04265999999999999,ns,NA,NA,8287,5829,2458,ns,0.1145,-,-0.5,1020,280,181,99,ns,0.09405,ns,NA,NA,44.34,49.5,34.91,ns,0.001347,ns,NA,NA,3.175,3.138,3.242,ns,0.05165,ns,NA,NA,15.3,16.52,13.05,ns,0.01886,+,0.02923,-56.88,1.884,1.841,1.963,ns,0.04265999999999999,ns,NA,NA,5.638,5.204,4.605,ns,0.09405,ns,NA,NA,2.299,2.283,2.329,ns,0.001347,-,-0.6702,1391,527.5,333.2,194.3,ns,0.1145,+,0.00729,-13.33,1.261,1.235,1.309,ns,0.05165,ns,NA,NA,1.808,1.811,1.802,ns,0.01886,turkmenistan_Temperate,1172.6686428439923,Temperate
NA,NA,NA,129,129,NA,NA,NA,NA,NA,NA,-0,-0,NA,NA,NA,NA,NA,NA,0.6495,0.6495,NA,NA,NA,NA,NA,NA,0.6495,0.6495,0,NA,NA,NA,NA,NA,1,1,0,NA,NA,NA,NA,NA,2.576,2.576,NA,NA,NA,NA,NA,NA,1,1,NA,NA,NA,NA,NA,NA,2.576,2.576,NA,NA,NA,NA,NA,NA,0.5005,0.5005,NA,NA,NA,NA,NA,NA,0.6931,0.6931,0,NA,NA,NA,NA,NA,1.274,1.274,NA,NA,NA,NA,NA,NA,0.5005,0.5005,0,NA,NA,NA,NA,NA,0.6931,0.6931,NA,NA,NA,NA,NA,NA,1.274,1.274,NA,NA,NA,turkmenistan_Boreal,14961593.831583451,Boreal
-,-4.574,9380,193.2,215.1,159.1,-,0.6348,ns,NA,NA,153.8,151,151.7,ns,0.01041,-,-0.0573,116.9,1.78,2.002,1.518,-,0.0056,-,-1104,2249000,594200,361600,232600,ns,0.281,ns,NA,NA,333800,180600,153200,ns,0.09366,-,-0.01793,36.97,0.9553,1.035,0.8613,-,0.003979,ns,NA,NA,1.962,1.972,1.951,ns,0.002713,-,-0.003919,8.388,0.515,0.5382,0.4876,ns,7.439e-4,-,-0.002637,5.871,0.5637,0.5747,0.5506,-,0.0056,ns,NA,NA,12.72,12.1,11.94,ns,0.09366,-,-0.001349,3.169,0.4599,0.4697,0.4483,-,0.003979,ns,NA,NA,188100,103800,84340,ns,0.1145,ns,NA,NA,0.9589,0.9595,0.9582,ns,0.002713,-,-0.001171,2.708,0.3554,0.362,0.3477,ns,7.439e-4,uganda_Equatorial,8.429393426908645,Equatorial
-,-5.34,10850,104.6,134.3,72.43,ns,0.3434,-,-4.116,8387,120.9,130.9,99.65,ns,0.281,ns,NA,NA,0.8589,0.803,0.9288,ns,0.03732,ns,NA,NA,1660,862.4,797.9,ns,0.03122,-,-3,6146,1933,1074,859,ns,0.08334,ns,NA,NA,0.5655,0.5402,0.597,ns,0.002611,+,0.01256,-23.41,1.845,1.788,1.916,ns,0.03767,ns,NA,NA,0.379,0.3782,0.3799,ns,7.717e-4,+,0.005349,-10.34,0.4557,0.4459,0.4679,ns,0.03732,-,-0.02823,61.42,7.567,6.98,6.757,ns,0.08334,ns,NA,NA,0.3692,0.3689,0.3697,ns,0.002611,ns,NA,NA,880.8,478.9,402,ns,0.03122,+,0.004245,-7.563,0.9434,0.9277,0.963,ns,0.03767,ns,NA,NA,0.2972,0.2993,0.2946,ns,7.717e-4,uganda_Temperate,3016.6790746304737,Temperate
ns,NA,NA,53.33,51.74,53.87,ns,0.01707,ns,NA,NA,25.25,18.2,27.24,ns,0.1394,ns,NA,NA,1.26,0.936,1.427,ns,0.1182,+,0.1617,-322.6,259.5,65.52,194,ns,0.0523,ns,NA,NA,206,70,136,ns,0.06286,ns,NA,NA,0.7034,0.6746,0.7182,ns,0.0487,ns,NA,NA,2.058,2,2.088,ns,0.08663,ns,NA,NA,0.429,0.4348,0.4261,ns,0.02047,ns,NA,NA,0.5261,0.5392,0.5194,ns,0.1182,ns,NA,NA,5.333,4.263,4.92,ns,0.06286,ns,NA,NA,0.414,0.4221,0.4097,ns,0.0487,ns,NA,NA,108.4,37.75,70.64,ns,0.0523,ns,NA,NA,1.002,1.022,0.9912,ns,0.08663,ns,NA,NA,0.3199,0.324,0.3178,ns,0.02047,uganda_Polar,19298.242587474855,Polar
ns,NA,NA,101.8,187.5,52.23,ns,0.1634,+,2.989,-5991,120.5,135.9,74.86,ns,0.3233,ns,NA,NA,0.8992,0.8086,0.9615,ns,0.09787,ns,NA,NA,170,62.26,107.7,ns,0.1561,+,0.2917,-577.8,189,77,112,ns,0.2611,ns,NA,NA,1.093,0.736,1.338,ns,0.0427,ns,NA,NA,2.164,1.909,2.339,ns,0.04223,ns,NA,NA,0.5903,0.4973,0.6542,ns,0.08622,ns,NA,NA,0.4829,0.4754,0.488,ns,0.09787,+,0.04542,-89.54,5.247,4.357,4.727,ns,0.2611,ns,NA,NA,0.5306,0.4722,0.5707,ns,0.0427,ns,NA,NA,91.26,36.61,54.65,ns,0.2185,ns,NA,NA,1.025,0.9734,1.06,ns,0.04223,ns,NA,NA,0.3951,0.3734,0.4101,ns,0.08622,uganda_Arid,29470.36936271831,Arid
ns,NA,NA,200.8,201.8,199.4,ns,0.3642,ns,NA,NA,42.46,43.53,40.76,ns,0.1145,ns,NA,NA,0.8999,0.9003,0.8994,ns,0.00309,ns,NA,NA,57550,34480,23070,ns,0.07285,ns,NA,NA,63940,38300,25640,ns,0.05203,ns,NA,NA,0.9233,0.9114,0.9411,+,0.0423,ns,NA,NA,2.853,2.847,2.862,ns,0.001085,ns,NA,NA,0.5453,0.5471,0.5427,-,0.05032,ns,NA,NA,0.4762,0.4785,0.4727,ns,0.00309,ns,NA,NA,11.07,10.55,10.15,ns,0.05203,ns,NA,NA,0.5221,0.5176,0.5288,+,0.0423,ns,NA,NA,30450,18330,12120,ns,0.05203,ns,NA,NA,1.115,1.114,1.117,ns,0.001085,ns,NA,NA,0.3892,0.387,0.3925,+,0.05032,ukraine_Arid,204.59047308714167,Arid
ns,NA,NA,194.1,190.1,200.1,ns,0.1145,+,1.096,-2131,73.4,68.64,79.53,ns,0.4059,+,0.01317,-25.55,0.944,0.9062,1.006,+,0.01204,ns,NA,NA,326200,194300,131900,ns,0.05203,ns,NA,NA,345600,214400,131200,ns,0.1561,+,0.01362,-26.56,0.8221,0.7557,0.9305,+,0.05534,ns,NA,NA,2.919,2.947,2.872,-,0.01098,+,0.009275,-18.18,0.4638,0.4338,0.5129,+,0.06866,+,0.002645,-4.836,0.4814,0.4746,0.4925,+,0.01204,ns,NA,NA,12.75,12.28,11.78,ns,0.1561,+,0.004509,-8.568,0.4711,0.4517,0.5028,+,0.05534,ns,NA,NA,166400,101700,64610,ns,0.1353,-,-0.001885,4.908,1.123,1.128,1.113,-,0.01098,+,0.00423,-8.148,0.3419,0.3273,0.3657,+,0.06866,ukraine_Boreal,36.09227296985338,Boreal
NA,NA,NA,194.7,64.04,206.1,NA,NA,NA,NA,NA,98.68,NA,92.42,NA,NA,NA,NA,NA,0.9792,0.2884,1.238,NA,NA,NA,NA,NA,10.77,0.8651,9.906,NA,NA,NA,NA,NA,11,3,8,NA,NA,NA,NA,NA,1.99,0.644,2.495,NA,NA,NA,NA,NA,2.273,2.333,2.25,NA,NA,NA,NA,NA,1.163,0.5152,1.406,NA,NA,NA,NA,NA,0.473,0.2504,0.5565,NA,NA,NA,NA,NA,2.485,1.386,2.197,NA,NA,NA,NA,NA,0.7962,0.4971,0.9084,NA,NA,NA,NA,NA,5.203,0.7511,4.452,NA,NA,NA,NA,NA,1.076,1.059,1.082,NA,NA,NA,NA,NA,0.6077,0.4078,0.6826,NA,NA,united_arab_emirates_Arid,136643.43034067345,Arid
ns,NA,NA,113.7,109.1,120.8,ns,0.08964,ns,NA,NA,43.02,43.75,40.92,ns,0.272,ns,NA,NA,1.463,1.361,1.655,ns,0.02054,ns,NA,NA,778.1,473.6,304.5,ns,0.1356,ns,NA,NA,532,348,184,ns,0.1878,+,0.06142,-122.5,1.022,0.9549,1.148,ns,0.05872,ns,NA,NA,3.165,3.135,3.223,ns,0.009141,+,0.0225,-44.72,0.4767,0.4628,0.5029,ns,0.08054,ns,NA,NA,0.602,0.5967,0.6121,ns,0.02054,ns,NA,NA,6.279,5.855,5.22,ns,0.1878,+,0.01859,-36.87,0.519,0.4969,0.5609,ns,0.05872,ns,NA,NA,320.3,207.7,112.6,ns,0.1773,ns,NA,NA,1.189,1.188,1.191,ns,0.009141,+,0.01259,-24.85,0.3419,0.3307,0.3632,ns,0.08054,united_kingdom_Temperate,6359.206046866451,Temperate
NA,NA,NA,81.92,80.81,104,NA,NA,NA,NA,NA,11.04,9.823,-0,NA,NA,NA,NA,NA,0.3781,0.3927,0.2165,NA,NA,NA,NA,NA,4.537,4.32,0.2165,NA,NA,NA,NA,NA,12,11,1,NA,NA,NA,NA,NA,0.2862,0.2927,0.2147,NA,NA,NA,NA,NA,1.25,1.273,1,NA,NA,NA,NA,NA,0.2415,0.2439,0.2147,NA,NA,NA,NA,NA,0.2754,0.2826,0.196,NA,NA,NA,NA,NA,2.565,2.485,0.6931,NA,NA,NA,NA,NA,0.239,0.2431,0.1945,NA,NA,NA,NA,NA,3.305,3.109,0.196,NA,NA,NA,NA,NA,0.7695,0.7764,0.6931,NA,NA,NA,NA,NA,0.2141,0.2158,0.1945,NA,NA,united_kingdom_Boreal,1090641.8660185535,Boreal
NA,NA,NA,102.9,102.2,111,NA,NA,NA,NA,NA,8.733,8.777,-0,NA,NA,NA,NA,NA,0.2362,0.2382,0.2165,NA,NA,NA,NA,NA,2.598,2.382,0.2165,NA,NA,NA,NA,NA,11,10,1,NA,NA,NA,NA,NA,0.2537,0.2576,0.2147,NA,NA,NA,NA,NA,1,1,1,NA,NA,NA,NA,NA,0.2537,0.2576,0.2147,NA,NA,NA,NA,NA,0.2109,0.2124,0.196,NA,NA,NA,NA,NA,2.485,2.398,0.6931,NA,NA,NA,NA,NA,0.2241,0.227,0.1945,NA,NA,NA,NA,NA,2.32,2.124,0.196,NA,NA,NA,NA,NA,0.6931,0.6931,0.6931,NA,NA,NA,NA,NA,0.2241,0.227,0.1945,NA,NA,united_kingdom_Polar,1904332.4236356465,Polar
ns,NA,NA,167.8,177.6,151.8,ns,0.1977,ns,NA,NA,107.9,111,100.6,ns,0.1353,ns,NA,NA,0.876,0.8677,0.8899,ns,0.0185,-,-10.69,21850,5592,3480,2112,-,0.5515,-,-15.43,31300,6384,4011,2373,-,0.6247,ns,NA,NA,0.5157,0.5156,0.5158,ns,0.01964,ns,NA,NA,2.951,2.946,2.96,ns,3.372e-4,ns,NA,NA,0.3052,0.3043,0.3069,+,0.02728,+,0.0016,-2.732,0.4949,0.4923,0.4993,ns,0.0185,-,-0.06333,133,8.762,8.297,7.772,-,0.6247,ns,NA,NA,0.3625,0.3619,0.3635,ns,0.01964,-,-5.976,12140,3159,1975,1185,-,0.5932,ns,NA,NA,1.161,1.159,1.165,ns,3.372e-4,ns,NA,NA,0.2536,0.2527,0.2552,+,0.02728,uruguay_Temperate,650.3580025763029,Temperate
ns,NA,NA,139.1,136.3,141.8,ns,0.1145,ns,NA,NA,81.17,80.87,81.37,ns,0.01041,ns,NA,NA,2.338,2.437,2.248,ns,0.0121,ns,NA,NA,11020,5437,5580,ns,0.1145,ns,NA,NA,4713,2231,2482,ns,0.1458,-,-0.04639,97.9,4.01,4.262,3.783,-,0.03964,ns,NA,NA,3.399,3.272,3.514,ns,0.01798,-,-0.0285,58.97,1.625,1.813,1.456,-,0.05877,-,-0.003787,8.32,0.7019,0.7152,0.6901,ns,0.0121,ns,NA,NA,8.458,7.711,7.817,ns,0.1458,-,-0.01047,22.14,1.068,1.104,1.035,-,0.03964,ns,NA,NA,3308,1596,1713,ns,0.1353,ns,NA,NA,1.229,1.211,1.245,ns,0.01798,-,-0.009578,20.05,0.7689,0.8064,0.7352,-,0.05877,uzbekistan_Arid,838.4866478592137,Arid
NA,NA,NA,244.6,269.5,188.1,NA,NA,NA,NA,NA,89.83,78.09,89.48,NA,NA,NA,NA,NA,3.355,3.153,3.924,NA,NA,NA,NA,NA,295.2,205,90.24,NA,NA,NA,NA,NA,88,65,23,NA,NA,NA,NA,NA,10.99,8.494,18.04,NA,NA,NA,NA,NA,3.295,3.462,2.826,NA,NA,NA,NA,NA,4.289,3.558,6.356,NA,NA,NA,NA,NA,1.034,0.9515,1.268,NA,NA,NA,NA,NA,4.489,4.19,3.178,NA,NA,NA,NA,NA,1.761,1.655,2.062,NA,NA,NA,NA,NA,91.02,61.85,29.17,NA,NA,NA,NA,NA,1.315,1.342,1.24,NA,NA,NA,NA,NA,1.323,1.212,1.635,NA,NA,uzbekistan_Boreal,31293.425174493983,Boreal
NA,NA,NA,210.1,208.8,269.7,NA,NA,NA,NA,NA,40.99,40.45,NA,NA,NA,NA,NA,NA,0.7184,0.7382,0.3243,NA,NA,NA,NA,NA,30.17,29.53,0.6486,NA,NA,NA,NA,NA,42,40,2,NA,NA,NA,NA,NA,2.254,2.302,1.288,NA,NA,NA,NA,NA,1.762,1.8,1,NA,NA,NA,NA,NA,1.749,1.772,1.288,NA,NA,NA,NA,NA,0.4553,0.4642,0.2776,NA,NA,NA,NA,NA,3.761,3.714,1.099,NA,NA,NA,NA,NA,1.024,1.035,0.8097,NA,NA,NA,NA,NA,19.12,18.57,0.5551,NA,NA,NA,NA,NA,0.935,0.9471,0.6931,NA,NA,NA,NA,NA,0.8953,0.8996,0.8097,NA,NA,uzbekistan_Polar,306146.74597472907,Polar
ns,NA,NA,147.9,111.1,167.7,ns,0.09262,ns,NA,NA,77.5,91.64,60.17,ns,0.4452,ns,NA,NA,0.951,1.441,0.8036,ns,0.06297,ns,NA,NA,304.3,106.6,197.7,ns,0.3852,+,0.8,-1605,320,74,246,+,0.4904,-,-0.2397,485.8,2.569,4.841,1.885,-,0.2222,+,0.07044,-139.5,2.75,2.108,2.943,ns,0.1047,-,-0.1643,332.8,1.609,2.917,1.216,-,0.2945,ns,NA,NA,0.5288,0.6272,0.4992,ns,0.06297,+,0.1609,-322.2,5.771,4.317,5.509,+,0.4904,-,-0.03199,65.53,1.028,1.322,0.9397,-,0.2222,+,0.4322,-868.9,169.2,46.42,122.8,ns,0.4685,+,0.01323,-25.48,1.122,0.9982,1.16,ns,0.1047,-,-0.03681,75,0.8139,1.076,0.735,-,0.2945,uzbekistan_Temperate,30355.49113246564,Temperate
ns,NA,NA,105.2,107.1,103.4,ns,0.2393,ns,NA,NA,114.1,116.8,111.2,ns,0.1145,ns,NA,NA,2.293,2.307,2.279,-,0.01208,ns,NA,NA,564900,287500,277400,ns,0.03122,ns,NA,NA,246300,124600,121700,ns,0.05203,ns,NA,NA,1.039,1.054,1.025,-,0.01418,ns,NA,NA,3.861,3.868,3.853,-,0.006012,ns,NA,NA,0.4145,0.4228,0.4061,-,0.01236,-,-0.002312,5.344,0.7075,0.7153,0.6995,-,0.01208,ns,NA,NA,12.41,11.73,11.71,ns,0.05203,-,-0.001255,3.02,0.502,0.5097,0.4941,-,0.01418,ns,NA,NA,174300,89130,85150,ns,0.03122,-,-0.001566,4.44,1.288,1.291,1.285,-,0.006012,-,-4.708e-4,1.255,0.3066,0.311,0.3021,-,0.01236,venezuela_Equatorial,33.42093746154025,Equatorial
-,-3.158,6412,123.7,122.5,125.4,ns,0.02334,-,-1.998,4069,79.61,74.27,87.4,ns,0.02082,+,0.01749,-34.23,1.172,1.199,1.135,ns,0.02902,ns,NA,NA,223.9,134.3,89.64,ns,0.05203,ns,NA,NA,191,112,79,ns,0.1878,ns,NA,NA,0.7159,0.7206,0.7092,ns,0.01548,+,0.1298,-257.3,3.01,2.857,3.228,ns,0.04926,ns,NA,NA,0.3892,0.3914,0.3862,ns,0.01674,+,0.007482,-14.55,0.5638,0.5334,0.6069,ns,0.02902,ns,NA,NA,5.257,4.727,4.382,ns,0.1878,ns,NA,NA,0.4315,0.4135,0.4571,ns,0.01548,ns,NA,NA,107.7,59.74,47.94,ns,0.09366,+,0.02679,-52.66,1.151,1.124,1.189,ns,0.04926,ns,NA,NA,0.294,0.2898,0.3,ns,0.01674,venezuela_Arid,84306.46153293163,Arid
+,2.603,-5167,86.41,63.34,110.1,+,0.5099,ns,NA,NA,56.59,44.58,57.85,ns,0.2185,+,0.02896,-57.54,0.9603,0.9291,0.9946,ns,0.02434,ns,NA,NA,945,478.5,466.5,ns,0.1561,ns,NA,NA,984,515,469,ns,0.09376,ns,NA,NA,0.5668,0.5689,0.5643,ns,0.008596,ns,NA,NA,2.92,2.977,2.857,ns,0.01519,+,0.003185,-6.153,0.3016,0.2953,0.3085,ns,0.04104,+,0.005088,-9.968,0.4563,0.4492,0.4641,ns,0.02434,ns,NA,NA,6.893,6.246,6.153,ns,0.09376,ns,NA,NA,0.3606,0.361,0.3601,ns,0.008596,ns,NA,NA,449,231.3,217.6,ns,0.1977,ns,NA,NA,1.098,1.111,1.084,ns,0.01519,+,0.002464,-4.718,0.2505,0.2459,0.2556,ns,0.04104,venezuela_Temperate,19979.598211041248,Temperate
NA,NA,NA,50.87,46.92,51.82,NA,NA,NA,NA,NA,14.59,21.14,12.46,NA,NA,NA,NA,NA,2.897,1.564,3.643,NA,NA,NA,NA,NA,153.6,29.71,123.8,NA,NA,NA,NA,NA,53,19,34,NA,NA,NA,NA,NA,1.098,0.836,1.244,NA,NA,NA,NA,NA,3.792,3.632,3.882,NA,NA,NA,NA,NA,0.462,0.3924,0.5009,NA,NA,NA,NA,NA,0.7607,0.7247,0.7809,NA,NA,NA,NA,NA,3.989,2.996,3.555,NA,NA,NA,NA,NA,0.5616,0.5262,0.5814,NA,NA,NA,NA,NA,40.32,13.77,26.55,NA,NA,NA,NA,NA,1.246,1.252,1.242,NA,NA,NA,NA,NA,0.3435,0.3217,0.3557,NA,NA,venezuela_Polar,122951.00495809122,Polar
+,0.425,-775.9,75.2,73.23,79.63,ns,0.1353,ns,NA,NA,44.54,44.28,44.8,ns,0.281,-,-0.00472,9.925,0.4728,0.4886,0.4408,-,0.03075,-,-111.4,225600,30930,21390,9532,ns,0.4683,-,-257.1,520500,65400,43780,21620,ns,0.4267,-,-0.003137,6.684,0.4037,0.4144,0.3821,-,0.03034,-,-0.002649,6.5,1.187,1.195,1.171,-,0.01631,-,-0.002379,5.118,0.3587,0.3657,0.3445,-,0.02999,-,-0.002086,4.504,0.3309,0.3379,0.3167,-,0.03075,-,-0.07343,156.2,11.09,10.69,9.982,ns,0.4267,-,-0.001581,3.472,0.3044,0.31,0.293,-,0.03034,-,-79.19,160300,21640,14800,6849,ns,0.4683,-,-9.106e-4,2.589,0.7617,0.7643,0.7565,-,0.01631,-,-0.001131,2.556,0.2857,0.29,0.2771,-,0.02999,vietnam_Temperate,219.63143837680585,Temperate
+,2.056,-4056,87.59,79,93.84,ns,0.4475,+,1.916,-3780,79.07,75.51,80.98,ns,0.3018,+,0.003156,-5.751,0.6067,0.5951,0.6154,+,0.01573,+,278.8,-551900,164000,69020,94960,+,0.614,+,405.2,-801300,270300,116000,154300,+,0.5515,ns,NA,NA,0.4718,0.4715,0.472,+,0.01668,+,0.005009,-8.807,1.274,1.251,1.291,+,0.02785,ns,NA,NA,0.3902,0.3914,0.3893,-,0.0145,+,0.001422,-2.491,0.3708,0.3639,0.3759,+,0.01573,+,0.02888,-48.59,12.51,11.66,11.95,+,0.5515,+,5.331e-4,-0.7418,0.3285,0.3255,0.3307,+,0.01668,+,164.4,-325000,100200,42210,58000,+,0.614,+,0.001437,-2.1,0.7901,0.7823,0.7959,+,0.02785,ns,NA,NA,0.301,0.3001,0.3018,+,0.0145,vietnam_Equatorial,41.420421436515575,Equatorial
NA,NA,NA,144.7,124.9,147.6,NA,NA,NA,NA,NA,62.45,112.5,61.38,NA,NA,NA,NA,NA,1.007,0.3782,1.322,NA,NA,NA,NA,NA,12.09,1.513,10.57,NA,NA,NA,NA,NA,12,4,8,NA,NA,NA,NA,NA,0.8229,0.483,0.9928,NA,NA,NA,NA,NA,2.167,1.25,2.625,NA,NA,NA,NA,NA,0.5068,0.483,0.5188,NA,NA,NA,NA,NA,0.511,0.3126,0.6101,NA,NA,NA,NA,NA,2.565,1.609,2.197,NA,NA,NA,NA,NA,0.4989,0.3922,0.5523,NA,NA,NA,NA,NA,6.131,1.25,4.881,NA,NA,NA,NA,NA,1.062,0.7945,1.196,NA,NA,NA,NA,NA,0.3845,0.3922,0.3807,NA,NA,yemen_Arid,775887.5399228589,Arid
ns,NA,NA,220,220.1,219.9,ns,0.09366,ns,NA,NA,37.82,38.85,36.52,ns,0.01041,-,-0.01046,23.5,2.425,2.51,2.328,-,0.008,-,-940.7,2080000,3710000,2039000,1671000,ns,0.3226,ns,NA,NA,1530000,812300,717800,ns,0.1561,-,-0.002777,6.711,1.15,1.184,1.113,-,0.009219,+,0.001118,0.1404,2.348,2.314,2.387,ns,5.549e-5,-,-0.002011,4.609,0.5841,0.6088,0.5561,-,0.01182,ns,NA,NA,0.6883,0.6907,0.6855,-,0.008,ns,NA,NA,14.24,13.61,13.48,ns,0.1561,-,-0.001059,2.668,0.54,0.5453,0.5339,-,0.009219,ns,NA,NA,1053000,561100,492000,ns,0.1145,ns,NA,NA,1.071,1.063,1.08,ns,5.549e-5,-,-6.876e-4,1.768,0.3906,0.3975,0.3827,-,0.01182,zambia_Temperate,4.2057933822892775,Temperate
-,-0.6269,1489,227.7,230.1,224.8,ns,0.2602,-,-0.3102,658.7,35.29,36.36,33.77,ns,0.4475,-,-0.01836,39.59,2.731,2.775,2.682,-,0.0132,-,-257,561900,907600,489300,418300,ns,0.1977,ns,NA,NA,332300,176300,156000,ns,0.4475,-,-0.006786,14.96,1.317,1.361,1.268,-,0.01486,ns,NA,NA,2.424,2.407,2.443,+,0.00667,-,-0.002743,6.15,0.6418,0.6673,0.6129,-,0.01611,-,-0.002323,5.427,0.7388,0.7469,0.7296,-,0.0132,ns,NA,NA,12.71,12.08,11.96,ns,0.4475,-,-0.002029,4.656,0.5801,0.5891,0.5699,-,0.01486,ns,NA,NA,245500,131700,113800,ns,0.1145,ns,NA,NA,1.08,1.077,1.084,+,0.00667,-,-0.001186,2.797,0.4152,0.4237,0.4057,-,0.01611,zambia_Equatorial,17.19131957676542,Equatorial
ns,NA,NA,218.7,221.4,215.4,ns,0.1561,ns,NA,NA,42.26,40.83,43.72,ns,0.2393,-,-0.03217,67.75,3.186,3.439,2.921,-,0.01603,ns,NA,NA,136900,75590,61300,ns,0.1353,ns,NA,NA,42970,21980,20980,ns,0.1353,-,-0.008834,19.37,1.667,1.738,1.594,-,0.01666,ns,NA,NA,2.473,2.467,2.479,ns,0.006165,-,-0.003087,6.973,0.7956,0.8314,0.758,-,0.01914,ns,NA,NA,0.8385,0.8483,0.8283,-,0.01603,ns,NA,NA,10.67,9.998,9.952,ns,0.1353,ns,NA,NA,0.6789,0.6889,0.6684,-,0.01666,ns,NA,NA,36030,18650,17380,ns,0.1353,ns,NA,NA,1.111,1.108,1.114,ns,0.006165,-,-6.843e-4,1.851,0.4829,0.4931,0.4722,-,0.01914,zambia_Arid,113.98258794090106,Arid
ns,NA,NA,251.6,251.7,251.4,ns,0.07285,+,0.6731,-1314,39.8,38.05,43.47,+,0.5515,ns,NA,NA,5.103,5.384,4.564,-,0.01199,-,-628.5,1273000,208400,144400,63980,-,0.6556,-,-89.17,181200,40840,26830,14020,-,0.5932,ns,NA,NA,2.721,2.771,2.625,-,0.01203,ns,NA,NA,2.368,2.36,2.385,ns,1.661e-4,ns,NA,NA,1.097,1.111,1.07,-,0.0157,ns,NA,NA,0.8626,0.8716,0.8455,-,0.01199,-,-0.04468,97.39,10.62,10.2,9.548,-,0.5932,ns,NA,NA,0.714,0.7216,0.6994,-,0.01203,-,-77.56,158100,35230,23380,11850,-,0.6348,ns,NA,NA,1.069,1.065,1.077,ns,1.661e-4,ns,NA,NA,0.5232,0.5303,0.5098,-,0.0157,zimbabwe_Arid,38.65857301462406,Arid
+,0.8088,-1376,246.8,243.5,251.4,+,0.4891,+,0.4152,-802.4,33.88,32.61,35.05,ns,0.385,-,-0.03574,74.34,2.364,2.485,2.213,-,0.01433,-,-785.8,1609000,437000,255100,182000,ns,0.4475,-,-155.2,322900,184900,102600,82240,ns,0.3226,-,-0.01602,33.65,1.379,1.431,1.315,-,0.01376,ns,NA,NA,2.357,2.371,2.339,-,0.01314,-,-0.005791,12.36,0.7068,0.7261,0.6827,-,0.01406,-,-0.003208,7.264,0.7967,0.8085,0.7819,-,0.01433,-,-0.01368,36.81,12.13,11.54,11.32,ns,0.3226,ns,NA,NA,0.6363,0.6453,0.6251,-,0.01376,-,-162.3,335200,147300,82980,64310,ns,0.385,ns,NA,NA,1.091,1.095,1.087,-,0.01314,-,-0.002051,4.588,0.4561,0.4626,0.448,-,0.01406,zimbabwe_Temperate,18.435219551139397,Temperate
+,1.226,-2218,247.8,246.3,249.4,ns,0.3018,ns,NA,NA,37.06,38.91,34.69,ns,0.05203,ns,NA,NA,2.577,2.456,2.736,ns,7.92e-4,ns,NA,NA,6572,3549,3023,ns,0.01041,ns,NA,NA,2550,1445,1105,ns,0.1769,ns,NA,NA,1.467,1.478,1.453,ns,0.00681,+,0.01215,-21.93,2.465,2.477,2.451,ns,0.002019,ns,NA,NA,0.7611,0.7625,0.7594,ns,0.007551,ns,NA,NA,0.8482,0.8499,0.8458,ns,7.92e-4,ns,NA,NA,7.844,7.277,7.009,ns,0.1769,ns,NA,NA,0.686,0.6909,0.6797,ns,0.00681,ns,NA,NA,2163,1228,934.7,ns,0.1561,ns,NA,NA,1.12,1.121,1.117,ns,0.002019,ns,NA,NA,0.4905,0.4922,0.4882,ns,0.007551,zimbabwe_Equatorial,1225.9713293233262,Equatorial
