name_lwr,kg,wcbio,value
afghanistan,Arid,wc2.1_2.5m_bio_1,16.848406207482547
afghanistan,Arid,wc2.1_2.5m_bio_10,28.556777088847383
afghanistan,Arid,wc2.1_2.5m_bio_11,4.663986765526679
afghanistan,Arid,wc2.1_2.5m_bio_12,202.48344370860926
afghanistan,Arid,wc2.1_2.5m_bio_13,48.52317880794702
afghanistan,Arid,wc2.1_2.5m_bio_14,0.5231788079470199
afghanistan,Arid,wc2.1_2.5m_bio_15,98.25527590315863
afghanistan,Arid,wc2.1_2.5m_bio_16,123.33774834437087
afghanistan,Arid,wc2.1_2.5m_bio_17,3.847682119205298
afghanistan,Arid,wc2.1_2.5m_bio_18,6.271523178807947
afghanistan,Arid,wc2.1_2.5m_bio_19,96.52980132450331
afghanistan,Arid,wc2.1_2.5m_bio_2,15.33898453996671
afghanistan,Arid,wc2.1_2.5m_bio_3,37.4127425642203
afghanistan,Arid,wc2.1_2.5m_bio_4,962.4561185521006
afghanistan,Arid,wc2.1_2.5m_bio_5,37.8661192458197
afghanistan,Arid,wc2.1_2.5m_bio_6,-3.1248211942070365
afghanistan,Arid,wc2.1_2.5m_bio_7,40.99094044767468
afghanistan,Arid,wc2.1_2.5m_bio_8,7.574189817051816
afghanistan,Arid,wc2.1_2.5m_bio_9,26.961320239187078
afghanistan,Boreal,wc2.1_2.5m_bio_1,5.551381248980761
afghanistan,Boreal,wc2.1_2.5m_bio_10,17.095133364200592
afghanistan,Boreal,wc2.1_2.5m_bio_11,-6.858799999114126
afghanistan,Boreal,wc2.1_2.5m_bio_12,401.0625
afghanistan,Boreal,wc2.1_2.5m_bio_13,88.4625
afghanistan,Boreal,wc2.1_2.5m_bio_14,1.9
afghanistan,Boreal,wc2.1_2.5m_bio_15,90.59980473518371
afghanistan,Boreal,wc2.1_2.5m_bio_16,228.2625
afghanistan,Boreal,wc2.1_2.5m_bio_17,10.05
afghanistan,Boreal,wc2.1_2.5m_bio_18,14.4375
afghanistan,Boreal,wc2.1_2.5m_bio_19,161.575
afghanistan,Boreal,wc2.1_2.5m_bio_2,13.34929587841034
afghanistan,Boreal,wc2.1_2.5m_bio_3,33.40718016624451
afghanistan,Boreal,wc2.1_2.5m_bio_4,963.0264961242676
afghanistan,Boreal,wc2.1_2.5m_bio_5,25.766149938106537
afghanistan,Boreal,wc2.1_2.5m_bio_6,-14.06464996933937
afghanistan,Boreal,wc2.1_2.5m_bio_7,39.83079986572265
afghanistan,Boreal,wc2.1_2.5m_bio_8,-2.5755333436187358
afghanistan,Boreal,wc2.1_2.5m_bio_9,15.839866667985916
afghanistan,Polar,wc2.1_2.5m_bio_1,-2.8464231215990505
afghanistan,Polar,wc2.1_2.5m_bio_10,7.59451281107389
afghanistan,Polar,wc2.1_2.5m_bio_11,-13.148359151986929
afghanistan,Polar,wc2.1_2.5m_bio_12,693.5384615384615
afghanistan,Polar,wc2.1_2.5m_bio_13,130.84615384615384
afghanistan,Polar,wc2.1_2.5m_bio_14,10.923076923076923
afghanistan,Polar,wc2.1_2.5m_bio_15,64.7985954284668
afghanistan,Polar,wc2.1_2.5m_bio_16,341.6923076923077
afghanistan,Polar,wc2.1_2.5m_bio_17,53.92307692307692
afghanistan,Polar,wc2.1_2.5m_bio_18,63.15384615384615
afghanistan,Polar,wc2.1_2.5m_bio_19,215.3846153846154
afghanistan,Polar,wc2.1_2.5m_bio_2,9.786589842576246
afghanistan,Polar,wc2.1_2.5m_bio_3,29.214991056002102
afghanistan,Polar,wc2.1_2.5m_bio_4,858.5842472956731
afghanistan,Polar,wc2.1_2.5m_bio_5,14.399384645315317
afghanistan,Polar,wc2.1_2.5m_bio_6,-19.06461554307204
afghanistan,Polar,wc2.1_2.5m_bio_7,33.4640007019043
afghanistan,Polar,wc2.1_2.5m_bio_8,-7.10051285303556
afghanistan,Polar,wc2.1_2.5m_bio_9,4.232256401043672
afghanistan,Temperate,wc2.1_2.5m_bio_1,13.565250039100647
afghanistan,Temperate,wc2.1_2.5m_bio_10,25.35450029373169
afghanistan,Temperate,wc2.1_2.5m_bio_11,1.8619166277348995
afghanistan,Temperate,wc2.1_2.5m_bio_12,366
afghanistan,Temperate,wc2.1_2.5m_bio_13,81.5
afghanistan,Temperate,wc2.1_2.5m_bio_14,1.125
afghanistan,Temperate,wc2.1_2.5m_bio_15,94.1856861114502
afghanistan,Temperate,wc2.1_2.5m_bio_16,205.375
afghanistan,Temperate,wc2.1_2.5m_bio_17,6.125
afghanistan,Temperate,wc2.1_2.5m_bio_18,19.125
afghanistan,Temperate,wc2.1_2.5m_bio_19,167.625
afghanistan,Temperate,wc2.1_2.5m_bio_2,14.41783344745636
afghanistan,Temperate,wc2.1_2.5m_bio_3,35.84115695953369
afghanistan,Temperate,wc2.1_2.5m_bio_4,954.8283843994141
afghanistan,Temperate,wc2.1_2.5m_bio_5,34.964500427246094
afghanistan,Temperate,wc2.1_2.5m_bio_6,-5.290500044822693
afghanistan,Temperate,wc2.1_2.5m_bio_7,40.255000591278076
afghanistan,Temperate,wc2.1_2.5m_bio_8,3.31341652572155
afghanistan,Temperate,wc2.1_2.5m_bio_9,24.032583475112915
albania,Boreal,wc2.1_2.5m_bio_1,11.150000095367432
albania,Boreal,wc2.1_2.5m_bio_10,19.798666954040527
albania,Boreal,wc2.1_2.5m_bio_11,2.6319999992847443
albania,Boreal,wc2.1_2.5m_bio_12,1049.5
albania,Boreal,wc2.1_2.5m_bio_13,136.5
albania,Boreal,wc2.1_2.5m_bio_14,46
albania,Boreal,wc2.1_2.5m_bio_15,32.0303897857666
albania,Boreal,wc2.1_2.5m_bio_16,365.5
albania,Boreal,wc2.1_2.5m_bio_17,149.5
albania,Boreal,wc2.1_2.5m_bio_18,149.5
albania,Boreal,wc2.1_2.5m_bio_19,324.5
albania,Boreal,wc2.1_2.5m_bio_2,10.29966688156128
albania,Boreal,wc2.1_2.5m_bio_3,34.81819534301758
albania,Boreal,wc2.1_2.5m_bio_4,700.9258117675781
albania,Boreal,wc2.1_2.5m_bio_5,27.219999313354492
albania,Boreal,wc2.1_2.5m_bio_6,-2.342000037431717
albania,Boreal,wc2.1_2.5m_bio_7,29.561999320983887
albania,Boreal,wc2.1_2.5m_bio_8,4.057666778564453
albania,Boreal,wc2.1_2.5m_bio_9,19.798666954040527
albania,Temperate,wc2.1_2.5m_bio_1,12.505683326721192
albania,Temperate,wc2.1_2.5m_bio_10,20.84419994354248
albania,Temperate,wc2.1_2.5m_bio_11,4.689466738700867
albania,Temperate,wc2.1_2.5m_bio_12,1120.2
albania,Temperate,wc2.1_2.5m_bio_13,157.1
albania,Temperate,wc2.1_2.5m_bio_14,36.7
albania,Temperate,wc2.1_2.5m_bio_15,41.587038230896
albania,Temperate,wc2.1_2.5m_bio_16,428.8
albania,Temperate,wc2.1_2.5m_bio_17,126.5
albania,Temperate,wc2.1_2.5m_bio_18,126.5
albania,Temperate,wc2.1_2.5m_bio_19,368.1
albania,Temperate,wc2.1_2.5m_bio_2,10.364500045776367
albania,Temperate,wc2.1_2.5m_bio_3,36.061638259887694
albania,Temperate,wc2.1_2.5m_bio_4,664.986376953125
albania,Temperate,wc2.1_2.5m_bio_5,28.234800148010255
albania,Temperate,wc2.1_2.5m_bio_6,-0.5156000077724456
albania,Temperate,wc2.1_2.5m_bio_7,28.750400161743165
albania,Temperate,wc2.1_2.5m_bio_8,7.396466636657715
albania,Temperate,wc2.1_2.5m_bio_9,20.84419994354248
algeria,Arid,wc2.1_2.5m_bio_1,23.38617307176957
algeria,Arid,wc2.1_2.5m_bio_10,33.09845517002619
algeria,Arid,wc2.1_2.5m_bio_11,13.327902247412847
algeria,Arid,wc2.1_2.5m_bio_12,61.515625
algeria,Arid,wc2.1_2.5m_bio_13,10.271634615384615
algeria,Arid,wc2.1_2.5m_bio_14,0.9459134615384616
algeria,Arid,wc2.1_2.5m_bio_15,53.73010976039446
algeria,Arid,wc2.1_2.5m_bio_16,24.989182692307693
algeria,Arid,wc2.1_2.5m_bio_17,5.527644230769231
algeria,Arid,wc2.1_2.5m_bio_18,8.481971153846153
algeria,Arid,wc2.1_2.5m_bio_19,17.59375
algeria,Arid,wc2.1_2.5m_bio_2,14.407477555366663
algeria,Arid,wc2.1_2.5m_bio_3,39.62625723618727
algeria,Arid,wc2.1_2.5m_bio_4,805.1571889290443
algeria,Arid,wc2.1_2.5m_bio_5,41.60993750049518
algeria,Arid,wc2.1_2.5m_bio_6,5.152346160323829
algeria,Arid,wc2.1_2.5m_bio_7,36.45759140986662
algeria,Arid,wc2.1_2.5m_bio_8,21.00710177192321
algeria,Arid,wc2.1_2.5m_bio_9,28.28592383517669
algeria,Temperate,wc2.1_2.5m_bio_1,16.840506296891434
algeria,Temperate,wc2.1_2.5m_bio_10,25.000281920799843
algeria,Temperate,wc2.1_2.5m_bio_11,9.752615433472853
algeria,Temperate,wc2.1_2.5m_bio_12,636.4230769230769
algeria,Temperate,wc2.1_2.5m_bio_13,103.34615384615384
algeria,Temperate,wc2.1_2.5m_bio_14,3.6153846153846154
algeria,Temperate,wc2.1_2.5m_bio_15,62.13979545006385
algeria,Temperate,wc2.1_2.5m_bio_16,283.84615384615387
algeria,Temperate,wc2.1_2.5m_bio_17,28.423076923076923
algeria,Temperate,wc2.1_2.5m_bio_18,38.73076923076923
algeria,Temperate,wc2.1_2.5m_bio_19,276.5
algeria,Temperate,wc2.1_2.5m_bio_2,11.407628242786114
algeria,Temperate,wc2.1_2.5m_bio_3,39.776950982900765
algeria,Temperate,wc2.1_2.5m_bio_4,627.6067551832932
algeria,Temperate,wc2.1_2.5m_bio_5,33.053076817439155
algeria,Temperate,wc2.1_2.5m_bio_6,4.360923079343943
algeria,Temperate,wc2.1_2.5m_bio_7,28.692153710585373
algeria,Temperate,wc2.1_2.5m_bio_8,10.448359085963322
algeria,Temperate,wc2.1_2.5m_bio_9,24.74523052802453
angola,Arid,wc2.1_2.5m_bio_1,22.93501091003418
angola,Arid,wc2.1_2.5m_bio_10,25.530829026963975
angola,Arid,wc2.1_2.5m_bio_11,18.973451381259494
angola,Arid,wc2.1_2.5m_bio_12,546.1333333333333
angola,Arid,wc2.1_2.5m_bio_13,142.35555555555555
angola,Arid,wc2.1_2.5m_bio_14,0.05555555555555555
angola,Arid,wc2.1_2.5m_bio_15,113.73569700453017
angola,Arid,wc2.1_2.5m_bio_16,356.1
angola,Arid,wc2.1_2.5m_bio_17,0.9222222222222223
angola,Arid,wc2.1_2.5m_bio_18,193.72222222222223
angola,Arid,wc2.1_2.5m_bio_19,1.5555555555555556
angola,Arid,wc2.1_2.5m_bio_2,13.394412951999241
angola,Arid,wc2.1_2.5m_bio_3,59.67653312683105
angola,Arid,wc2.1_2.5m_bio_4,276.42052883572046
angola,Arid,wc2.1_2.5m_bio_5,32.95388895670573
angola,Arid,wc2.1_2.5m_bio_6,10.315433878368802
angola,Arid,wc2.1_2.5m_bio_7,22.638455073038738
angola,Arid,wc2.1_2.5m_bio_8,24.707984670003256
angola,Arid,wc2.1_2.5m_bio_9,19.202799542744955
angola,Equatorial,wc2.1_2.5m_bio_1,21.791845574226553
angola,Equatorial,wc2.1_2.5m_bio_10,22.94166508330602
angola,Equatorial,wc2.1_2.5m_bio_11,19.823564712315388
angola,Equatorial,wc2.1_2.5m_bio_12,1223.1872146118722
angola,Equatorial,wc2.1_2.5m_bio_13,221.52511415525115
angola,Equatorial,wc2.1_2.5m_bio_14,0.9315068493150684
angola,Equatorial,wc2.1_2.5m_bio_15,84.84804228342831
angola,Equatorial,wc2.1_2.5m_bio_16,574.7762557077625
angola,Equatorial,wc2.1_2.5m_bio_17,9.867579908675799
angola,Equatorial,wc2.1_2.5m_bio_18,367.81278538812785
angola,Equatorial,wc2.1_2.5m_bio_19,19.26027397260274
angola,Equatorial,wc2.1_2.5m_bio_2,12.74868650305761
angola,Equatorial,wc2.1_2.5m_bio_3,66.74139054180824
angola,Equatorial,wc2.1_2.5m_bio_4,136.8197269875165
angola,Equatorial,wc2.1_2.5m_bio_5,30.312273913866854
angola,Equatorial,wc2.1_2.5m_bio_6,11.09019176056396
angola,Equatorial,wc2.1_2.5m_bio_7,19.222082151125555
angola,Equatorial,wc2.1_2.5m_bio_8,22.518276989732158
angola,Equatorial,wc2.1_2.5m_bio_9,19.880213119123624
angola,Temperate,wc2.1_2.5m_bio_1,20.001708366252757
angola,Temperate,wc2.1_2.5m_bio_10,22.153623510290075
angola,Temperate,wc2.1_2.5m_bio_11,16.384456864109747
angola,Temperate,wc2.1_2.5m_bio_12,1012.1851851851852
angola,Temperate,wc2.1_2.5m_bio_13,211.67592592592592
angola,Temperate,wc2.1_2.5m_bio_14,0
angola,Temperate,wc2.1_2.5m_bio_15,100.49703746371799
angola,Temperate,wc2.1_2.5m_bio_16,562.925925925926
angola,Temperate,wc2.1_2.5m_bio_17,1.6759259259259258
angola,Temperate,wc2.1_2.5m_bio_18,289.3611111111111
angola,Temperate,wc2.1_2.5m_bio_19,4.287037037037037
angola,Temperate,wc2.1_2.5m_bio_2,14.551731462831851
angola,Temperate,wc2.1_2.5m_bio_3,60.42831540990759
angola,Temperate,wc2.1_2.5m_bio_4,250.2635875278049
angola,Temperate,wc2.1_2.5m_bio_5,30.482259344171595
angola,Temperate,wc2.1_2.5m_bio_6,6.313000012327124
angola,Temperate,wc2.1_2.5m_bio_7,24.16925926561709
angola,Temperate,wc2.1_2.5m_bio_8,21.461388870521827
angola,Temperate,wc2.1_2.5m_bio_9,16.420463032192654
antarctica,Polar,wc2.1_2.5m_bio_1,-37.294441974649374
antarctica,Polar,wc2.1_2.5m_bio_10,-23.437506240616663
antarctica,Polar,wc2.1_2.5m_bio_11,-46.05520575997942
antarctica,Polar,wc2.1_2.5m_bio_12,111.43636363636364
antarctica,Polar,wc2.1_2.5m_bio_13,28.511037481880305
antarctica,Polar,wc2.1_2.5m_bio_14,0.41242493269828123
antarctica,Polar,wc2.1_2.5m_bio_15,111.34566947943331
antarctica,Polar,wc2.1_2.5m_bio_16,53.55299233795817
antarctica,Polar,wc2.1_2.5m_bio_17,5.651646303582521
antarctica,Polar,wc2.1_2.5m_bio_18,6.8690826258024424
antarctica,Polar,wc2.1_2.5m_bio_19,43.28444812590599
antarctica,Polar,wc2.1_2.5m_bio_2,7.599625867122596
antarctica,Polar,wc2.1_2.5m_bio_3,23.20330148149065
antarctica,Polar,wc2.1_2.5m_bio_4,979.6555902085706
antarctica,Polar,wc2.1_2.5m_bio_5,-17.267103867472255
antarctica,Polar,wc2.1_2.5m_bio_6,-50.71268306988124
antarctica,Polar,wc2.1_2.5m_bio_7,33.44557920863945
antarctica,Polar,wc2.1_2.5m_bio_8,-43.99659420245428
antarctica,Polar,wc2.1_2.5m_bio_9,-27.86301612638151
argentina,Arid,wc2.1_2.5m_bio_1,13.259794434059074
argentina,Arid,wc2.1_2.5m_bio_10,19.466145149042774
argentina,Arid,wc2.1_2.5m_bio_11,6.745115483298051
argentina,Arid,wc2.1_2.5m_bio_12,307.76254180602007
argentina,Arid,wc2.1_2.5m_bio_13,49.37959866220736
argentina,Arid,wc2.1_2.5m_bio_14,8.710702341137123
argentina,Arid,wc2.1_2.5m_bio_15,50.380705530428166
argentina,Arid,wc2.1_2.5m_bio_16,132.37290969899666
argentina,Arid,wc2.1_2.5m_bio_17,31.489966555183948
argentina,Arid,wc2.1_2.5m_bio_18,115.16555183946488
argentina,Arid,wc2.1_2.5m_bio_19,44.33946488294314
argentina,Arid,wc2.1_2.5m_bio_2,13.645744247978746
argentina,Arid,wc2.1_2.5m_bio_3,49.67003355377095
argentina,Arid,wc2.1_2.5m_bio_4,518.4382333914971
argentina,Arid,wc2.1_2.5m_bio_5,27.499744117060633
argentina,Arid,wc2.1_2.5m_bio_6,-0.030407943618001046
argentina,Arid,wc2.1_2.5m_bio_7,27.530152084835397
argentina,Arid,wc2.1_2.5m_bio_8,14.558662435681525
argentina,Arid,wc2.1_2.5m_bio_9,10.758307129991891
argentina,Boreal,wc2.1_2.5m_bio_1,4.108500003814697
argentina,Boreal,wc2.1_2.5m_bio_10,10.140800094604492
argentina,Boreal,wc2.1_2.5m_bio_11,-1.8838665962219239
argentina,Boreal,wc2.1_2.5m_bio_12,622.4
argentina,Boreal,wc2.1_2.5m_bio_13,113
argentina,Boreal,wc2.1_2.5m_bio_14,11.8
argentina,Boreal,wc2.1_2.5m_bio_15,66.79498748779297
argentina,Boreal,wc2.1_2.5m_bio_16,306.6
argentina,Boreal,wc2.1_2.5m_bio_17,49.6
argentina,Boreal,wc2.1_2.5m_bio_18,49.6
argentina,Boreal,wc2.1_2.5m_bio_19,298.2
argentina,Boreal,wc2.1_2.5m_bio_2,13.057133293151855
argentina,Boreal,wc2.1_2.5m_bio_3,50.58371276855469
argentina,Boreal,wc2.1_2.5m_bio_4,487.1570251464844
argentina,Boreal,wc2.1_2.5m_bio_5,18.75840015411377
argentina,Boreal,wc2.1_2.5m_bio_6,-6.9679999351501465
argentina,Boreal,wc2.1_2.5m_bio_7,25.72640037536621
argentina,Boreal,wc2.1_2.5m_bio_8,-1.2249332785606384
argentina,Boreal,wc2.1_2.5m_bio_9,10.140800094604492
argentina,Polar,wc2.1_2.5m_bio_1,3.0455585713498294
argentina,Polar,wc2.1_2.5m_bio_10,7.438425517556342
argentina,Polar,wc2.1_2.5m_bio_11,-1.6648546397389674
argentina,Polar,wc2.1_2.5m_bio_12,446.47727272727275
argentina,Polar,wc2.1_2.5m_bio_13,63.43181818181818
argentina,Polar,wc2.1_2.5m_bio_14,18.318181818181817
argentina,Polar,wc2.1_2.5m_bio_15,52.97431633689187
argentina,Polar,wc2.1_2.5m_bio_16,174.8409090909091
argentina,Polar,wc2.1_2.5m_bio_17,63.79545454545455
argentina,Polar,wc2.1_2.5m_bio_18,100.75
argentina,Polar,wc2.1_2.5m_bio_19,133.45454545454547
argentina,Polar,wc2.1_2.5m_bio_2,10.165459036827087
argentina,Polar,wc2.1_2.5m_bio_3,49.993543884970926
argentina,Polar,wc2.1_2.5m_bio_4,371.86234560879797
argentina,Polar,wc2.1_2.5m_bio_5,13.478807806968689
argentina,Polar,wc2.1_2.5m_bio_6,-6.552278226072138
argentina,Polar,wc2.1_2.5m_bio_7,20.031086054715242
argentina,Polar,wc2.1_2.5m_bio_8,2.7898155347528784
argentina,Polar,wc2.1_2.5m_bio_9,3.923239000713114
argentina,Temperate,wc2.1_2.5m_bio_1,16.78053938632316
argentina,Temperate,wc2.1_2.5m_bio_10,22.64778580361224
argentina,Temperate,wc2.1_2.5m_bio_11,10.792826932870803
argentina,Temperate,wc2.1_2.5m_bio_12,906.6787234042553
argentina,Temperate,wc2.1_2.5m_bio_13,128.34468085106383
argentina,Temperate,wc2.1_2.5m_bio_14,29.227659574468085
argentina,Temperate,wc2.1_2.5m_bio_15,50.07868902328167
argentina,Temperate,wc2.1_2.5m_bio_16,345.2340425531915
argentina,Temperate,wc2.1_2.5m_bio_17,99.85531914893618
argentina,Temperate,wc2.1_2.5m_bio_18,301.4191489361702
argentina,Temperate,wc2.1_2.5m_bio_19,122.66808510638297
argentina,Temperate,wc2.1_2.5m_bio_2,12.78330423882667
argentina,Temperate,wc2.1_2.5m_bio_3,49.29908810879322
argentina,Temperate,wc2.1_2.5m_bio_4,481.02107219290224
argentina,Temperate,wc2.1_2.5m_bio_5,30.183548911074375
argentina,Temperate,wc2.1_2.5m_bio_6,4.22079999454795
argentina,Temperate,wc2.1_2.5m_bio_7,25.962748933345715
argentina,Temperate,wc2.1_2.5m_bio_8,20.385775880075673
argentina,Temperate,wc2.1_2.5m_bio_9,12.19379289860421
armenia,Arid,wc2.1_2.5m_bio_1,10.899250030517578
armenia,Arid,wc2.1_2.5m_bio_10,22.748332977294922
armenia,Arid,wc2.1_2.5m_bio_11,-1.703833281993866
armenia,Arid,wc2.1_2.5m_bio_12,305
armenia,Arid,wc2.1_2.5m_bio_13,50.25
armenia,Arid,wc2.1_2.5m_bio_14,11.75
armenia,Arid,wc2.1_2.5m_bio_15,44.99754524230957
armenia,Arid,wc2.1_2.5m_bio_16,127.25
armenia,Arid,wc2.1_2.5m_bio_17,42.75
armenia,Arid,wc2.1_2.5m_bio_18,61.75
armenia,Arid,wc2.1_2.5m_bio_19,58.75
armenia,Arid,wc2.1_2.5m_bio_2,11.632666826248169
armenia,Arid,wc2.1_2.5m_bio_3,29.85713291168213
armenia,Arid,wc2.1_2.5m_bio_4,991.7084197998047
armenia,Arid,wc2.1_2.5m_bio_5,31.17099952697754
armenia,Arid,wc2.1_2.5m_bio_6,-7.787999868392944
armenia,Arid,wc2.1_2.5m_bio_7,38.958998680114746
armenia,Arid,wc2.1_2.5m_bio_8,15.347000122070312
armenia,Arid,wc2.1_2.5m_bio_9,22.54699945449829
armenia,Boreal,wc2.1_2.5m_bio_1,5.492574003007677
armenia,Boreal,wc2.1_2.5m_bio_10,15.940740797254774
armenia,Boreal,wc2.1_2.5m_bio_11,-5.230592568715413
armenia,Boreal,wc2.1_2.5m_bio_12,529.1111111111111
armenia,Boreal,wc2.1_2.5m_bio_13,84.88888888888889
armenia,Boreal,wc2.1_2.5m_bio_14,21.444444444444443
armenia,Boreal,wc2.1_2.5m_bio_15,45.794893476698135
armenia,Boreal,wc2.1_2.5m_bio_16,221.11111111111111
armenia,Boreal,wc2.1_2.5m_bio_17,73.33333333333333
armenia,Boreal,wc2.1_2.5m_bio_18,123.77777777777777
armenia,Boreal,wc2.1_2.5m_bio_19,76.77777777777777
armenia,Boreal,wc2.1_2.5m_bio_2,10.830481423272026
armenia,Boreal,wc2.1_2.5m_bio_3,30.41251097785102
armenia,Boreal,wc2.1_2.5m_bio_4,864.41796875
armenia,Boreal,wc2.1_2.5m_bio_5,23.45999993218316
armenia,Boreal,wc2.1_2.5m_bio_6,-12.159555541144478
armenia,Boreal,wc2.1_2.5m_bio_7,35.61955536736382
armenia,Boreal,wc2.1_2.5m_bio_8,9.47896311018202
armenia,Boreal,wc2.1_2.5m_bio_9,-5.109333303239611
australia,Arid,wc2.1_2.5m_bio_1,21.943713508623024
australia,Arid,wc2.1_2.5m_bio_10,28.30963478088379
australia,Arid,wc2.1_2.5m_bio_11,14.727044993278964
australia,Arid,wc2.1_2.5m_bio_12,348.5002237136465
australia,Arid,wc2.1_2.5m_bio_13,66.28590604026846
australia,Arid,wc2.1_2.5m_bio_14,9.37807606263982
australia,Arid,wc2.1_2.5m_bio_15,57.795179825341144
australia,Arid,wc2.1_2.5m_bio_16,166.6979865771812
australia,Arid,wc2.1_2.5m_bio_17,34.97046979865772
australia,Arid,wc2.1_2.5m_bio_18,140.7221476510067
australia,Arid,wc2.1_2.5m_bio_19,52.76152125279642
australia,Arid,wc2.1_2.5m_bio_2,14.416171536882985
australia,Arid,wc2.1_2.5m_bio_3,49.09217993205026
australia,Arid,wc2.1_2.5m_bio_4,554.4893639754396
australia,Arid,wc2.1_2.5m_bio_5,36.36898461924303
australia,Arid,wc2.1_2.5m_bio_6,6.872117489616343
australia,Arid,wc2.1_2.5m_bio_7,29.49686715469531
australia,Arid,wc2.1_2.5m_bio_8,25.61957336784209
australia,Arid,wc2.1_2.5m_bio_9,18.621447685634262
australia,Equatorial,wc2.1_2.5m_bio_1,26.560974892447977
australia,Equatorial,wc2.1_2.5m_bio_10,29.406868612065036
australia,Equatorial,wc2.1_2.5m_bio_11,22.629538655281067
australia,Equatorial,wc2.1_2.5m_bio_12,1092.3382352941176
australia,Equatorial,wc2.1_2.5m_bio_13,275.85661764705884
australia,Equatorial,wc2.1_2.5m_bio_14,2.1544117647058822
australia,Equatorial,wc2.1_2.5m_bio_15,114.85387647853179
australia,Equatorial,wc2.1_2.5m_bio_16,732.625
australia,Equatorial,wc2.1_2.5m_bio_17,11.400735294117647
australia,Equatorial,wc2.1_2.5m_bio_18,415.7647058823529
australia,Equatorial,wc2.1_2.5m_bio_19,14.1875
australia,Equatorial,wc2.1_2.5m_bio_2,12.271493715398451
australia,Equatorial,wc2.1_2.5m_bio_3,58.030356098623834
australia,Equatorial,wc2.1_2.5m_bio_4,275.63358601401836
australia,Equatorial,wc2.1_2.5m_bio_5,35.982724764767816
australia,Equatorial,wc2.1_2.5m_bio_6,14.793616992585799
australia,Equatorial,wc2.1_2.5m_bio_7,21.189107740626614
australia,Equatorial,wc2.1_2.5m_bio_8,28.44967990061816
australia,Equatorial,wc2.1_2.5m_bio_9,23.199041934574353
australia,Temperate,wc2.1_2.5m_bio_1,15.314090124994731
australia,Temperate,wc2.1_2.5m_bio_10,20.41092705898148
australia,Temperate,wc2.1_2.5m_bio_11,10.033894720695002
australia,Temperate,wc2.1_2.5m_bio_12,941.3093525179856
australia,Temperate,wc2.1_2.5m_bio_13,132.82374100719426
australia,Temperate,wc2.1_2.5m_bio_14,37.36330935251799
australia,Temperate,wc2.1_2.5m_bio_15,40.81286823835304
australia,Temperate,wc2.1_2.5m_bio_16,361.48920863309354
australia,Temperate,wc2.1_2.5m_bio_17,132.38129496402877
australia,Temperate,wc2.1_2.5m_bio_18,252.86690647482015
australia,Temperate,wc2.1_2.5m_bio_19,234.28776978417267
australia,Temperate,wc2.1_2.5m_bio_2,11.133895078151346
australia,Temperate,wc2.1_2.5m_bio_3,49.2253601019331
australia,Temperate,wc2.1_2.5m_bio_4,422.1505545197631
australia,Temperate,wc2.1_2.5m_bio_5,27.180521910139124
australia,Temperate,wc2.1_2.5m_bio_6,4.5501852696694485
australia,Temperate,wc2.1_2.5m_bio_7,22.630336603672383
australia,Temperate,wc2.1_2.5m_bio_8,15.609197449341094
australia,Temperate,wc2.1_2.5m_bio_9,15.41076651408518
austria,Boreal,wc2.1_2.5m_bio_1,6.441601862510045
austria,Boreal,wc2.1_2.5m_bio_10,14.913148191240099
austria,Boreal,wc2.1_2.5m_bio_11,-2.024333346221182
austria,Boreal,wc2.1_2.5m_bio_12,1076.138888888889
austria,Boreal,wc2.1_2.5m_bio_13,140.61111111111111
austria,Boreal,wc2.1_2.5m_bio_14,52.388888888888886
austria,Boreal,wc2.1_2.5m_bio_15,33.70613294177585
austria,Boreal,wc2.1_2.5m_bio_16,394.3611111111111
austria,Boreal,wc2.1_2.5m_bio_17,175.88888888888889
austria,Boreal,wc2.1_2.5m_bio_18,394.3611111111111
austria,Boreal,wc2.1_2.5m_bio_19,176.97222222222223
austria,Boreal,wc2.1_2.5m_bio_2,9.004203690422905
austria,Boreal,wc2.1_2.5m_bio_3,32.9476572142707
austria,Boreal,wc2.1_2.5m_bio_4,693.01873779296875
austria,Boreal,wc2.1_2.5m_bio_5,20.916666746139526
austria,Boreal,wc2.1_2.5m_bio_6,-6.3798889186647205
austria,Boreal,wc2.1_2.5m_bio_7,27.29655583699544
austria,Boreal,wc2.1_2.5m_bio_8,14.913148191240099
austria,Boreal,wc2.1_2.5m_bio_9,-1.6657777755624719
austria,Temperate,wc2.1_2.5m_bio_1,9.88188902537028
austria,Temperate,wc2.1_2.5m_bio_10,19.113778432210285
austria,Temperate,wc2.1_2.5m_bio_11,0.547777791817983
austria,Temperate,wc2.1_2.5m_bio_12,599
austria,Temperate,wc2.1_2.5m_bio_13,73.33333333333333
austria,Temperate,wc2.1_2.5m_bio_14,31.333333333333332
austria,Temperate,wc2.1_2.5m_bio_15,28.927533467610676
austria,Temperate,wc2.1_2.5m_bio_16,207
austria,Temperate,wc2.1_2.5m_bio_17,100.33333333333333
austria,Temperate,wc2.1_2.5m_bio_18,206.33333333333334
austria,Temperate,wc2.1_2.5m_bio_19,102
austria,Temperate,wc2.1_2.5m_bio_2,8.523333231608072
austria,Temperate,wc2.1_2.5m_bio_3,29.842811584472656
austria,Temperate,wc2.1_2.5m_bio_4,754.7689208984375
austria,Temperate,wc2.1_2.5m_bio_5,25.233332951863606
austria,Temperate,wc2.1_2.5m_bio_6,-3.3013333479563394
austria,Temperate,wc2.1_2.5m_bio_7,28.534666697184246
austria,Temperate,wc2.1_2.5m_bio_8,18.0635560353597
austria,Temperate,wc2.1_2.5m_bio_9,1.573111116886139
azerbaijan,Arid,wc2.1_2.5m_bio_1,13.761974298037016
azerbaijan,Arid,wc2.1_2.5m_bio_10,24.66928188617413
azerbaijan,Arid,wc2.1_2.5m_bio_11,3.2073332999761286
azerbaijan,Arid,wc2.1_2.5m_bio_12,399.88461538461536
azerbaijan,Arid,wc2.1_2.5m_bio_13,56.15384615384615
azerbaijan,Arid,wc2.1_2.5m_bio_14,13.961538461538462
azerbaijan,Arid,wc2.1_2.5m_bio_15,38.120785786555366
azerbaijan,Arid,wc2.1_2.5m_bio_16,143.42307692307693
azerbaijan,Arid,wc2.1_2.5m_bio_17,56.42307692307692
azerbaijan,Arid,wc2.1_2.5m_bio_18,75.1923076923077
azerbaijan,Arid,wc2.1_2.5m_bio_19,84.5
azerbaijan,Arid,wc2.1_2.5m_bio_2,9.837307728253878
azerbaijan,Arid,wc2.1_2.5m_bio_3,28.99351802239051
azerbaijan,Arid,wc2.1_2.5m_bio_4,879.5144629845253
azerbaijan,Arid,wc2.1_2.5m_bio_5,32.10923062838041
azerbaijan,Arid,wc2.1_2.5m_bio_6,-1.7166153971965497
azerbaijan,Arid,wc2.1_2.5m_bio_7,33.82584586510291
azerbaijan,Arid,wc2.1_2.5m_bio_8,14.32833326779879
azerbaijan,Arid,wc2.1_2.5m_bio_9,20.389435804807224
azerbaijan,Boreal,wc2.1_2.5m_bio_1,6.7148147688971624
azerbaijan,Boreal,wc2.1_2.5m_bio_10,16.259185155232746
azerbaijan,Boreal,wc2.1_2.5m_bio_11,-2.8354814847310386
azerbaijan,Boreal,wc2.1_2.5m_bio_12,612.6666666666666
azerbaijan,Boreal,wc2.1_2.5m_bio_13,96.22222222222223
azerbaijan,Boreal,wc2.1_2.5m_bio_14,22.11111111111111
azerbaijan,Boreal,wc2.1_2.5m_bio_15,46.47771665785048
azerbaijan,Boreal,wc2.1_2.5m_bio_16,253
azerbaijan,Boreal,wc2.1_2.5m_bio_17,75.44444444444444
azerbaijan,Boreal,wc2.1_2.5m_bio_18,173.77777777777777
azerbaijan,Boreal,wc2.1_2.5m_bio_19,76.33333333333333
azerbaijan,Boreal,wc2.1_2.5m_bio_2,9.968370225694445
azerbaijan,Boreal,wc2.1_2.5m_bio_3,30.98346095614963
azerbaijan,Boreal,wc2.1_2.5m_bio_4,786.074937608507
azerbaijan,Boreal,wc2.1_2.5m_bio_5,23.47022247314453
azerbaijan,Boreal,wc2.1_2.5m_bio_6,-8.629333337148031
azerbaijan,Boreal,wc2.1_2.5m_bio_7,32.099555545383026
azerbaijan,Boreal,wc2.1_2.5m_bio_8,10.344592465294731
azerbaijan,Boreal,wc2.1_2.5m_bio_9,0.10133327709303962
azerbaijan,Temperate,wc2.1_2.5m_bio_1,13.542749881744385
azerbaijan,Temperate,wc2.1_2.5m_bio_10,23.696666717529297
azerbaijan,Temperate,wc2.1_2.5m_bio_11,3.344666600227356
azerbaijan,Temperate,wc2.1_2.5m_bio_12,828
azerbaijan,Temperate,wc2.1_2.5m_bio_13,139
azerbaijan,Temperate,wc2.1_2.5m_bio_14,22.5
azerbaijan,Temperate,wc2.1_2.5m_bio_15,46.15336036682129
azerbaijan,Temperate,wc2.1_2.5m_bio_16,345
azerbaijan,Temperate,wc2.1_2.5m_bio_17,97
azerbaijan,Temperate,wc2.1_2.5m_bio_18,148
azerbaijan,Temperate,wc2.1_2.5m_bio_19,172
azerbaijan,Temperate,wc2.1_2.5m_bio_2,9.15250015258789
azerbaijan,Temperate,wc2.1_2.5m_bio_3,28.42130947113037
azerbaijan,Temperate,wc2.1_2.5m_bio_4,831.52471923828125
azerbaijan,Temperate,wc2.1_2.5m_bio_5,30.203999519348145
azerbaijan,Temperate,wc2.1_2.5m_bio_6,-1.9660000205039978
azerbaijan,Temperate,wc2.1_2.5m_bio_7,32.170000076293945
azerbaijan,Temperate,wc2.1_2.5m_bio_8,16.33633327484131
azerbaijan,Temperate,wc2.1_2.5m_bio_9,11.603333115577698
bangladesh,Equatorial,wc2.1_2.5m_bio_1,25.789093017578125
bangladesh,Equatorial,wc2.1_2.5m_bio_10,28.62235779232449
bangladesh,Equatorial,wc2.1_2.5m_bio_11,20.441398726569282
bangladesh,Equatorial,wc2.1_2.5m_bio_12,2421.0555555555557
bangladesh,Equatorial,wc2.1_2.5m_bio_13,544.2222222222222
bangladesh,Equatorial,wc2.1_2.5m_bio_14,7.111111111111111
bangladesh,Equatorial,wc2.1_2.5m_bio_15,96.46728854709201
bangladesh,Equatorial,wc2.1_2.5m_bio_16,1467.5555555555557
bangladesh,Equatorial,wc2.1_2.5m_bio_17,42.27777777777778
bangladesh,Equatorial,wc2.1_2.5m_bio_18,840.5
bangladesh,Equatorial,wc2.1_2.5m_bio_19,42.333333333333336
bangladesh,Equatorial,wc2.1_2.5m_bio_2,8.870350546307034
bangladesh,Equatorial,wc2.1_2.5m_bio_3,43.5759597354465
bangladesh,Equatorial,wc2.1_2.5m_bio_4,352.2154303656684
bangladesh,Equatorial,wc2.1_2.5m_bio_5,33.152852588229706
bangladesh,Equatorial,wc2.1_2.5m_bio_6,12.786012278662788
bangladesh,Equatorial,wc2.1_2.5m_bio_7,20.3668401506212
bangladesh,Equatorial,wc2.1_2.5m_bio_8,28.236767133076984
bangladesh,Equatorial,wc2.1_2.5m_bio_9,20.477806197272407
bangladesh,Temperate,wc2.1_2.5m_bio_1,25.258100986480713
bangladesh,Temperate,wc2.1_2.5m_bio_10,28.681095327649796
bangladesh,Temperate,wc2.1_2.5m_bio_11,19.14688103539603
bangladesh,Temperate,wc2.1_2.5m_bio_12,2043.357142857143
bangladesh,Temperate,wc2.1_2.5m_bio_13,417.89285714285717
bangladesh,Temperate,wc2.1_2.5m_bio_14,4.571428571428571
bangladesh,Temperate,wc2.1_2.5m_bio_15,93.39937019348145
bangladesh,Temperate,wc2.1_2.5m_bio_16,1132.9642857142858
bangladesh,Temperate,wc2.1_2.5m_bio_17,32.535714285714285
bangladesh,Temperate,wc2.1_2.5m_bio_18,991.5714285714286
bangladesh,Temperate,wc2.1_2.5m_bio_19,32.892857142857146
bangladesh,Temperate,wc2.1_2.5m_bio_2,9.901845216751099
bangladesh,Temperate,wc2.1_2.5m_bio_3,43.30056095123291
bangladesh,Temperate,wc2.1_2.5m_bio_4,409.37808663504467
bangladesh,Temperate,wc2.1_2.5m_bio_5,33.87899991444179
bangladesh,Temperate,wc2.1_2.5m_bio_6,10.984142916543144
bangladesh,Temperate,wc2.1_2.5m_bio_7,22.894856725420272
bangladesh,Temperate,wc2.1_2.5m_bio_8,28.555285658155167
bangladesh,Temperate,wc2.1_2.5m_bio_9,19.42064298902239
belarus,Boreal,wc2.1_2.5m_bio_1,5.998029502092209
belarus,Boreal,wc2.1_2.5m_bio_10,16.448855501360597
belarus,Boreal,wc2.1_2.5m_bio_11,-4.797079649646725
belarus,Boreal,wc2.1_2.5m_bio_12,626.5309734513274
belarus,Boreal,wc2.1_2.5m_bio_13,84.84955752212389
belarus,Boreal,wc2.1_2.5m_bio_14,32.07964601769911
belarus,Boreal,wc2.1_2.5m_bio_15,31.931136679860344
belarus,Boreal,wc2.1_2.5m_bio_16,228.23008849557522
belarus,Boreal,wc2.1_2.5m_bio_17,103.53982300884955
belarus,Boreal,wc2.1_2.5m_bio_18,228.2212389380531
belarus,Boreal,wc2.1_2.5m_bio_19,112.23893805309734
belarus,Boreal,wc2.1_2.5m_bio_2,8.17594102420638
belarus,Boreal,wc2.1_2.5m_bio_3,26.28535657224402
belarus,Boreal,wc2.1_2.5m_bio_4,865.4703677017077
belarus,Boreal,wc2.1_2.5m_bio_5,22.37946903600102
belarus,Boreal,wc2.1_2.5m_bio_6,-8.74800006056254
belarus,Boreal,wc2.1_2.5m_bio_7,31.12746905436558
belarus,Boreal,wc2.1_2.5m_bio_8,16.426401239580812
belarus,Boreal,wc2.1_2.5m_bio_9,-3.5447433816384426
belgium,Temperate,wc2.1_2.5m_bio_1,9.68650977751788
belgium,Temperate,wc2.1_2.5m_bio_10,16.690117611604578
belgium,Temperate,wc2.1_2.5m_bio_11,2.9925490302198074
belgium,Temperate,wc2.1_2.5m_bio_12,840.1764705882352
belgium,Temperate,wc2.1_2.5m_bio_13,84.17647058823529
belgium,Temperate,wc2.1_2.5m_bio_14,54.705882352941174
belgium,Temperate,wc2.1_2.5m_bio_15,13.332654784707461
belgium,Temperate,wc2.1_2.5m_bio_16,241.52941176470588
belgium,Temperate,wc2.1_2.5m_bio_17,179.76470588235293
belgium,Temperate,wc2.1_2.5m_bio_18,216.1764705882353
belgium,Temperate,wc2.1_2.5m_bio_19,208.88235294117646
belgium,Temperate,wc2.1_2.5m_bio_2,7.5032548904418945
belgium,Temperate,wc2.1_2.5m_bio_3,33.330462848438934
belgium,Temperate,wc2.1_2.5m_bio_4,561.8839793485754
belgium,Temperate,wc2.1_2.5m_bio_5,22.354352951049805
belgium,Temperate,wc2.1_2.5m_bio_6,-0.14541175479398055
belgium,Temperate,wc2.1_2.5m_bio_7,22.499764722936295
belgium,Temperate,wc2.1_2.5m_bio_8,8.20521562239703
belgium,Temperate,wc2.1_2.5m_bio_9,6.280117666020113
belize,Equatorial,wc2.1_2.5m_bio_1,25.46491305033366
belize,Equatorial,wc2.1_2.5m_bio_10,27.024101893107098
belize,Equatorial,wc2.1_2.5m_bio_11,23.25667095184326
belize,Equatorial,wc2.1_2.5m_bio_12,1990.8333333333333
belize,Equatorial,wc2.1_2.5m_bio_13,311.3333333333333
belize,Equatorial,wc2.1_2.5m_bio_14,47.166666666666664
belize,Equatorial,wc2.1_2.5m_bio_15,55.77001126607259
belize,Equatorial,wc2.1_2.5m_bio_16,826.8333333333334
belize,Equatorial,wc2.1_2.5m_bio_17,162.5
belize,Equatorial,wc2.1_2.5m_bio_18,675.5
belize,Equatorial,wc2.1_2.5m_bio_19,312
belize,Equatorial,wc2.1_2.5m_bio_2,9.16737469037374
belize,Equatorial,wc2.1_2.5m_bio_3,66.23938369750977
belize,Equatorial,wc2.1_2.5m_bio_4,161.17552439371744
belize,Equatorial,wc2.1_2.5m_bio_5,31.955299377441406
belize,Equatorial,wc2.1_2.5m_bio_6,18.131597836812336
belize,Equatorial,wc2.1_2.5m_bio_7,13.823701540629068
belize,Equatorial,wc2.1_2.5m_bio_8,26.752997716267902
belize,Equatorial,wc2.1_2.5m_bio_9,24.93014113108317
benin,Arid,wc2.1_2.5m_bio_1,28.570833206176758
benin,Arid,wc2.1_2.5m_bio_10,32.375999450683594
benin,Arid,wc2.1_2.5m_bio_11,26.24266815185547
benin,Arid,wc2.1_2.5m_bio_12,688
benin,Arid,wc2.1_2.5m_bio_13,203
benin,Arid,wc2.1_2.5m_bio_14,0
benin,Arid,wc2.1_2.5m_bio_15,124.77476501464844
benin,Arid,wc2.1_2.5m_bio_16,491
benin,Arid,wc2.1_2.5m_bio_17,0
benin,Arid,wc2.1_2.5m_bio_18,69
benin,Arid,wc2.1_2.5m_bio_19,1
benin,Arid,wc2.1_2.5m_bio_2,12.99433422088623
benin,Arid,wc2.1_2.5m_bio_3,56.05838394165039
benin,Arid,wc2.1_2.5m_bio_4,262.57470703125
benin,Arid,wc2.1_2.5m_bio_5,40.18000030517578
benin,Arid,wc2.1_2.5m_bio_6,17
benin,Arid,wc2.1_2.5m_bio_7,23.18000030517578
benin,Arid,wc2.1_2.5m_bio_8,26.797332763671875
benin,Arid,wc2.1_2.5m_bio_9,26.4406681060791
benin,Equatorial,wc2.1_2.5m_bio_1,27.107846852895374
benin,Equatorial,wc2.1_2.5m_bio_10,29.56679272007298
benin,Equatorial,wc2.1_2.5m_bio_11,25.222720739003773
benin,Equatorial,wc2.1_2.5m_bio_12,1047.2162162162163
benin,Equatorial,wc2.1_2.5m_bio_13,221.21621621621622
benin,Equatorial,wc2.1_2.5m_bio_14,2.4864864864864864
benin,Equatorial,wc2.1_2.5m_bio_15,93.13051151584935
benin,Equatorial,wc2.1_2.5m_bio_16,590.5405405405405
benin,Equatorial,wc2.1_2.5m_bio_17,14.405405405405405
benin,Equatorial,wc2.1_2.5m_bio_18,156.64864864864865
benin,Equatorial,wc2.1_2.5m_bio_19,504.43243243243245
benin,Equatorial,wc2.1_2.5m_bio_2,11.471441423570788
benin,Equatorial,wc2.1_2.5m_bio_3,64.1611047693201
benin,Equatorial,wc2.1_2.5m_bio_4,177.11971798458615
benin,Equatorial,wc2.1_2.5m_bio_5,36.662702508874844
benin,Equatorial,wc2.1_2.5m_bio_6,18.577621563060863
benin,Equatorial,wc2.1_2.5m_bio_7,18.085080945813978
benin,Equatorial,wc2.1_2.5m_bio_8,25.49742348129685
benin,Equatorial,wc2.1_2.5m_bio_9,26.81722522426296
bhutan,Polar,wc2.1_2.5m_bio_1,2.2470998525619508
bhutan,Polar,wc2.1_2.5m_bio_10,8.836666870117188
bhutan,Polar,wc2.1_2.5m_bio_11,-4.852266550064087
bhutan,Polar,wc2.1_2.5m_bio_12,558.2
bhutan,Polar,wc2.1_2.5m_bio_13,135.2
bhutan,Polar,wc2.1_2.5m_bio_14,4.4
bhutan,Polar,wc2.1_2.5m_bio_15,98.78995208740234
bhutan,Polar,wc2.1_2.5m_bio_16,331.6
bhutan,Polar,wc2.1_2.5m_bio_17,17.2
bhutan,Polar,wc2.1_2.5m_bio_18,330
bhutan,Polar,wc2.1_2.5m_bio_19,20.8
bhutan,Polar,wc2.1_2.5m_bio_2,11.553533554077148
bhutan,Polar,wc2.1_2.5m_bio_3,43.86245574951172
bhutan,Polar,wc2.1_2.5m_bio_4,562.05068359375
bhutan,Polar,wc2.1_2.5m_bio_5,13.592800045013428
bhutan,Polar,wc2.1_2.5m_bio_6,-12.880000042915345
bhutan,Polar,wc2.1_2.5m_bio_7,26.472799682617186
bhutan,Polar,wc2.1_2.5m_bio_8,8.810800170898437
bhutan,Polar,wc2.1_2.5m_bio_9,-3.7781333446502687
bhutan,Temperate,wc2.1_2.5m_bio_1,12.999895751476288
bhutan,Temperate,wc2.1_2.5m_bio_10,17.988499522209167
bhutan,Temperate,wc2.1_2.5m_bio_11,7.014333389699459
bhutan,Temperate,wc2.1_2.5m_bio_12,1497.5
bhutan,Temperate,wc2.1_2.5m_bio_13,352.5
bhutan,Temperate,wc2.1_2.5m_bio_14,7.625
bhutan,Temperate,wc2.1_2.5m_bio_15,89.95938301086426
bhutan,Temperate,wc2.1_2.5m_bio_16,876.625
bhutan,Temperate,wc2.1_2.5m_bio_17,31
bhutan,Temperate,wc2.1_2.5m_bio_18,876.625
bhutan,Temperate,wc2.1_2.5m_bio_19,41.5
bhutan,Temperate,wc2.1_2.5m_bio_2,9.211125016212463
bhutan,Temperate,wc2.1_2.5m_bio_3,43.337543964385986
bhutan,Temperate,wc2.1_2.5m_bio_4,449.82962799072266
bhutan,Temperate,wc2.1_2.5m_bio_5,22.089499711990356
bhutan,Temperate,wc2.1_2.5m_bio_6,0.8125000111758709
bhutan,Temperate,wc2.1_2.5m_bio_7,21.276999711990356
bhutan,Temperate,wc2.1_2.5m_bio_8,17.988499522209167
bhutan,Temperate,wc2.1_2.5m_bio_9,8.033333379775286
bolivia,Arid,wc2.1_2.5m_bio_1,11.435935806005428
bolivia,Arid,wc2.1_2.5m_bio_10,14.461786435200619
bolivia,Arid,wc2.1_2.5m_bio_11,7.174735049597728
bolivia,Arid,wc2.1_2.5m_bio_12,308.9102564102564
bolivia,Arid,wc2.1_2.5m_bio_13,76.37179487179488
bolivia,Arid,wc2.1_2.5m_bio_14,1.0769230769230769
bolivia,Arid,wc2.1_2.5m_bio_15,113.79867842258551
bolivia,Arid,wc2.1_2.5m_bio_16,193.55128205128204
bolivia,Arid,wc2.1_2.5m_bio_17,5.948717948717949
bolivia,Arid,wc2.1_2.5m_bio_18,165.21794871794873
bolivia,Arid,wc2.1_2.5m_bio_19,10.692307692307692
bolivia,Arid,wc2.1_2.5m_bio_2,15.937931574307955
bolivia,Arid,wc2.1_2.5m_bio_3,65.13084925138034
bolivia,Arid,wc2.1_2.5m_bio_4,304.36275658240686
bolivia,Arid,wc2.1_2.5m_bio_5,22.314051371354324
bolivia,Arid,wc2.1_2.5m_bio_6,-2.1175384851029286
bolivia,Arid,wc2.1_2.5m_bio_7,24.431589811276165
bolivia,Arid,wc2.1_2.5m_bio_8,14.250119747259678
bolivia,Arid,wc2.1_2.5m_bio_9,8.334017098523104
bolivia,Equatorial,wc2.1_2.5m_bio_1,25.535278286702834
bolivia,Equatorial,wc2.1_2.5m_bio_10,26.973861938006028
bolivia,Equatorial,wc2.1_2.5m_bio_11,23.310455322265625
bolivia,Equatorial,wc2.1_2.5m_bio_12,1540
bolivia,Equatorial,wc2.1_2.5m_bio_13,244.68722466960352
bolivia,Equatorial,wc2.1_2.5m_bio_14,32.00440528634361
bolivia,Equatorial,wc2.1_2.5m_bio_15,60.65098551611543
bolivia,Equatorial,wc2.1_2.5m_bio_16,683.8370044052864
bolivia,Equatorial,wc2.1_2.5m_bio_17,119.19383259911895
bolivia,Equatorial,wc2.1_2.5m_bio_18,511.79295154185024
bolivia,Equatorial,wc2.1_2.5m_bio_19,144.5726872246696
bolivia,Equatorial,wc2.1_2.5m_bio_2,10.948259836776666
bolivia,Equatorial,wc2.1_2.5m_bio_3,66.29478995705492
bolivia,Equatorial,wc2.1_2.5m_bio_4,156.0182920951675
bolivia,Equatorial,wc2.1_2.5m_bio_5,32.92308364565677
bolivia,Equatorial,wc2.1_2.5m_bio_6,16.36199118072241
bolivia,Equatorial,wc2.1_2.5m_bio_7,16.56109249434282
bolivia,Equatorial,wc2.1_2.5m_bio_8,26.66207932795722
bolivia,Equatorial,wc2.1_2.5m_bio_9,23.62458151762706
bolivia,Polar,wc2.1_2.5m_bio_1,6.801937520503998
bolivia,Polar,wc2.1_2.5m_bio_10,8.834250092506409
bolivia,Polar,wc2.1_2.5m_bio_11,3.9559999480843544
bolivia,Polar,wc2.1_2.5m_bio_12,655.125
bolivia,Polar,wc2.1_2.5m_bio_13,143.125
bolivia,Polar,wc2.1_2.5m_bio_14,6.375
bolivia,Polar,wc2.1_2.5m_bio_15,88.45177459716797
bolivia,Polar,wc2.1_2.5m_bio_16,364.375
bolivia,Polar,wc2.1_2.5m_bio_17,27
bolivia,Polar,wc2.1_2.5m_bio_18,288.625
bolivia,Polar,wc2.1_2.5m_bio_19,30.125
bolivia,Polar,wc2.1_2.5m_bio_2,16.698625326156616
bolivia,Polar,wc2.1_2.5m_bio_3,68.60054206848145
bolivia,Polar,wc2.1_2.5m_bio_4,203.7667636871338
bolivia,Polar,wc2.1_2.5m_bio_5,17.525500297546387
bolivia,Polar,wc2.1_2.5m_bio_6,-6.83299994468689
bolivia,Polar,wc2.1_2.5m_bio_7,24.358500003814697
bolivia,Polar,wc2.1_2.5m_bio_8,8.506583213806152
bolivia,Polar,wc2.1_2.5m_bio_9,4.059916593134403
bolivia,Temperate,wc2.1_2.5m_bio_1,17.411641516775454
bolivia,Temperate,wc2.1_2.5m_bio_10,19.514050231789643
bolivia,Temperate,wc2.1_2.5m_bio_11,14.526654117512253
bolivia,Temperate,wc2.1_2.5m_bio_12,869.8679245283018
bolivia,Temperate,wc2.1_2.5m_bio_13,164.50943396226415
bolivia,Temperate,wc2.1_2.5m_bio_14,11.075471698113208
bolivia,Temperate,wc2.1_2.5m_bio_15,80.18075611906231
bolivia,Temperate,wc2.1_2.5m_bio_16,447.4339622641509
bolivia,Temperate,wc2.1_2.5m_bio_17,44.471698113207545
bolivia,Temperate,wc2.1_2.5m_bio_18,351.52830188679246
bolivia,Temperate,wc2.1_2.5m_bio_19,55.698113207547166
bolivia,Temperate,wc2.1_2.5m_bio_2,13.106603802375073
bolivia,Temperate,wc2.1_2.5m_bio_3,67.22934758888101
bolivia,Temperate,wc2.1_2.5m_bio_4,210.91940293222103
bolivia,Temperate,wc2.1_2.5m_bio_5,26.205962343036003
bolivia,Temperate,wc2.1_2.5m_bio_6,6.599245339069727
bolivia,Temperate,wc2.1_2.5m_bio_7,19.60671712767403
bolivia,Temperate,wc2.1_2.5m_bio_8,19.20945916085873
bolivia,Temperate,wc2.1_2.5m_bio_9,14.925270503421999
bosnia_and_herzegovina,Boreal,wc2.1_2.5m_bio_1,7.821030443364924
bosnia_and_herzegovina,Boreal,wc2.1_2.5m_bio_10,16.26684873754328
bosnia_and_herzegovina,Boreal,wc2.1_2.5m_bio_11,-0.8051515214822509
bosnia_and_herzegovina,Boreal,wc2.1_2.5m_bio_12,1051.3636363636363
bosnia_and_herzegovina,Boreal,wc2.1_2.5m_bio_13,120.81818181818181
bosnia_and_herzegovina,Boreal,wc2.1_2.5m_bio_14,66.45454545454545
bosnia_and_herzegovina,Boreal,wc2.1_2.5m_bio_15,18.2287053194913
bosnia_and_herzegovina,Boreal,wc2.1_2.5m_bio_16,322.6363636363636
bosnia_and_herzegovina,Boreal,wc2.1_2.5m_bio_17,210.36363636363637
bosnia_and_herzegovina,Boreal,wc2.1_2.5m_bio_18,250.9090909090909
bosnia_and_herzegovina,Boreal,wc2.1_2.5m_bio_19,244.45454545454547
bosnia_and_herzegovina,Boreal,wc2.1_2.5m_bio_2,9.798666693947531
bosnia_and_herzegovina,Boreal,wc2.1_2.5m_bio_3,34.7652381550182
bosnia_and_herzegovina,Boreal,wc2.1_2.5m_bio_4,694.5976396040483
bosnia_and_herzegovina,Boreal,wc2.1_2.5m_bio_5,23.120363755659625
bosnia_and_herzegovina,Boreal,wc2.1_2.5m_bio_6,-5.007999983700839
bosnia_and_herzegovina,Boreal,wc2.1_2.5m_bio_7,28.12836334922097
bosnia_and_herzegovina,Boreal,wc2.1_2.5m_bio_8,6.423272653059526
bosnia_and_herzegovina,Boreal,wc2.1_2.5m_bio_9,4.6881819855083116
bosnia_and_herzegovina,Temperate,wc2.1_2.5m_bio_1,10.615408940748734
bosnia_and_herzegovina,Temperate,wc2.1_2.5m_bio_10,19.399272658608176
bosnia_and_herzegovina,Temperate,wc2.1_2.5m_bio_11,1.6529696854678066
bosnia_and_herzegovina,Temperate,wc2.1_2.5m_bio_12,1001
bosnia_and_herzegovina,Temperate,wc2.1_2.5m_bio_13,120.18181818181819
bosnia_and_herzegovina,Temperate,wc2.1_2.5m_bio_14,56.09090909090909
bosnia_and_herzegovina,Temperate,wc2.1_2.5m_bio_15,21.791851043701172
bosnia_and_herzegovina,Temperate,wc2.1_2.5m_bio_16,318.8181818181818
bosnia_and_herzegovina,Temperate,wc2.1_2.5m_bio_17,184.1818181818182
bosnia_and_herzegovina,Temperate,wc2.1_2.5m_bio_18,249.54545454545453
bosnia_and_herzegovina,Temperate,wc2.1_2.5m_bio_19,230.9090909090909
bosnia_and_herzegovina,Temperate,wc2.1_2.5m_bio_2,10.0305757522583
bosnia_and_herzegovina,Temperate,wc2.1_2.5m_bio_3,34.45338266546076
bosnia_and_herzegovina,Temperate,wc2.1_2.5m_bio_4,720.4221635298295
bosnia_and_herzegovina,Temperate,wc2.1_2.5m_bio_5,26.23854567787864
bosnia_and_herzegovina,Temperate,wc2.1_2.5m_bio_6,-2.8258181485262783
bosnia_and_herzegovina,Temperate,wc2.1_2.5m_bio_7,29.064363826404918
bosnia_and_herzegovina,Temperate,wc2.1_2.5m_bio_8,13.8752121925354
bosnia_and_herzegovina,Temperate,wc2.1_2.5m_bio_9,7.293212083252993
botswana,Arid,wc2.1_2.5m_bio_1,22.11689236094651
botswana,Arid,wc2.1_2.5m_bio_10,26.350922288246526
botswana,Arid,wc2.1_2.5m_bio_11,16.26976043275259
botswana,Arid,wc2.1_2.5m_bio_12,374.9660194174757
botswana,Arid,wc2.1_2.5m_bio_13,85.1504854368932
botswana,Arid,wc2.1_2.5m_bio_14,0.5145631067961165
botswana,Arid,wc2.1_2.5m_bio_15,95.18250622795624
botswana,Arid,wc2.1_2.5m_bio_16,221.21844660194174
botswana,Arid,wc2.1_2.5m_bio_17,3.1844660194174756
botswana,Arid,wc2.1_2.5m_bio_18,164.00485436893203
botswana,Arid,wc2.1_2.5m_bio_19,3.7135922330097086
botswana,Arid,wc2.1_2.5m_bio_2,16.437690957078654
botswana,Arid,wc2.1_2.5m_bio_3,57.31269397550416
botswana,Arid,wc2.1_2.5m_bio_4,428.1082279242358
botswana,Arid,wc2.1_2.5m_bio_5,34.34864088632528
botswana,Arid,wc2.1_2.5m_bio_6,5.652174754050171
botswana,Arid,wc2.1_2.5m_bio_7,28.696466075563894
botswana,Arid,wc2.1_2.5m_bio_8,25.740608344957668
botswana,Arid,wc2.1_2.5m_bio_9,16.279957845373062
brazil,Arid,wc2.1_2.5m_bio_1,24.291080821644176
brazil,Arid,wc2.1_2.5m_bio_10,25.598949499804565
brazil,Arid,wc2.1_2.5m_bio_11,22.52606733880862
brazil,Arid,wc2.1_2.5m_bio_12,666.2878787878788
brazil,Arid,wc2.1_2.5m_bio_13,140.07070707070707
brazil,Arid,wc2.1_2.5m_bio_14,6.161616161616162
brazil,Arid,wc2.1_2.5m_bio_15,84.64675818549262
brazil,Arid,wc2.1_2.5m_bio_16,357.1161616161616
brazil,Arid,wc2.1_2.5m_bio_17,25.545454545454547
brazil,Arid,wc2.1_2.5m_bio_18,170.57070707070707
brazil,Arid,wc2.1_2.5m_bio_19,78.93939393939394
brazil,Arid,wc2.1_2.5m_bio_2,10.978077440550834
brazil,Arid,wc2.1_2.5m_bio_3,73.3660598909012
brazil,Arid,wc2.1_2.5m_bio_4,127.97287596114958
brazil,Arid,wc2.1_2.5m_bio_5,31.72830302305896
brazil,Arid,wc2.1_2.5m_bio_6,16.774606059295962
brazil,Arid,wc2.1_2.5m_bio_7,14.953696978212607
brazil,Arid,wc2.1_2.5m_bio_8,24.776976392726706
brazil,Arid,wc2.1_2.5m_bio_9,23.506949549973612
brazil,Equatorial,wc2.1_2.5m_bio_1,24.952196695922645
brazil,Equatorial,wc2.1_2.5m_bio_10,25.934472933594474
brazil,Equatorial,wc2.1_2.5m_bio_11,23.730583165492035
brazil,Equatorial,wc2.1_2.5m_bio_12,1857.5717308506137
brazil,Equatorial,wc2.1_2.5m_bio_13,293.3728311468472
brazil,Equatorial,wc2.1_2.5m_bio_14,38.95641134151502
brazil,Equatorial,wc2.1_2.5m_bio_15,64.40590848046948
brazil,Equatorial,wc2.1_2.5m_bio_16,813.6944561997461
brazil,Equatorial,wc2.1_2.5m_bio_17,139.3956834532374
brazil,Equatorial,wc2.1_2.5m_bio_18,405.68006771053746
brazil,Equatorial,wc2.1_2.5m_bio_19,406.16208209902663
brazil,Equatorial,wc2.1_2.5m_bio_2,10.85384663171401
brazil,Equatorial,wc2.1_2.5m_bio_3,73.9727296203665
brazil,Equatorial,wc2.1_2.5m_bio_4,93.0348176831065
brazil,Equatorial,wc2.1_2.5m_bio_5,32.140029647317014
brazil,Equatorial,wc2.1_2.5m_bio_6,17.193808737015047
brazil,Equatorial,wc2.1_2.5m_bio_7,14.946220896781828
brazil,Equatorial,wc2.1_2.5m_bio_8,25.17019861812971
brazil,Equatorial,wc2.1_2.5m_bio_9,24.200356977852632
brazil,Temperate,wc2.1_2.5m_bio_1,18.5551207233982
brazil,Temperate,wc2.1_2.5m_bio_10,22.312133278545392
brazil,Temperate,wc2.1_2.5m_bio_11,14.549919412038584
brazil,Temperate,wc2.1_2.5m_bio_12,1572.4832713754647
brazil,Temperate,wc2.1_2.5m_bio_13,196.62453531598513
brazil,Temperate,wc2.1_2.5m_bio_14,80.88104089219331
brazil,Temperate,wc2.1_2.5m_bio_15,30.569997055379876
brazil,Temperate,wc2.1_2.5m_bio_16,536.5724907063197
brazil,Temperate,wc2.1_2.5m_bio_17,274.73234200743497
brazil,Temperate,wc2.1_2.5m_bio_18,501.6059479553903
brazil,Temperate,wc2.1_2.5m_bio_19,297.9256505576208
brazil,Temperate,wc2.1_2.5m_bio_2,11.041658270314723
brazil,Temperate,wc2.1_2.5m_bio_3,55.9353272391961
brazil,Temperate,wc2.1_2.5m_bio_4,321.6544452653055
brazil,Temperate,wc2.1_2.5m_bio_5,28.072470640161225
brazil,Temperate,wc2.1_2.5m_bio_6,8.29662773954824
brazil,Temperate,wc2.1_2.5m_bio_7,19.7758429077035
brazil,Temperate,wc2.1_2.5m_bio_8,19.92861070952008
brazil,Temperate,wc2.1_2.5m_bio_9,16.80649118175294
brunei,Equatorial,wc2.1_2.5m_bio_1,26.916083335876465
brunei,Equatorial,wc2.1_2.5m_bio_10,27.43333339691162
brunei,Equatorial,wc2.1_2.5m_bio_11,26.40999984741211
brunei,Equatorial,wc2.1_2.5m_bio_12,3548.5
brunei,Equatorial,wc2.1_2.5m_bio_13,375
brunei,Equatorial,wc2.1_2.5m_bio_14,228.5
brunei,Equatorial,wc2.1_2.5m_bio_15,19.221434593200684
brunei,Equatorial,wc2.1_2.5m_bio_16,1109.5
brunei,Equatorial,wc2.1_2.5m_bio_17,718
brunei,Equatorial,wc2.1_2.5m_bio_18,816.5
brunei,Equatorial,wc2.1_2.5m_bio_19,972.5
brunei,Equatorial,wc2.1_2.5m_bio_2,7.601500034332275
brunei,Equatorial,wc2.1_2.5m_bio_3,88.0227165222168
brunei,Equatorial,wc2.1_2.5m_bio_4,40.27713584899902
brunei,Equatorial,wc2.1_2.5m_bio_5,31.47599983215332
brunei,Equatorial,wc2.1_2.5m_bio_6,22.84000015258789
brunei,Equatorial,wc2.1_2.5m_bio_7,8.63599967956543
brunei,Equatorial,wc2.1_2.5m_bio_8,26.505666732788086
brunei,Equatorial,wc2.1_2.5m_bio_9,27.12333393096924
bulgaria,Arid,wc2.1_2.5m_bio_1,11.439499855041504
bulgaria,Arid,wc2.1_2.5m_bio_10,21.332666397094727
bulgaria,Arid,wc2.1_2.5m_bio_11,1.618666648864746
bulgaria,Arid,wc2.1_2.5m_bio_12,478
bulgaria,Arid,wc2.1_2.5m_bio_13,53
bulgaria,Arid,wc2.1_2.5m_bio_14,32
bulgaria,Arid,wc2.1_2.5m_bio_15,15.831071853637695
bulgaria,Arid,wc2.1_2.5m_bio_16,134
bulgaria,Arid,wc2.1_2.5m_bio_17,98
bulgaria,Arid,wc2.1_2.5m_bio_18,130
bulgaria,Arid,wc2.1_2.5m_bio_19,102
bulgaria,Arid,wc2.1_2.5m_bio_2,8.876333236694336
bulgaria,Arid,wc2.1_2.5m_bio_3,29.81837272644043
bulgaria,Arid,wc2.1_2.5m_bio_4,803.32196044921875
bulgaria,Arid,wc2.1_2.5m_bio_5,27.15999984741211
bulgaria,Arid,wc2.1_2.5m_bio_6,-2.607999801635742
bulgaria,Arid,wc2.1_2.5m_bio_7,29.76799964904785
bulgaria,Arid,wc2.1_2.5m_bio_8,19.20199966430664
bulgaria,Arid,wc2.1_2.5m_bio_9,2.6640000343322754
bulgaria,Boreal,wc2.1_2.5m_bio_1,8.180490864647759
bulgaria,Boreal,wc2.1_2.5m_bio_10,17.17751842074924
bulgaria,Boreal,wc2.1_2.5m_bio_11,-1.0826296359300613
bulgaria,Boreal,wc2.1_2.5m_bio_12,642.5
bulgaria,Boreal,wc2.1_2.5m_bio_13,76.66666666666667
bulgaria,Boreal,wc2.1_2.5m_bio_14,36.77777777777778
bulgaria,Boreal,wc2.1_2.5m_bio_15,23.377160284254288
bulgaria,Boreal,wc2.1_2.5m_bio_16,213.72222222222223
bulgaria,Boreal,wc2.1_2.5m_bio_17,123.61111111111111
bulgaria,Boreal,wc2.1_2.5m_bio_18,186
bulgaria,Boreal,wc2.1_2.5m_bio_19,133.66666666666666
bulgaria,Boreal,wc2.1_2.5m_bio_2,10.200870354970297
bulgaria,Boreal,wc2.1_2.5m_bio_3,33.96189837985568
bulgaria,Boreal,wc2.1_2.5m_bio_4,746.3039381239149
bulgaria,Boreal,wc2.1_2.5m_bio_5,24.27355564965142
bulgaria,Boreal,wc2.1_2.5m_bio_6,-5.755555576748318
bulgaria,Boreal,wc2.1_2.5m_bio_7,30.02911122639974
bulgaria,Boreal,wc2.1_2.5m_bio_8,13.9623331228892
bulgaria,Boreal,wc2.1_2.5m_bio_9,3.6687036926547685
bulgaria,Temperate,wc2.1_2.5m_bio_1,11.45163237253825
bulgaria,Temperate,wc2.1_2.5m_bio_10,21.168061447143554
bulgaria,Temperate,wc2.1_2.5m_bio_11,1.620392127086719
bulgaria,Temperate,wc2.1_2.5m_bio_12,574.1
bulgaria,Temperate,wc2.1_2.5m_bio_13,66.53333333333333
bulgaria,Temperate,wc2.1_2.5m_bio_14,34.43333333333333
bulgaria,Temperate,wc2.1_2.5m_bio_15,21.302527904510498
bulgaria,Temperate,wc2.1_2.5m_bio_16,183.13333333333333
bulgaria,Temperate,wc2.1_2.5m_bio_17,110.23333333333333
bulgaria,Temperate,wc2.1_2.5m_bio_18,149.06666666666666
bulgaria,Temperate,wc2.1_2.5m_bio_19,131.8
bulgaria,Temperate,wc2.1_2.5m_bio_2,10.35289870897929
bulgaria,Temperate,wc2.1_2.5m_bio_3,32.838132031758626
bulgaria,Temperate,wc2.1_2.5m_bio_4,796.4224527994792
bulgaria,Temperate,wc2.1_2.5m_bio_5,28.236352984110514
bulgaria,Temperate,wc2.1_2.5m_bio_6,-3.2339372376600903
bulgaria,Temperate,wc2.1_2.5m_bio_7,31.470289993286134
bulgaria,Temperate,wc2.1_2.5m_bio_8,14.969422435760498
bulgaria,Temperate,wc2.1_2.5m_bio_9,10.969104586790005
burkina_faso,Arid,wc2.1_2.5m_bio_1,28.305600841840107
burkina_faso,Arid,wc2.1_2.5m_bio_10,31.710041642189026
burkina_faso,Arid,wc2.1_2.5m_bio_11,25.48104166984558
burkina_faso,Arid,wc2.1_2.5m_bio_12,615.9583333333334
burkina_faso,Arid,wc2.1_2.5m_bio_13,186.52083333333334
burkina_faso,Arid,wc2.1_2.5m_bio_14,0.020833333333333332
burkina_faso,Arid,wc2.1_2.5m_bio_15,127.07974481582642
burkina_faso,Arid,wc2.1_2.5m_bio_16,444.5416666666667
burkina_faso,Arid,wc2.1_2.5m_bio_17,1.1875
burkina_faso,Arid,wc2.1_2.5m_bio_18,98.27083333333333
burkina_faso,Arid,wc2.1_2.5m_bio_19,34.375
burkina_faso,Arid,wc2.1_2.5m_bio_2,13.850965241591135
burkina_faso,Arid,wc2.1_2.5m_bio_3,59.52804819742838
burkina_faso,Arid,wc2.1_2.5m_bio_4,256.9272629419963
burkina_faso,Arid,wc2.1_2.5m_bio_5,39.69649998346964
burkina_faso,Arid,wc2.1_2.5m_bio_6,16.42400000492732
burkina_faso,Arid,wc2.1_2.5m_bio_7,23.27249999841054
burkina_faso,Arid,wc2.1_2.5m_bio_8,27.227347095807392
burkina_faso,Arid,wc2.1_2.5m_bio_9,25.684680581092834
burkina_faso,Equatorial,wc2.1_2.5m_bio_1,27.736286358955578
burkina_faso,Equatorial,wc2.1_2.5m_bio_10,30.531435795319386
burkina_faso,Equatorial,wc2.1_2.5m_bio_11,25.996444310897434
burkina_faso,Equatorial,wc2.1_2.5m_bio_12,922.6666666666666
burkina_faso,Equatorial,wc2.1_2.5m_bio_13,243.15384615384616
burkina_faso,Equatorial,wc2.1_2.5m_bio_14,0.8717948717948718
burkina_faso,Equatorial,wc2.1_2.5m_bio_15,108.84725639147636
burkina_faso,Equatorial,wc2.1_2.5m_bio_16,595.6410256410256
burkina_faso,Equatorial,wc2.1_2.5m_bio_17,5.794871794871795
burkina_faso,Equatorial,wc2.1_2.5m_bio_18,137.15384615384616
burkina_faso,Equatorial,wc2.1_2.5m_bio_19,420.15384615384613
burkina_faso,Equatorial,wc2.1_2.5m_bio_2,11.934658197256235
burkina_faso,Equatorial,wc2.1_2.5m_bio_3,62.62421622643104
burkina_faso,Equatorial,wc2.1_2.5m_bio_4,192.65289756579276
burkina_faso,Equatorial,wc2.1_2.5m_bio_5,37.38943579258063
burkina_faso,Equatorial,wc2.1_2.5m_bio_6,18.237641114455002
burkina_faso,Equatorial,wc2.1_2.5m_bio_7,19.151794678125626
burkina_faso,Equatorial,wc2.1_2.5m_bio_8,26.09989723792443
burkina_faso,Equatorial,wc2.1_2.5m_bio_9,26.652632542145557
burundi,Equatorial,wc2.1_2.5m_bio_1,20.184983253479004
burundi,Equatorial,wc2.1_2.5m_bio_10,20.863733291625977
burundi,Equatorial,wc2.1_2.5m_bio_11,19.61680030822754
burundi,Equatorial,wc2.1_2.5m_bio_12,1167
burundi,Equatorial,wc2.1_2.5m_bio_13,189.2
burundi,Equatorial,wc2.1_2.5m_bio_14,3.8
burundi,Equatorial,wc2.1_2.5m_bio_15,66.45052757263184
burundi,Equatorial,wc2.1_2.5m_bio_16,481
burundi,Equatorial,wc2.1_2.5m_bio_17,29.3
burundi,Equatorial,wc2.1_2.5m_bio_18,177.7
burundi,Equatorial,wc2.1_2.5m_bio_19,173.6
burundi,Equatorial,wc2.1_2.5m_bio_2,10.424033546447754
burundi,Equatorial,wc2.1_2.5m_bio_3,74.3404541015625
burundi,Equatorial,wc2.1_2.5m_bio_4,53.29278717041016
burundi,Equatorial,wc2.1_2.5m_bio_5,27.267200088500978
burundi,Equatorial,wc2.1_2.5m_bio_6,13.1943998336792
burundi,Equatorial,wc2.1_2.5m_bio_7,14.072800254821777
burundi,Equatorial,wc2.1_2.5m_bio_8,20.09093322753906
burundi,Equatorial,wc2.1_2.5m_bio_9,19.87219982147217
cambodia,Equatorial,wc2.1_2.5m_bio_1,26.86041123526437
cambodia,Equatorial,wc2.1_2.5m_bio_10,28.548496458265518
cambodia,Equatorial,wc2.1_2.5m_bio_11,24.95145855252705
cambodia,Equatorial,wc2.1_2.5m_bio_12,1827.8095238095239
cambodia,Equatorial,wc2.1_2.5m_bio_13,351.015873015873
cambodia,Equatorial,wc2.1_2.5m_bio_14,5.26984126984127
cambodia,Equatorial,wc2.1_2.5m_bio_15,82.90581554836697
cambodia,Equatorial,wc2.1_2.5m_bio_16,938.8571428571429
cambodia,Equatorial,wc2.1_2.5m_bio_17,35.15873015873016
cambodia,Equatorial,wc2.1_2.5m_bio_18,396.6984126984127
cambodia,Equatorial,wc2.1_2.5m_bio_19,90.07936507936508
cambodia,Equatorial,wc2.1_2.5m_bio_2,8.353376191759866
cambodia,Equatorial,wc2.1_2.5m_bio_3,59.31199203975617
cambodia,Equatorial,wc2.1_2.5m_bio_4,143.15233333527095
cambodia,Equatorial,wc2.1_2.5m_bio_5,33.68446595328195
cambodia,Equatorial,wc2.1_2.5m_bio_6,19.535608473278227
cambodia,Equatorial,wc2.1_2.5m_bio_7,14.14885748000372
cambodia,Equatorial,wc2.1_2.5m_bio_8,27.07225139557369
cambodia,Equatorial,wc2.1_2.5m_bio_9,25.242980624002122
cameroon,Arid,wc2.1_2.5m_bio_1,27.841749906539917
cameroon,Arid,wc2.1_2.5m_bio_10,31.435999870300293
cameroon,Arid,wc2.1_2.5m_bio_11,25.00224995613098
cameroon,Arid,wc2.1_2.5m_bio_12,619.625
cameroon,Arid,wc2.1_2.5m_bio_13,197
cameroon,Arid,wc2.1_2.5m_bio_14,0
cameroon,Arid,wc2.1_2.5m_bio_15,132.90046405792236
cameroon,Arid,wc2.1_2.5m_bio_16,464.625
cameroon,Arid,wc2.1_2.5m_bio_17,0
cameroon,Arid,wc2.1_2.5m_bio_18,75.375
cameroon,Arid,wc2.1_2.5m_bio_19,141.125
cameroon,Arid,wc2.1_2.5m_bio_2,13.951333165168762
cameroon,Arid,wc2.1_2.5m_bio_3,57.407992362976074
cameroon,Arid,wc2.1_2.5m_bio_4,264.9379482269287
cameroon,Arid,wc2.1_2.5m_bio_5,39.96199893951416
cameroon,Arid,wc2.1_2.5m_bio_6,15.580000042915344
cameroon,Arid,wc2.1_2.5m_bio_7,24.381999015808105
cameroon,Arid,wc2.1_2.5m_bio_8,26.738500356674194
cameroon,Arid,wc2.1_2.5m_bio_9,25.866082906723022
cameroon,Equatorial,wc2.1_2.5m_bio_1,24.148014217403762
cameroon,Equatorial,wc2.1_2.5m_bio_10,25.61022700316517
cameroon,Equatorial,wc2.1_2.5m_bio_11,23.010955100363873
cameroon,Equatorial,wc2.1_2.5m_bio_12,1657.0780141843973
cameroon,Equatorial,wc2.1_2.5m_bio_13,299.1489361702128
cameroon,Equatorial,wc2.1_2.5m_bio_14,15.48936170212766
cameroon,Equatorial,wc2.1_2.5m_bio_15,75.03303311395307
cameroon,Equatorial,wc2.1_2.5m_bio_16,780.6950354609929
cameroon,Equatorial,wc2.1_2.5m_bio_17,65.92198581560284
cameroon,Equatorial,wc2.1_2.5m_bio_18,301.4326241134752
cameroon,Equatorial,wc2.1_2.5m_bio_19,613.5744680851063
cameroon,Equatorial,wc2.1_2.5m_bio_2,10.244907835696607
cameroon,Equatorial,wc2.1_2.5m_bio_3,70.6984157156437
cameroon,Equatorial,wc2.1_2.5m_bio_4,107.88058027984403
cameroon,Equatorial,wc2.1_2.5m_bio_5,31.961702184474216
cameroon,Equatorial,wc2.1_2.5m_bio_6,17.12615606294456
cameroon,Equatorial,wc2.1_2.5m_bio_7,14.835546108002358
cameroon,Equatorial,wc2.1_2.5m_bio_8,23.26738535427878
cameroon,Equatorial,wc2.1_2.5m_bio_9,24.19860994054916
cameroon,Temperate,wc2.1_2.5m_bio_1,22.829666137695312
cameroon,Temperate,wc2.1_2.5m_bio_10,24.281999588012695
cameroon,Temperate,wc2.1_2.5m_bio_11,21.172666549682617
cameroon,Temperate,wc2.1_2.5m_bio_12,1994
cameroon,Temperate,wc2.1_2.5m_bio_13,346
cameroon,Temperate,wc2.1_2.5m_bio_14,9
cameroon,Temperate,wc2.1_2.5m_bio_15,71.34590911865234
cameroon,Temperate,wc2.1_2.5m_bio_16,927
cameroon,Temperate,wc2.1_2.5m_bio_17,52
cameroon,Temperate,wc2.1_2.5m_bio_18,157
cameroon,Temperate,wc2.1_2.5m_bio_19,913
cameroon,Temperate,wc2.1_2.5m_bio_2,8.96933364868164
cameroon,Temperate,wc2.1_2.5m_bio_3,70.669189453125
cameroon,Temperate,wc2.1_2.5m_bio_4,125.09577178955078
cameroon,Temperate,wc2.1_2.5m_bio_5,29.996000289916992
cameroon,Temperate,wc2.1_2.5m_bio_6,17.304000854492188
cameroon,Temperate,wc2.1_2.5m_bio_7,12.691999435424805
cameroon,Temperate,wc2.1_2.5m_bio_8,21.472000122070312
cameroon,Temperate,wc2.1_2.5m_bio_9,23.84666633605957
canada,Arid,wc2.1_2.5m_bio_1,4.484013361930847
canada,Arid,wc2.1_2.5m_bio_10,17.530333251953124
canada,Arid,wc2.1_2.5m_bio_11,-9.6392933177948
canada,Arid,wc2.1_2.5m_bio_12,352
canada,Arid,wc2.1_2.5m_bio_13,66.66
canada,Arid,wc2.1_2.5m_bio_14,11.64
canada,Arid,wc2.1_2.5m_bio_15,57.47033824920654
canada,Arid,wc2.1_2.5m_bio_16,158.62
canada,Arid,wc2.1_2.5m_bio_17,43.96
canada,Arid,wc2.1_2.5m_bio_18,149.06
canada,Arid,wc2.1_2.5m_bio_19,46.84
canada,Arid,wc2.1_2.5m_bio_2,13.388520107269287
canada,Arid,wc2.1_2.5m_bio_3,30.838386688232422
canada,Arid,wc2.1_2.5m_bio_4,1101.6823205566407
canada,Arid,wc2.1_2.5m_bio_5,26.338400077819824
canada,Arid,wc2.1_2.5m_bio_6,-17.226960010528565
canada,Arid,wc2.1_2.5m_bio_7,43.56536026000977
canada,Arid,wc2.1_2.5m_bio_8,15.001200017929078
canada,Arid,wc2.1_2.5m_bio_9,-8.235133310556412
canada,Boreal,wc2.1_2.5m_bio_1,-3.33913459166875
canada,Boreal,wc2.1_2.5m_bio_10,12.628982398286697
canada,Boreal,wc2.1_2.5m_bio_11,-19.67957372840579
canada,Boreal,wc2.1_2.5m_bio_12,552.5449402891263
canada,Boreal,wc2.1_2.5m_bio_13,78.91410014665828
canada,Boreal,wc2.1_2.5m_bio_14,23.655772051120888
canada,Boreal,wc2.1_2.5m_bio_15,46.58772651719118
canada,Boreal,wc2.1_2.5m_bio_16,215.1047559187094
canada,Boreal,wc2.1_2.5m_bio_17,80.56756756756756
canada,Boreal,wc2.1_2.5m_bio_18,199.34171380683009
canada,Boreal,wc2.1_2.5m_bio_19,97.42489000628535
canada,Boreal,wc2.1_2.5m_bio_2,10.064217193157148
canada,Boreal,wc2.1_2.5m_bio_3,22.08508504443565
canada,Boreal,wc2.1_2.5m_bio_4,1323.948147802315
canada,Boreal,wc2.1_2.5m_bio_5,19.973963437778707
canada,Boreal,wc2.1_2.5m_bio_6,-26.39937555697537
canada,Boreal,wc2.1_2.5m_bio_7,46.37333898786077
canada,Boreal,wc2.1_2.5m_bio_8,10.687851720737953
canada,Boreal,wc2.1_2.5m_bio_9,-14.595514654487266
canada,Polar,wc2.1_2.5m_bio_1,-14.69220421660346
canada,Polar,wc2.1_2.5m_bio_10,3.106245725826119
canada,Polar,wc2.1_2.5m_bio_11,-30.17725594097435
canada,Polar,wc2.1_2.5m_bio_12,247.11367207962283
canada,Polar,wc2.1_2.5m_bio_13,43.01257202723939
canada,Polar,wc2.1_2.5m_bio_14,7.891042430591933
canada,Polar,wc2.1_2.5m_bio_15,63.54871748479141
canada,Polar,wc2.1_2.5m_bio_16,111.99161864850707
canada,Polar,wc2.1_2.5m_bio_17,27.177056050288108
canada,Polar,wc2.1_2.5m_bio_18,97.4117338920901
canada,Polar,wc2.1_2.5m_bio_19,33.574646411733895
canada,Polar,wc2.1_2.5m_bio_2,6.609158333712938
canada,Polar,wc2.1_2.5m_bio_3,15.630992831454469
canada,Polar,wc2.1_2.5m_bio_4,1382.4906734508515
canada,Polar,wc2.1_2.5m_bio_5,8.786014679379784
canada,Polar,wc2.1_2.5m_bio_6,-34.82640057599251
canada,Polar,wc2.1_2.5m_bio_7,43.612415260766554
canada,Polar,wc2.1_2.5m_bio_8,1.2900328969135548
canada,Polar,wc2.1_2.5m_bio_9,-29.213545964097026
canada,Temperate,wc2.1_2.5m_bio_1,7.7252101103464765
canada,Temperate,wc2.1_2.5m_bio_10,13.934777021408081
canada,Temperate,wc2.1_2.5m_bio_11,2.2833233922719955
canada,Temperate,wc2.1_2.5m_bio_12,2525.6944444444443
canada,Temperate,wc2.1_2.5m_bio_13,374.9166666666667
canada,Temperate,wc2.1_2.5m_bio_14,73.27777777777777
canada,Temperate,wc2.1_2.5m_bio_15,51.076549000210235
canada,Temperate,wc2.1_2.5m_bio_16,1045.9722222222222
canada,Temperate,wc2.1_2.5m_bio_17,268.75
canada,Temperate,wc2.1_2.5m_bio_18,307.8611111111111
canada,Temperate,wc2.1_2.5m_bio_19,897.1388888888889
canada,Temperate,wc2.1_2.5m_bio_2,7.097779724333021
canada,Temperate,wc2.1_2.5m_bio_3,35.051420264773895
canada,Temperate,wc2.1_2.5m_bio_4,484.2859369913737
canada,Temperate,wc2.1_2.5m_bio_5,19.408326572842068
canada,Temperate,wc2.1_2.5m_bio_6,-0.729575159235133
canada,Temperate,wc2.1_2.5m_bio_7,20.13790167702569
canada,Temperate,wc2.1_2.5m_bio_8,3.4921584929236107
canada,Temperate,wc2.1_2.5m_bio_9,13.764718347125584
cape_verde,Arid,wc2.1_2.5m_bio_1,22.830615997314453
cape_verde,Arid,wc2.1_2.5m_bio_10,24.67173957824707
cape_verde,Arid,wc2.1_2.5m_bio_11,21.021015167236328
cape_verde,Arid,wc2.1_2.5m_bio_12,308
cape_verde,Arid,wc2.1_2.5m_bio_13,126
cape_verde,Arid,wc2.1_2.5m_bio_14,0
cape_verde,Arid,wc2.1_2.5m_bio_15,156.47665405273438
cape_verde,Arid,wc2.1_2.5m_bio_16,268
cape_verde,Arid,wc2.1_2.5m_bio_17,0
cape_verde,Arid,wc2.1_2.5m_bio_18,268
cape_verde,Arid,wc2.1_2.5m_bio_19,5
cape_verde,Arid,wc2.1_2.5m_bio_2,5.704710483551025
cape_verde,Arid,wc2.1_2.5m_bio_3,61.05552673339844
cape_verde,Arid,wc2.1_2.5m_bio_4,150.85391235351562
cape_verde,Arid,wc2.1_2.5m_bio_5,27.208696365356445
cape_verde,Arid,wc2.1_2.5m_bio_6,17.865217208862305
cape_verde,Arid,wc2.1_2.5m_bio_7,9.34347915649414
cape_verde,Arid,wc2.1_2.5m_bio_8,24.67173957824707
cape_verde,Arid,wc2.1_2.5m_bio_9,21.731159210205078
cayman_islands,Equatorial,wc2.1_2.5m_bio_1,26.55208396911621
cayman_islands,Equatorial,wc2.1_2.5m_bio_10,28.280555725097656
cayman_islands,Equatorial,wc2.1_2.5m_bio_11,24.469444274902344
cayman_islands,Equatorial,wc2.1_2.5m_bio_12,1209
cayman_islands,Equatorial,wc2.1_2.5m_bio_13,185
cayman_islands,Equatorial,wc2.1_2.5m_bio_14,21
cayman_islands,Equatorial,wc2.1_2.5m_bio_15,65.28334045410156
cayman_islands,Equatorial,wc2.1_2.5m_bio_16,495
cayman_islands,Equatorial,wc2.1_2.5m_bio_17,83
cayman_islands,Equatorial,wc2.1_2.5m_bio_18,484
cayman_islands,Equatorial,wc2.1_2.5m_bio_19,83
cayman_islands,Equatorial,wc2.1_2.5m_bio_2,7.884722709655762
cayman_islands,Equatorial,wc2.1_2.5m_bio_3,64.10343933105469
cayman_islands,Equatorial,wc2.1_2.5m_bio_4,155.11361694335938
cayman_islands,Equatorial,wc2.1_2.5m_bio_5,32.61666488647461
cayman_islands,Equatorial,wc2.1_2.5m_bio_6,20.316665649414062
cayman_islands,Equatorial,wc2.1_2.5m_bio_7,12.299999237060547
cayman_islands,Equatorial,wc2.1_2.5m_bio_8,27.91666603088379
cayman_islands,Equatorial,wc2.1_2.5m_bio_9,24.469444274902344
central_african_republic,Arid,wc2.1_2.5m_bio_1,26.784291744232178
central_african_republic,Arid,wc2.1_2.5m_bio_10,29.99583387374878
central_african_republic,Arid,wc2.1_2.5m_bio_11,24.414833545684814
central_african_republic,Arid,wc2.1_2.5m_bio_12,704.25
central_african_republic,Arid,wc2.1_2.5m_bio_13,176.75
central_african_republic,Arid,wc2.1_2.5m_bio_14,0
central_african_republic,Arid,wc2.1_2.5m_bio_15,117.08714866638184
central_african_republic,Arid,wc2.1_2.5m_bio_16,481.25
central_african_republic,Arid,wc2.1_2.5m_bio_17,0
central_african_republic,Arid,wc2.1_2.5m_bio_18,78.75
central_african_republic,Arid,wc2.1_2.5m_bio_19,1
central_african_republic,Arid,wc2.1_2.5m_bio_2,16.19658374786377
central_african_republic,Arid,wc2.1_2.5m_bio_3,60.746829986572266
central_african_republic,Arid,wc2.1_2.5m_bio_4,224.0029067993164
central_african_republic,Arid,wc2.1_2.5m_bio_5,39.53200149536133
central_african_republic,Arid,wc2.1_2.5m_bio_6,12.86900019645691
central_african_republic,Arid,wc2.1_2.5m_bio_7,26.66300106048584
central_african_republic,Arid,wc2.1_2.5m_bio_8,25.724167346954346
central_african_republic,Arid,wc2.1_2.5m_bio_9,24.776833534240723
central_african_republic,Equatorial,wc2.1_2.5m_bio_1,24.744382733675703
central_african_republic,Equatorial,wc2.1_2.5m_bio_10,26.322576225702488
central_african_republic,Equatorial,wc2.1_2.5m_bio_11,23.632740375384614
central_african_republic,Equatorial,wc2.1_2.5m_bio_12,1359.6381909547738
central_african_republic,Equatorial,wc2.1_2.5m_bio_13,235.98492462311557
central_african_republic,Equatorial,wc2.1_2.5m_bio_14,7.35678391959799
central_african_republic,Equatorial,wc2.1_2.5m_bio_15,78.27624022900758
central_african_republic,Equatorial,wc2.1_2.5m_bio_16,660.0301507537688
central_african_republic,Equatorial,wc2.1_2.5m_bio_17,36.015075376884425
central_african_republic,Equatorial,wc2.1_2.5m_bio_18,213.20603015075378
central_african_republic,Equatorial,wc2.1_2.5m_bio_19,310.3718592964824
central_african_republic,Equatorial,wc2.1_2.5m_bio_2,12.314085452400859
central_african_republic,Equatorial,wc2.1_2.5m_bio_3,67.43530574396028
central_african_republic,Equatorial,wc2.1_2.5m_bio_4,113.09948048040495
central_african_republic,Equatorial,wc2.1_2.5m_bio_5,33.99658287470065
central_african_republic,Equatorial,wc2.1_2.5m_bio_6,15.55535677809212
central_african_republic,Equatorial,wc2.1_2.5m_bio_7,18.44122603910053
central_african_republic,Equatorial,wc2.1_2.5m_bio_8,24.04654936095578
central_african_republic,Equatorial,wc2.1_2.5m_bio_9,24.40915246704715
chad,Arid,wc2.1_2.5m_bio_1,26.873668921483706
chad,Arid,wc2.1_2.5m_bio_10,31.599983528868794
chad,Arid,wc2.1_2.5m_bio_11,21.125291322682003
chad,Arid,wc2.1_2.5m_bio_12,192.3178082191781
chad,Arid,wc2.1_2.5m_bio_13,71.21369863013699
chad,Arid,wc2.1_2.5m_bio_14,0.01643835616438356
chad,Arid,wc2.1_2.5m_bio_15,126.99143361130805
chad,Arid,wc2.1_2.5m_bio_16,153.63835616438357
chad,Arid,wc2.1_2.5m_bio_17,0.1726027397260274
chad,Arid,wc2.1_2.5m_bio_18,27.578082191780823
chad,Arid,wc2.1_2.5m_bio_19,3.243835616438356
chad,Arid,wc2.1_2.5m_bio_2,15.335799972325155
chad,Arid,wc2.1_2.5m_bio_3,54.472504905805195
chad,Arid,wc2.1_2.5m_bio_4,432.43639120859643
chad,Arid,wc2.1_2.5m_bio_5,39.888219190623666
chad,Arid,wc2.1_2.5m_bio_6,11.557797262521639
chad,Arid,wc2.1_2.5m_bio_7,28.330421985992015
chad,Arid,wc2.1_2.5m_bio_8,29.449775319556668
chad,Arid,wc2.1_2.5m_bio_9,22.808630138553987
chad,Equatorial,wc2.1_2.5m_bio_1,27.379075772834547
chad,Equatorial,wc2.1_2.5m_bio_10,30.520707101532906
chad,Equatorial,wc2.1_2.5m_bio_11,25.600131352742512
chad,Equatorial,wc2.1_2.5m_bio_12,941.3636363636364
chad,Equatorial,wc2.1_2.5m_bio_13,245.96969696969697
chad,Equatorial,wc2.1_2.5m_bio_14,0
chad,Equatorial,wc2.1_2.5m_bio_15,114.20859261715052
chad,Equatorial,wc2.1_2.5m_bio_16,631.7575757575758
chad,Equatorial,wc2.1_2.5m_bio_17,0.5909090909090909
chad,Equatorial,wc2.1_2.5m_bio_18,120.28787878787878
chad,Equatorial,wc2.1_2.5m_bio_19,281.07575757575756
chad,Equatorial,wc2.1_2.5m_bio_2,13.779868646101518
chad,Equatorial,wc2.1_2.5m_bio_3,59.17625051556212
chad,Equatorial,wc2.1_2.5m_bio_4,210.3173601555102
chad,Equatorial,wc2.1_2.5m_bio_5,38.95787863297896
chad,Equatorial,wc2.1_2.5m_bio_6,15.671515161340887
chad,Equatorial,wc2.1_2.5m_bio_7,23.286363486087684
chad,Equatorial,wc2.1_2.5m_bio_8,25.81826267820416
chad,Equatorial,wc2.1_2.5m_bio_9,26.164808013222434
chile,Arid,wc2.1_2.5m_bio_1,10.872323122231856
chile,Arid,wc2.1_2.5m_bio_10,14.128068950901861
chile,Arid,wc2.1_2.5m_bio_11,7.280775654615591
chile,Arid,wc2.1_2.5m_bio_12,87.860869565217385
chile,Arid,wc2.1_2.5m_bio_13,19.36521739130435
chile,Arid,wc2.1_2.5m_bio_14,2.391304347826087
chile,Arid,wc2.1_2.5m_bio_15,78.96432755511739
chile,Arid,wc2.1_2.5m_bio_16,46.03478260869565
chile,Arid,wc2.1_2.5m_bio_17,8.652173913043478
chile,Arid,wc2.1_2.5m_bio_18,28.878260869565217
chile,Arid,wc2.1_2.5m_bio_19,27.91304347826087
chile,Arid,wc2.1_2.5m_bio_2,12.905949978206468
chile,Arid,wc2.1_2.5m_bio_3,63.03476333618164
chile,Arid,wc2.1_2.5m_bio_4,277.88698239533795
chile,Arid,wc2.1_2.5m_bio_5,20.829323262753693
chile,Arid,wc2.1_2.5m_bio_6,0.5258387219646703
chile,Arid,wc2.1_2.5m_bio_7,20.303484526924464
chile,Arid,wc2.1_2.5m_bio_8,11.331926848059116
chile,Arid,wc2.1_2.5m_bio_9,11.169339296092158
chile,Boreal,wc2.1_2.5m_bio_1,5.858083248138428
chile,Boreal,wc2.1_2.5m_bio_10,11.865666627883911
chile,Boreal,wc2.1_2.5m_bio_11,0.023833293467760086
chile,Boreal,wc2.1_2.5m_bio_12,1034
chile,Boreal,wc2.1_2.5m_bio_13,201.75
chile,Boreal,wc2.1_2.5m_bio_14,16.5
chile,Boreal,wc2.1_2.5m_bio_15,78.34025573730469
chile,Boreal,wc2.1_2.5m_bio_16,550.25
chile,Boreal,wc2.1_2.5m_bio_17,66
chile,Boreal,wc2.1_2.5m_bio_18,66
chile,Boreal,wc2.1_2.5m_bio_19,524.75
chile,Boreal,wc2.1_2.5m_bio_2,13.310499668121338
chile,Boreal,wc2.1_2.5m_bio_3,51.49300765991211
chile,Boreal,wc2.1_2.5m_bio_4,478.70919036865234
chile,Boreal,wc2.1_2.5m_bio_5,20.95199966430664
chile,Boreal,wc2.1_2.5m_bio_6,-4.901000022888184
chile,Boreal,wc2.1_2.5m_bio_7,25.852999687194824
chile,Boreal,wc2.1_2.5m_bio_8,0.9078332781791687
chile,Boreal,wc2.1_2.5m_bio_9,11.865666627883911
chile,Polar,wc2.1_2.5m_bio_1,4.337973375668686
chile,Polar,wc2.1_2.5m_bio_10,8.218181184838327
chile,Polar,wc2.1_2.5m_bio_11,0.22775111485565647
chile,Polar,wc2.1_2.5m_bio_12,1493.0224719101125
chile,Polar,wc2.1_2.5m_bio_13,155.8876404494382
chile,Polar,wc2.1_2.5m_bio_14,92
chile,Polar,wc2.1_2.5m_bio_15,24.78585037488616
chile,Polar,wc2.1_2.5m_bio_16,447.85393258426967
chile,Polar,wc2.1_2.5m_bio_17,310.44943820224717
chile,Polar,wc2.1_2.5m_bio_18,378.8988764044944
chile,Polar,wc2.1_2.5m_bio_19,375.29213483146066
chile,Polar,wc2.1_2.5m_bio_2,7.85920713724715
chile,Polar,wc2.1_2.5m_bio_3,47.61993472495776
chile,Polar,wc2.1_2.5m_bio_4,324.88377483239333
chile,Polar,wc2.1_2.5m_bio_5,13.07552890563279
chile,Polar,wc2.1_2.5m_bio_6,-3.3321827902469074
chile,Polar,wc2.1_2.5m_bio_7,16.407711832710866
chile,Polar,wc2.1_2.5m_bio_8,4.491767351881841
chile,Polar,wc2.1_2.5m_bio_9,4.3431263864040375
chile,Temperate,wc2.1_2.5m_bio_1,10.142627680929083
chile,Temperate,wc2.1_2.5m_bio_10,14.75670885788767
chile,Temperate,wc2.1_2.5m_bio_11,5.682853691044607
chile,Temperate,wc2.1_2.5m_bio_12,1618.6421052631579
chile,Temperate,wc2.1_2.5m_bio_13,249.13684210526316
chile,Temperate,wc2.1_2.5m_bio_14,61.242105263157896
chile,Temperate,wc2.1_2.5m_bio_15,61.3095873481349
chile,Temperate,wc2.1_2.5m_bio_16,692.5684210526316
chile,Temperate,wc2.1_2.5m_bio_17,210.17894736842106
chile,Temperate,wc2.1_2.5m_bio_18,221.09473684210528
chile,Temperate,wc2.1_2.5m_bio_19,654.7684210526315
chile,Temperate,wc2.1_2.5m_bio_2,9.871591904288843
chile,Temperate,wc2.1_2.5m_bio_3,49.20290105719315
chile,Temperate,wc2.1_2.5m_bio_4,367.73093004728617
chile,Temperate,wc2.1_2.5m_bio_5,21.49019274460642
chile,Temperate,wc2.1_2.5m_bio_6,1.6746028260180825
chile,Temperate,wc2.1_2.5m_bio_7,19.815589975055897
chile,Temperate,wc2.1_2.5m_bio_8,6.45667901164607
chile,Temperate,wc2.1_2.5m_bio_9,14.0648404522946
china,Arid,wc2.1_2.5m_bio_1,6.62500862571034
china,Arid,wc2.1_2.5m_bio_10,20.811593658349985
china,Arid,wc2.1_2.5m_bio_11,-9.168358404980506
china,Arid,wc2.1_2.5m_bio_12,158.5953177257525
china,Arid,wc2.1_2.5m_bio_13,41.04515050167224
china,Arid,wc2.1_2.5m_bio_14,1.6479933110367893
china,Arid,wc2.1_2.5m_bio_15,89.70605384705458
china,Arid,wc2.1_2.5m_bio_16,98.33528428093645
china,Arid,wc2.1_2.5m_bio_17,6.342809364548495
china,Arid,wc2.1_2.5m_bio_18,96.42725752508362
china,Arid,wc2.1_2.5m_bio_19,6.904682274247492
china,Arid,wc2.1_2.5m_bio_2,14.13202007877388
china,Arid,wc2.1_2.5m_bio_3,30.416500214350265
china,Arid,wc2.1_2.5m_bio_4,1219.4992482367168
china,Arid,wc2.1_2.5m_bio_5,28.897331087485604
china,Arid,wc2.1_2.5m_bio_6,-17.902581950095186
china,Arid,wc2.1_2.5m_bio_7,46.79991303957426
china,Arid,wc2.1_2.5m_bio_8,20.265146066911246
china,Arid,wc2.1_2.5m_bio_9,-6.774536231482856
china,Boreal,wc2.1_2.5m_bio_1,3.9388048928922914
china,Boreal,wc2.1_2.5m_bio_10,18.35379525491678
china,Boreal,wc2.1_2.5m_bio_11,-12.084930505968808
china,Boreal,wc2.1_2.5m_bio_12,547.7675906183368
china,Boreal,wc2.1_2.5m_bio_13,141.2633262260128
china,Boreal,wc2.1_2.5m_bio_14,3.7899786780383797
china,Boreal,wc2.1_2.5m_bio_15,103.03773755966219
china,Boreal,wc2.1_2.5m_bio_16,342.1748400852878
china,Boreal,wc2.1_2.5m_bio_17,14.799573560767591
china,Boreal,wc2.1_2.5m_bio_18,338.26972281449895
china,Boreal,wc2.1_2.5m_bio_19,14.99040511727079
china,Boreal,wc2.1_2.5m_bio_2,12.29921692927509
china,Boreal,wc2.1_2.5m_bio_3,27.847044784122946
china,Boreal,wc2.1_2.5m_bio_4,1234.923168515854
china,Boreal,wc2.1_2.5m_bio_5,24.860827664576615
china,Boreal,wc2.1_2.5m_bio_6,-20.465949801747986
china,Boreal,wc2.1_2.5m_bio_7,45.32677750089275
china,Boreal,wc2.1_2.5m_bio_8,18.08298630348401
china,Boreal,wc2.1_2.5m_bio_9,-11.810894266975401
china,Equatorial,wc2.1_2.5m_bio_1,24.244814766777885
china,Equatorial,wc2.1_2.5m_bio_10,28.062666787041557
china,Equatorial,wc2.1_2.5m_bio_11,19.246962865193684
china,Equatorial,wc2.1_2.5m_bio_12,1533.2222222222222
china,Equatorial,wc2.1_2.5m_bio_13,265.55555555555554
china,Equatorial,wc2.1_2.5m_bio_14,19.333333333333332
china,Equatorial,wc2.1_2.5m_bio_15,75.0342780219184
china,Equatorial,wc2.1_2.5m_bio_16,739
china,Equatorial,wc2.1_2.5m_bio_17,71.33333333333333
china,Equatorial,wc2.1_2.5m_bio_18,649.5555555555555
china,Equatorial,wc2.1_2.5m_bio_19,73
china,Equatorial,wc2.1_2.5m_bio_2,7.022888925340441
china,Equatorial,wc2.1_2.5m_bio_3,41.69971677992079
china,Equatorial,wc2.1_2.5m_bio_4,364.095954047309
china,Equatorial,wc2.1_2.5m_bio_5,31.876000086466473
china,Equatorial,wc2.1_2.5m_bio_6,15.0062223010593
china,Equatorial,wc2.1_2.5m_bio_7,16.86977767944336
china,Equatorial,wc2.1_2.5m_bio_8,26.950962490505642
china,Equatorial,wc2.1_2.5m_bio_9,19.48488892449273
china,Polar,wc2.1_2.5m_bio_1,-3.5779138187403867
china,Polar,wc2.1_2.5m_bio_10,6.3461079072968625
china,Polar,wc2.1_2.5m_bio_11,-13.941435753931234
china,Polar,wc2.1_2.5m_bio_12,335.95336076817557
china,Polar,wc2.1_2.5m_bio_13,78.39643347050755
china,Polar,wc2.1_2.5m_bio_14,2.595336076817558
china,Polar,wc2.1_2.5m_bio_15,100.08473906759045
china,Polar,wc2.1_2.5m_bio_16,202.99314128943757
china,Polar,wc2.1_2.5m_bio_17,10.710562414266118
china,Polar,wc2.1_2.5m_bio_18,199.05486968449932
china,Polar,wc2.1_2.5m_bio_19,16.22222222222222
china,Polar,wc2.1_2.5m_bio_2,13.405243267901804
china,Polar,wc2.1_2.5m_bio_3,37.60326308837807
china,Polar,wc2.1_2.5m_bio_4,830.0417574240183
china,Polar,wc2.1_2.5m_bio_5,13.160438979113543
china,Polar,wc2.1_2.5m_bio_6,-22.735445833991093
china,Polar,wc2.1_2.5m_bio_7,35.89588477156944
china,Polar,wc2.1_2.5m_bio_8,5.680304524625443
china,Polar,wc2.1_2.5m_bio_9,-11.773142212130569
china,Temperate,wc2.1_2.5m_bio_1,16.355267764934297
china,Temperate,wc2.1_2.5m_bio_10,24.73236796622384
china,Temperate,wc2.1_2.5m_bio_11,7.106317489793919
china,Temperate,wc2.1_2.5m_bio_12,1264.908503767492
china,Temperate,wc2.1_2.5m_bio_13,228.91603875134552
china,Temperate,wc2.1_2.5m_bio_14,25.03767491926803
china,Temperate,wc2.1_2.5m_bio_15,68.46684920903299
china,Temperate,wc2.1_2.5m_bio_16,603.3681377825619
china,Temperate,wc2.1_2.5m_bio_17,93.42303552206674
china,Temperate,wc2.1_2.5m_bio_18,548.2411194833154
china,Temperate,wc2.1_2.5m_bio_19,105.20882669537137
china,Temperate,wc2.1_2.5m_bio_2,8.464628760601656
china,Temperate,wc2.1_2.5m_bio_3,31.131190703425904
china,Temperate,wc2.1_2.5m_bio_4,717.806224087981
china,Temperate,wc2.1_2.5m_bio_5,29.57773569351377
china,Temperate,wc2.1_2.5m_bio_6,1.7050719413417716
china,Temperate,wc2.1_2.5m_bio_7,27.872663731980502
china,Temperate,wc2.1_2.5m_bio_8,22.890356310217193
china,Temperate,wc2.1_2.5m_bio_9,7.979413978571014
colombia,Arid,wc2.1_2.5m_bio_1,28.923791885375977
colombia,Arid,wc2.1_2.5m_bio_10,30.155666828155518
colombia,Arid,wc2.1_2.5m_bio_11,27.670166492462158
colombia,Arid,wc2.1_2.5m_bio_12,459.75
colombia,Arid,wc2.1_2.5m_bio_13,116.75
colombia,Arid,wc2.1_2.5m_bio_14,4.25
colombia,Arid,wc2.1_2.5m_bio_15,89.40821075439453
colombia,Arid,wc2.1_2.5m_bio_16,265
colombia,Arid,wc2.1_2.5m_bio_17,15.5
colombia,Arid,wc2.1_2.5m_bio_18,87.25
colombia,Arid,wc2.1_2.5m_bio_19,40.25
colombia,Arid,wc2.1_2.5m_bio_2,8.918583154678345
colombia,Arid,wc2.1_2.5m_bio_3,75.52689743041992
colombia,Arid,wc2.1_2.5m_bio_4,102.87308502197266
colombia,Arid,wc2.1_2.5m_bio_5,34.90499973297119
colombia,Arid,wc2.1_2.5m_bio_6,23.095999240875244
colombia,Arid,wc2.1_2.5m_bio_7,11.809000492095947
colombia,Arid,wc2.1_2.5m_bio_8,29.066166877746582
colombia,Arid,wc2.1_2.5m_bio_9,27.77799940109253
colombia,Equatorial,wc2.1_2.5m_bio_1,25.821803965467087
colombia,Equatorial,wc2.1_2.5m_bio_10,26.571503566753538
colombia,Equatorial,wc2.1_2.5m_bio_11,25.022725427042026
colombia,Equatorial,wc2.1_2.5m_bio_12,2768.5106382978724
colombia,Equatorial,wc2.1_2.5m_bio_13,373.00303951367783
colombia,Equatorial,wc2.1_2.5m_bio_14,87.12765957446808
colombia,Equatorial,wc2.1_2.5m_bio_15,44.52570359540203
colombia,Equatorial,wc2.1_2.5m_bio_16,1017.951367781155
colombia,Equatorial,wc2.1_2.5m_bio_17,329.85714285714283
colombia,Equatorial,wc2.1_2.5m_bio_18,450.8693009118541
colombia,Equatorial,wc2.1_2.5m_bio_19,905.0030395136778
colombia,Equatorial,wc2.1_2.5m_bio_2,9.315285723260109
colombia,Equatorial,wc2.1_2.5m_bio_3,81.41033923952051
colombia,Equatorial,wc2.1_2.5m_bio_4,62.208481750952075
colombia,Equatorial,wc2.1_2.5m_bio_5,31.949288776942662
colombia,Equatorial,wc2.1_2.5m_bio_6,20.42706378832414
colombia,Equatorial,wc2.1_2.5m_bio_7,11.52222498861852
colombia,Equatorial,wc2.1_2.5m_bio_8,25.361825777766914
colombia,Equatorial,wc2.1_2.5m_bio_9,26.22438507891716
colombia,Polar,wc2.1_2.5m_bio_1,13.904666900634766
colombia,Polar,wc2.1_2.5m_bio_10,14.306666374206543
colombia,Polar,wc2.1_2.5m_bio_11,13.549333572387695
colombia,Polar,wc2.1_2.5m_bio_12,2294
colombia,Polar,wc2.1_2.5m_bio_13,413
colombia,Polar,wc2.1_2.5m_bio_14,19
colombia,Polar,wc2.1_2.5m_bio_15,68.39976501464844
colombia,Polar,wc2.1_2.5m_bio_16,1158
colombia,Polar,wc2.1_2.5m_bio_17,149
colombia,Polar,wc2.1_2.5m_bio_18,720
colombia,Polar,wc2.1_2.5m_bio_19,707
colombia,Polar,wc2.1_2.5m_bio_2,9.2606658935546875
colombia,Polar,wc2.1_2.5m_bio_3,73.3808822631836
colombia,Polar,wc2.1_2.5m_bio_4,32.30764389038086
colombia,Polar,wc2.1_2.5m_bio_5,20.06399917602539
colombia,Polar,wc2.1_2.5m_bio_6,7.444000244140625
colombia,Polar,wc2.1_2.5m_bio_7,12.619998931884766
colombia,Polar,wc2.1_2.5m_bio_8,13.721332550048828
colombia,Polar,wc2.1_2.5m_bio_9,14.067999839782715
colombia,Temperate,wc2.1_2.5m_bio_1,14.180435064362317
colombia,Temperate,wc2.1_2.5m_bio_10,14.551577288930009
colombia,Temperate,wc2.1_2.5m_bio_11,13.773723590664748
colombia,Temperate,wc2.1_2.5m_bio_12,1846.8048780487804
colombia,Temperate,wc2.1_2.5m_bio_13,251.17073170731706
colombia,Temperate,wc2.1_2.5m_bio_14,68.41463414634147
colombia,Temperate,wc2.1_2.5m_bio_15,38.98865341558689
colombia,Temperate,wc2.1_2.5m_bio_16,658.9268292682926
colombia,Temperate,wc2.1_2.5m_bio_17,256.0243902439024
colombia,Temperate,wc2.1_2.5m_bio_18,497.1707317073171
colombia,Temperate,wc2.1_2.5m_bio_19,509.9268292682927
colombia,Temperate,wc2.1_2.5m_bio_2,9.049374057025444
colombia,Temperate,wc2.1_2.5m_bio_3,85.45371860411109
colombia,Temperate,wc2.1_2.5m_bio_4,32.81151408683963
colombia,Temperate,wc2.1_2.5m_bio_5,19.482829396317644
colombia,Temperate,wc2.1_2.5m_bio_6,8.856097525212823
colombia,Temperate,wc2.1_2.5m_bio_7,10.626731849298245
colombia,Temperate,wc2.1_2.5m_bio_8,14.094179002250113
colombia,Temperate,wc2.1_2.5m_bio_9,14.127040653693967
comoros,Equatorial,wc2.1_2.5m_bio_1,24.700834274291992
comoros,Equatorial,wc2.1_2.5m_bio_10,26.209333419799805
comoros,Equatorial,wc2.1_2.5m_bio_11,22.70400047302246
comoros,Equatorial,wc2.1_2.5m_bio_12,2479
comoros,Equatorial,wc2.1_2.5m_bio_13,364
comoros,Equatorial,wc2.1_2.5m_bio_14,58
comoros,Equatorial,wc2.1_2.5m_bio_15,45.1745491027832
comoros,Equatorial,wc2.1_2.5m_bio_16,912
comoros,Equatorial,wc2.1_2.5m_bio_17,271
comoros,Equatorial,wc2.1_2.5m_bio_18,912
comoros,Equatorial,wc2.1_2.5m_bio_19,377
comoros,Equatorial,wc2.1_2.5m_bio_2,8.367666244506836
comoros,Equatorial,wc2.1_2.5m_bio_3,68.0740737915039
comoros,Equatorial,wc2.1_2.5m_bio_4,147.20843505859375
comoros,Equatorial,wc2.1_2.5m_bio_5,30.09200096130371
comoros,Equatorial,wc2.1_2.5m_bio_6,17.799999237060547
comoros,Equatorial,wc2.1_2.5m_bio_7,12.292001724243164
comoros,Equatorial,wc2.1_2.5m_bio_8,26.209333419799805
comoros,Equatorial,wc2.1_2.5m_bio_9,24.238666534423828
conus_ak,Arid,wc2.1_2.5m_bio_1,10.81983101485524
conus_ak,Arid,wc2.1_2.5m_bio_10,21.66687449623749
conus_ak,Arid,wc2.1_2.5m_bio_11,0.2731042878287341
conus_ak,Arid,wc2.1_2.5m_bio_12,339.4331046312178
conus_ak,Arid,wc2.1_2.5m_bio_13,54.56174957118353
conus_ak,Arid,wc2.1_2.5m_bio_14,10.751286449399657
conus_ak,Arid,wc2.1_2.5m_bio_15,49.147558900136275
conus_ak,Arid,wc2.1_2.5m_bio_16,141.3499142367067
conus_ak,Arid,wc2.1_2.5m_bio_17,39.493996569468266
conus_ak,Arid,wc2.1_2.5m_bio_18,110.41337907375643
conus_ak,Arid,wc2.1_2.5m_bio_19,59.98970840480274
conus_ak,Arid,wc2.1_2.5m_bio_2,15.799189804348693
conus_ak,Arid,wc2.1_2.5m_bio_3,40.315600123659
conus_ak,Arid,wc2.1_2.5m_bio_4,870.8357450246402
conus_ak,Arid,wc2.1_2.5m_bio_5,31.84973240062262
conus_ak,Arid,wc2.1_2.5m_bio_6,-7.649112426004521
conus_ak,Arid,wc2.1_2.5m_bio_7,39.498844843581445
conus_ak,Arid,wc2.1_2.5m_bio_8,15.19209105933367
conus_ak,Arid,wc2.1_2.5m_bio_9,7.456075969942898
conus_ak,Boreal,wc2.1_2.5m_bio_1,2.4024033991153178
conus_ak,Boreal,wc2.1_2.5m_bio_10,15.73688126945586
conus_ak,Boreal,wc2.1_2.5m_bio_11,-10.61450941102291
conus_ak,Boreal,wc2.1_2.5m_bio_12,650.8936877076412
conus_ak,Boreal,wc2.1_2.5m_bio_13,93.15282392026577
conus_ak,Boreal,wc2.1_2.5m_bio_14,26.464167062173708
conus_ak,Boreal,wc2.1_2.5m_bio_15,47.037389724470735
conus_ak,Boreal,wc2.1_2.5m_bio_16,248.9126720455624
conus_ak,Boreal,wc2.1_2.5m_bio_17,92.10346464167063
conus_ak,Boreal,wc2.1_2.5m_bio_18,214.0142382534409
conus_ak,Boreal,wc2.1_2.5m_bio_19,116.53393450403418
conus_ak,Boreal,wc2.1_2.5m_bio_2,11.006909831983533
conus_ak,Boreal,wc2.1_2.5m_bio_3,27.727921680075667
conus_ak,Boreal,wc2.1_2.5m_bio_4,1082.7064475488141
conus_ak,Boreal,wc2.1_2.5m_bio_5,23.296596192612036
conus_ak,Boreal,wc2.1_2.5m_bio_6,-16.898072666617214
conus_ak,Boreal,wc2.1_2.5m_bio_7,40.19466886081342
conus_ak,Boreal,wc2.1_2.5m_bio_8,12.600078468034631
conus_ak,Boreal,wc2.1_2.5m_bio_9,-5.738998999357919
conus_ak,Equatorial,wc2.1_2.5m_bio_1,22.69772434234619
conus_ak,Equatorial,wc2.1_2.5m_bio_10,26.56499656041463
conus_ak,Equatorial,wc2.1_2.5m_bio_11,18.35879913965861
conus_ak,Equatorial,wc2.1_2.5m_bio_12,1317.8333333333333
conus_ak,Equatorial,wc2.1_2.5m_bio_13,213.41666666666666
conus_ak,Equatorial,wc2.1_2.5m_bio_14,43.166666666666664
conus_ak,Equatorial,wc2.1_2.5m_bio_15,55.343676249186196
conus_ak,Equatorial,wc2.1_2.5m_bio_16,552.75
conus_ak,Equatorial,wc2.1_2.5m_bio_17,152.5
conus_ak,Equatorial,wc2.1_2.5m_bio_18,517.25
conus_ak,Equatorial,wc2.1_2.5m_bio_19,162.16666666666666
conus_ak,Equatorial,wc2.1_2.5m_bio_2,9.936686952908834
conus_ak,Equatorial,wc2.1_2.5m_bio_3,52.764896074930824
conus_ak,Equatorial,wc2.1_2.5m_bio_4,338.51501846313477
conus_ak,Equatorial,wc2.1_2.5m_bio_5,31.43650023142497
conus_ak,Equatorial,wc2.1_2.5m_bio_6,12.504720667997995
conus_ak,Equatorial,wc2.1_2.5m_bio_7,18.931779464085896
conus_ak,Equatorial,wc2.1_2.5m_bio_8,26.221390167872112
conus_ak,Equatorial,wc2.1_2.5m_bio_9,18.62241021792094
conus_ak,Polar,wc2.1_2.5m_bio_1,-6.71040910113566
conus_ak,Polar,wc2.1_2.5m_bio_10,6.643674185370455
conus_ak,Polar,wc2.1_2.5m_bio_11,-17.95387113168098
conus_ak,Polar,wc2.1_2.5m_bio_12,592.490099009901
conus_ak,Polar,wc2.1_2.5m_bio_13,90.03960396039604
conus_ak,Polar,wc2.1_2.5m_bio_14,25.623762376237625
conus_ak,Polar,wc2.1_2.5m_bio_15,54.81710507610057
conus_ak,Polar,wc2.1_2.5m_bio_16,236.28217821782178
conus_ak,Polar,wc2.1_2.5m_bio_17,88.1980198019802
conus_ak,Polar,wc2.1_2.5m_bio_18,187.8960396039604
conus_ak,Polar,wc2.1_2.5m_bio_19,127.55445544554455
conus_ak,Polar,wc2.1_2.5m_bio_2,7.937171564243807
conus_ak,Polar,wc2.1_2.5m_bio_3,23.34532339738147
conus_ak,Polar,wc2.1_2.5m_bio_4,1034.1263474568282
conus_ak,Polar,wc2.1_2.5m_bio_5,12.43771781779752
conus_ak,Polar,wc2.1_2.5m_bio_6,-22.864873789029545
conus_ak,Polar,wc2.1_2.5m_bio_7,35.3025914938143
conus_ak,Polar,wc2.1_2.5m_bio_8,4.641182524354963
conus_ak,Polar,wc2.1_2.5m_bio_9,-11.51749624348808
conus_ak,Temperate,wc2.1_2.5m_bio_1,15.408413052558899
conus_ak,Temperate,wc2.1_2.5m_bio_10,24.371840366647262
conus_ak,Temperate,wc2.1_2.5m_bio_11,6.115331720087431
conus_ak,Temperate,wc2.1_2.5m_bio_12,1227.5578512396694
conus_ak,Temperate,wc2.1_2.5m_bio_13,152.78925619834712
conus_ak,Temperate,wc2.1_2.5m_bio_14,60.02066115702479
conus_ak,Temperate,wc2.1_2.5m_bio_15,31.22352521183077
conus_ak,Temperate,wc2.1_2.5m_bio_16,414.7902892561983
conus_ak,Temperate,wc2.1_2.5m_bio_17,207.78305785123968
conus_ak,Temperate,wc2.1_2.5m_bio_18,287.81301652892563
conus_ak,Temperate,wc2.1_2.5m_bio_19,321.53822314049586
conus_ak,Temperate,wc2.1_2.5m_bio_2,12.62876254763485
conus_ak,Temperate,wc2.1_2.5m_bio_3,39.49514911982639
conus_ak,Temperate,wc2.1_2.5m_bio_4,741.2159920211666
conus_ak,Temperate,wc2.1_2.5m_bio_5,31.674296099292345
conus_ak,Temperate,wc2.1_2.5m_bio_6,-0.7115972838287573
conus_ak,Temperate,wc2.1_2.5m_bio_7,32.38589335670156
conus_ak,Temperate,wc2.1_2.5m_bio_8,16.580195135259203
conus_ak,Temperate,wc2.1_2.5m_bio_9,14.387251158545086
costa_rica,Equatorial,wc2.1_2.5m_bio_1,23.922963006155832
costa_rica,Equatorial,wc2.1_2.5m_bio_10,24.934773308890207
costa_rica,Equatorial,wc2.1_2.5m_bio_11,23.108705724988663
costa_rica,Equatorial,wc2.1_2.5m_bio_12,2841
costa_rica,Equatorial,wc2.1_2.5m_bio_13,433.5
costa_rica,Equatorial,wc2.1_2.5m_bio_14,59.857142857142854
costa_rica,Equatorial,wc2.1_2.5m_bio_15,59.61102431161063
costa_rica,Equatorial,wc2.1_2.5m_bio_16,1133.5
costa_rica,Equatorial,wc2.1_2.5m_bio_17,221.5
costa_rica,Equatorial,wc2.1_2.5m_bio_18,484.35714285714283
costa_rica,Equatorial,wc2.1_2.5m_bio_19,722.3571428571429
costa_rica,Equatorial,wc2.1_2.5m_bio_2,9.488516330718994
costa_rica,Equatorial,wc2.1_2.5m_bio_3,77.17401504516602
costa_rica,Equatorial,wc2.1_2.5m_bio_4,73.26282719203404
costa_rica,Equatorial,wc2.1_2.5m_bio_5,30.476681300571986
costa_rica,Equatorial,wc2.1_2.5m_bio_6,18.1793931552342
costa_rica,Equatorial,wc2.1_2.5m_bio_7,12.297288145337786
costa_rica,Equatorial,wc2.1_2.5m_bio_8,23.685963494437082
costa_rica,Equatorial,wc2.1_2.5m_bio_9,24.267039435250418
costa_rica,Temperate,wc2.1_2.5m_bio_1,19.892916679382324
costa_rica,Temperate,wc2.1_2.5m_bio_10,20.67000102996826
costa_rica,Temperate,wc2.1_2.5m_bio_11,19.14900016784668
costa_rica,Temperate,wc2.1_2.5m_bio_12,3344
costa_rica,Temperate,wc2.1_2.5m_bio_13,472
costa_rica,Temperate,wc2.1_2.5m_bio_14,98
costa_rica,Temperate,wc2.1_2.5m_bio_15,44.71596431732178
costa_rica,Temperate,wc2.1_2.5m_bio_16,1214.5
costa_rica,Temperate,wc2.1_2.5m_bio_17,353
costa_rica,Temperate,wc2.1_2.5m_bio_18,621.5
costa_rica,Temperate,wc2.1_2.5m_bio_19,718
costa_rica,Temperate,wc2.1_2.5m_bio_2,10.08650016784668
costa_rica,Temperate,wc2.1_2.5m_bio_3,80.381866455078125
costa_rica,Temperate,wc2.1_2.5m_bio_4,61.659555435180664
costa_rica,Temperate,wc2.1_2.5m_bio_5,26.350000381469727
costa_rica,Temperate,wc2.1_2.5m_bio_6,13.796000003814697
costa_rica,Temperate,wc2.1_2.5m_bio_7,12.55400037765503
costa_rica,Temperate,wc2.1_2.5m_bio_8,19.77999973297119
costa_rica,Temperate,wc2.1_2.5m_bio_9,20.048666954040527
croatia,Boreal,wc2.1_2.5m_bio_1,7.478333473205566
croatia,Boreal,wc2.1_2.5m_bio_10,15.817000389099121
croatia,Boreal,wc2.1_2.5m_bio_11,-0.6663333177566528
croatia,Boreal,wc2.1_2.5m_bio_12,1458.5
croatia,Boreal,wc2.1_2.5m_bio_13,176
croatia,Boreal,wc2.1_2.5m_bio_14,86.5
croatia,Boreal,wc2.1_2.5m_bio_15,21.130253791809082
croatia,Boreal,wc2.1_2.5m_bio_16,470
croatia,Boreal,wc2.1_2.5m_bio_17,302
croatia,Boreal,wc2.1_2.5m_bio_18,309.5
croatia,Boreal,wc2.1_2.5m_bio_19,338.5
croatia,Boreal,wc2.1_2.5m_bio_2,9.299999713897705
croatia,Boreal,wc2.1_2.5m_bio_3,34.227046966552734
croatia,Boreal,wc2.1_2.5m_bio_4,670.9568786621094
croatia,Boreal,wc2.1_2.5m_bio_5,22.369999885559082
croatia,Boreal,wc2.1_2.5m_bio_6,-4.7799999713897705
croatia,Boreal,wc2.1_2.5m_bio_7,27.149999618530273
croatia,Boreal,wc2.1_2.5m_bio_8,3.8626668453216553
croatia,Boreal,wc2.1_2.5m_bio_9,8.178667068481445
croatia,Temperate,wc2.1_2.5m_bio_1,11.294474308307354
croatia,Temperate,wc2.1_2.5m_bio_10,20.248128230755146
croatia,Temperate,wc2.1_2.5m_bio_11,2.182581216096878
croatia,Temperate,wc2.1_2.5m_bio_12,911.6538461538462
croatia,Temperate,wc2.1_2.5m_bio_13,106.96153846153847
croatia,Temperate,wc2.1_2.5m_bio_14,48.84615384615385
croatia,Temperate,wc2.1_2.5m_bio_15,22.625068187713623
croatia,Temperate,wc2.1_2.5m_bio_16,289.5
croatia,Temperate,wc2.1_2.5m_bio_17,165.73076923076923
croatia,Temperate,wc2.1_2.5m_bio_18,233.26923076923077
croatia,Temperate,wc2.1_2.5m_bio_19,196.46153846153845
croatia,Temperate,wc2.1_2.5m_bio_2,9.565162401932936
croatia,Temperate,wc2.1_2.5m_bio_3,32.97569318918082
croatia,Temperate,wc2.1_2.5m_bio_4,732.2277456430288
croatia,Temperate,wc2.1_2.5m_bio_5,26.919435867896446
croatia,Temperate,wc2.1_2.5m_bio_6,-2.060974364097302
croatia,Temperate,wc2.1_2.5m_bio_7,28.980410429147575
croatia,Temperate,wc2.1_2.5m_bio_8,15.846324920654297
croatia,Temperate,wc2.1_2.5m_bio_9,7.773632526397705
cuba,Equatorial,wc2.1_2.5m_bio_1,25.190089690379608
cuba,Equatorial,wc2.1_2.5m_bio_10,27.33521353892791
cuba,Equatorial,wc2.1_2.5m_bio_11,22.64105967986278
cuba,Equatorial,wc2.1_2.5m_bio_12,1330.5128205128206
cuba,Equatorial,wc2.1_2.5m_bio_13,207.3846153846154
cuba,Equatorial,wc2.1_2.5m_bio_14,28.974358974358974
cuba,Equatorial,wc2.1_2.5m_bio_15,62.03947712824895
cuba,Equatorial,wc2.1_2.5m_bio_16,541.1794871794872
cuba,Equatorial,wc2.1_2.5m_bio_17,105.87179487179488
cuba,Equatorial,wc2.1_2.5m_bio_18,497.28205128205127
cuba,Equatorial,wc2.1_2.5m_bio_19,111.07692307692308
cuba,Equatorial,wc2.1_2.5m_bio_2,9.209871817857792
cuba,Equatorial,wc2.1_2.5m_bio_3,62.63286316700471
cuba,Equatorial,wc2.1_2.5m_bio_4,191.6127432798728
cuba,Equatorial,wc2.1_2.5m_bio_5,31.995076595208584
cuba,Equatorial,wc2.1_2.5m_bio_6,17.297538366073216
cuba,Equatorial,wc2.1_2.5m_bio_7,14.697538253588554
cuba,Equatorial,wc2.1_2.5m_bio_8,26.842170862051155
cuba,Equatorial,wc2.1_2.5m_bio_9,22.674700712546326
cyprus,Temperate,wc2.1_2.5m_bio_1,18.580049514770508
cyprus,Temperate,wc2.1_2.5m_bio_10,25.99259090423584
cyprus,Temperate,wc2.1_2.5m_bio_11,11.479303359985352
cyprus,Temperate,wc2.1_2.5m_bio_12,457
cyprus,Temperate,wc2.1_2.5m_bio_13,105
cyprus,Temperate,wc2.1_2.5m_bio_14,1
cyprus,Temperate,wc2.1_2.5m_bio_15,95.91363525390625
cyprus,Temperate,wc2.1_2.5m_bio_16,272.5
cyprus,Temperate,wc2.1_2.5m_bio_17,6.5
cyprus,Temperate,wc2.1_2.5m_bio_18,7
cyprus,Temperate,wc2.1_2.5m_bio_19,246.5
cyprus,Temperate,wc2.1_2.5m_bio_2,10.692992210388184
cyprus,Temperate,wc2.1_2.5m_bio_3,40.694047927856445
cyprus,Temperate,wc2.1_2.5m_bio_4,604.811767578125
cyprus,Temperate,wc2.1_2.5m_bio_5,32.62972640991211
cyprus,Temperate,wc2.1_2.5m_bio_6,6.3546364307403564
cyprus,Temperate,wc2.1_2.5m_bio_7,26.275090217590332
cyprus,Temperate,wc2.1_2.5m_bio_8,11.514530658721924
cyprus,Temperate,wc2.1_2.5m_bio_9,25.722424507141113
czech_republic,Boreal,wc2.1_2.5m_bio_1,7.71988734683475
czech_republic,Boreal,wc2.1_2.5m_bio_10,16.531837798453665
czech_republic,Boreal,wc2.1_2.5m_bio_11,-1.1462702563888318
czech_republic,Boreal,wc2.1_2.5m_bio_12,646
czech_republic,Boreal,wc2.1_2.5m_bio_13,89.72972972972973
czech_republic,Boreal,wc2.1_2.5m_bio_14,32.08108108108108
czech_republic,Boreal,wc2.1_2.5m_bio_15,37.79417862763276
czech_republic,Boreal,wc2.1_2.5m_bio_16,247.05405405405406
czech_republic,Boreal,wc2.1_2.5m_bio_17,105.1891891891892
czech_republic,Boreal,wc2.1_2.5m_bio_18,246.9189189189189
czech_republic,Boreal,wc2.1_2.5m_bio_19,112.45945945945945
czech_republic,Boreal,wc2.1_2.5m_bio_2,8.44444144738687
czech_republic,Boreal,wc2.1_2.5m_bio_3,30.873798988960885
czech_republic,Boreal,wc2.1_2.5m_bio_4,719.6755140149916
czech_republic,Boreal,wc2.1_2.5m_bio_5,22.707675624538112
czech_republic,Boreal,wc2.1_2.5m_bio_6,-4.635675642941449
czech_republic,Boreal,wc2.1_2.5m_bio_7,27.343351312585778
czech_republic,Boreal,wc2.1_2.5m_bio_8,16.3249549350223
czech_republic,Boreal,wc2.1_2.5m_bio_9,0.7903063148260117
czech_republic,Temperate,wc2.1_2.5m_bio_1,9.393166542053223
czech_republic,Temperate,wc2.1_2.5m_bio_10,18.1560001373291
czech_republic,Temperate,wc2.1_2.5m_bio_11,0.6299999952316284
czech_republic,Temperate,wc2.1_2.5m_bio_12,509
czech_republic,Temperate,wc2.1_2.5m_bio_13,77
czech_republic,Temperate,wc2.1_2.5m_bio_14,21
czech_republic,Temperate,wc2.1_2.5m_bio_15,47.836727142333984
czech_republic,Temperate,wc2.1_2.5m_bio_16,213
czech_republic,Temperate,wc2.1_2.5m_bio_17,69
czech_republic,Temperate,wc2.1_2.5m_bio_18,213
czech_republic,Temperate,wc2.1_2.5m_bio_19,69
czech_republic,Temperate,wc2.1_2.5m_bio_2,8.057000160217285
czech_republic,Temperate,wc2.1_2.5m_bio_3,29.947219848632812
czech_republic,Temperate,wc2.1_2.5m_bio_4,714.3382568359375
czech_republic,Temperate,wc2.1_2.5m_bio_5,24.22800064086914
czech_republic,Temperate,wc2.1_2.5m_bio_6,-2.675999879837036
czech_republic,Temperate,wc2.1_2.5m_bio_7,26.904001235961914
czech_republic,Temperate,wc2.1_2.5m_bio_8,18.1560001373291
czech_republic,Temperate,wc2.1_2.5m_bio_9,0.6299999952316284
democratic_republic_of_the_congo,Equatorial,wc2.1_2.5m_bio_1,23.892285047515706
democratic_republic_of_the_congo,Equatorial,wc2.1_2.5m_bio_10,24.623580359384377
democratic_republic_of_the_congo,Equatorial,wc2.1_2.5m_bio_11,23.067557932552944
democratic_republic_of_the_congo,Equatorial,wc2.1_2.5m_bio_12,1579.446091644205
democratic_republic_of_the_congo,Equatorial,wc2.1_2.5m_bio_13,219.10377358490567
democratic_republic_of_the_congo,Equatorial,wc2.1_2.5m_bio_14,34.05929919137466
democratic_republic_of_the_congo,Equatorial,wc2.1_2.5m_bio_15,52.513228118258986
democratic_republic_of_the_congo,Equatorial,wc2.1_2.5m_bio_16,598.9070080862533
democratic_republic_of_the_congo,Equatorial,wc2.1_2.5m_bio_17,138.6064690026954
democratic_republic_of_the_congo,Equatorial,wc2.1_2.5m_bio_18,396.18194070080864
democratic_republic_of_the_congo,Equatorial,wc2.1_2.5m_bio_19,281.6253369272237
democratic_republic_of_the_congo,Equatorial,wc2.1_2.5m_bio_2,10.631563794580753
democratic_republic_of_the_congo,Equatorial,wc2.1_2.5m_bio_3,78.8156992662949
democratic_republic_of_the_congo,Equatorial,wc2.1_2.5m_bio_4,65.81524419527491
democratic_republic_of_the_congo,Equatorial,wc2.1_2.5m_bio_5,30.673530971907542
democratic_republic_of_the_congo,Equatorial,wc2.1_2.5m_bio_6,16.916528350902052
democratic_republic_of_the_congo,Equatorial,wc2.1_2.5m_bio_7,13.757002622290763
democratic_republic_of_the_congo,Equatorial,wc2.1_2.5m_bio_8,23.778756533671583
democratic_republic_of_the_congo,Equatorial,wc2.1_2.5m_bio_9,23.411513919778912
democratic_republic_of_the_congo,Temperate,wc2.1_2.5m_bio_1,18.432434828385063
democratic_republic_of_the_congo,Temperate,wc2.1_2.5m_bio_10,19.99681165943975
democratic_republic_of_the_congo,Temperate,wc2.1_2.5m_bio_11,16.15084055195684
democratic_republic_of_the_congo,Temperate,wc2.1_2.5m_bio_12,1332.695652173913
democratic_republic_of_the_congo,Temperate,wc2.1_2.5m_bio_13,240.82608695652175
democratic_republic_of_the_congo,Temperate,wc2.1_2.5m_bio_14,11.217391304347826
democratic_republic_of_the_congo,Temperate,wc2.1_2.5m_bio_15,87.11779511493185
democratic_republic_of_the_congo,Temperate,wc2.1_2.5m_bio_16,680.2173913043479
democratic_republic_of_the_congo,Temperate,wc2.1_2.5m_bio_17,49.391304347826086
democratic_republic_of_the_congo,Temperate,wc2.1_2.5m_bio_18,319.7391304347826
democratic_republic_of_the_congo,Temperate,wc2.1_2.5m_bio_19,90.65217391304348
democratic_republic_of_the_congo,Temperate,wc2.1_2.5m_bio_2,12.60344936536706
democratic_republic_of_the_congo,Temperate,wc2.1_2.5m_bio_3,67.69730509882388
democratic_republic_of_the_congo,Temperate,wc2.1_2.5m_bio_4,162.30321494392726
democratic_republic_of_the_congo,Temperate,wc2.1_2.5m_bio_5,27.5085216190504
democratic_republic_of_the_congo,Temperate,wc2.1_2.5m_bio_6,7.993217343869417
democratic_republic_of_the_congo,Temperate,wc2.1_2.5m_bio_7,19.515304316645082
democratic_republic_of_the_congo,Temperate,wc2.1_2.5m_bio_8,19.126376691071883
democratic_republic_of_the_congo,Temperate,wc2.1_2.5m_bio_9,16.27652184859566
denmark,Temperate,wc2.1_2.5m_bio_1,8.129431388996265
denmark,Temperate,wc2.1_2.5m_bio_10,15.70032352871365
denmark,Temperate,wc2.1_2.5m_bio_11,1.0939111174256713
denmark,Temperate,wc2.1_2.5m_bio_12,690.5555555555555
denmark,Temperate,wc2.1_2.5m_bio_13,77.29629629629629
denmark,Temperate,wc2.1_2.5m_bio_14,36.666666666666664
denmark,Temperate,wc2.1_2.5m_bio_15,23.593903294316046
denmark,Temperate,wc2.1_2.5m_bio_16,222.55555555555554
denmark,Temperate,wc2.1_2.5m_bio_17,121.07407407407408
denmark,Temperate,wc2.1_2.5m_bio_18,184.25925925925927
denmark,Temperate,wc2.1_2.5m_bio_19,155.1851851851852
denmark,Temperate,wc2.1_2.5m_bio_2,6.152317011797869
denmark,Temperate,wc2.1_2.5m_bio_3,27.641823521366828
denmark,Temperate,wc2.1_2.5m_bio_4,604.8290495695891
denmark,Temperate,wc2.1_2.5m_bio_5,20.3036951135706
denmark,Temperate,wc2.1_2.5m_bio_6,-1.8606596059269376
denmark,Temperate,wc2.1_2.5m_bio_7,22.164354889481157
denmark,Temperate,wc2.1_2.5m_bio_8,11.069563936304164
denmark,Temperate,wc2.1_2.5m_bio_9,3.5403951627236827
djibouti,Arid,wc2.1_2.5m_bio_1,28.60237911769322
djibouti,Arid,wc2.1_2.5m_bio_10,33.20285742623465
djibouti,Arid,wc2.1_2.5m_bio_11,24.203982489449636
djibouti,Arid,wc2.1_2.5m_bio_12,150.42857142857142
djibouti,Arid,wc2.1_2.5m_bio_13,26.857142857142858
djibouti,Arid,wc2.1_2.5m_bio_14,2.7142857142857144
djibouti,Arid,wc2.1_2.5m_bio_15,52.076010022844585
djibouti,Arid,wc2.1_2.5m_bio_16,62
djibouti,Arid,wc2.1_2.5m_bio_17,20.285714285714285
djibouti,Arid,wc2.1_2.5m_bio_18,45.142857142857146
djibouti,Arid,wc2.1_2.5m_bio_19,31.714285714285715
djibouti,Arid,wc2.1_2.5m_bio_2,8.804316248212542
djibouti,Arid,wc2.1_2.5m_bio_3,46.5586427961077
djibouti,Arid,wc2.1_2.5m_bio_4,371.2182878766741
djibouti,Arid,wc2.1_2.5m_bio_5,38.66903904506138
djibouti,Arid,wc2.1_2.5m_bio_6,19.801142828805105
djibouti,Arid,wc2.1_2.5m_bio_7,18.867896216256277
djibouti,Arid,wc2.1_2.5m_bio_8,30.88610294886998
djibouti,Arid,wc2.1_2.5m_bio_9,30.79081426348005
dominican_republic,Arid,wc2.1_2.5m_bio_1,26.397666931152344
dominican_republic,Arid,wc2.1_2.5m_bio_10,27.660667419433594
dominican_republic,Arid,wc2.1_2.5m_bio_11,24.906665802001953
dominican_republic,Arid,wc2.1_2.5m_bio_12,807
dominican_republic,Arid,wc2.1_2.5m_bio_13,128
dominican_republic,Arid,wc2.1_2.5m_bio_14,18
dominican_republic,Arid,wc2.1_2.5m_bio_15,62.10708999633789
dominican_republic,Arid,wc2.1_2.5m_bio_16,337
dominican_republic,Arid,wc2.1_2.5m_bio_17,65
dominican_republic,Arid,wc2.1_2.5m_bio_18,257
dominican_republic,Arid,wc2.1_2.5m_bio_19,65
dominican_republic,Arid,wc2.1_2.5m_bio_2,10.585332870483398
dominican_republic,Arid,wc2.1_2.5m_bio_3,76.285186767578125
dominican_republic,Arid,wc2.1_2.5m_bio_4,109.24349975585938
dominican_republic,Arid,wc2.1_2.5m_bio_5,33.060001373291016
dominican_republic,Arid,wc2.1_2.5m_bio_6,19.18400001525879
dominican_republic,Arid,wc2.1_2.5m_bio_7,13.876001358032227
dominican_republic,Arid,wc2.1_2.5m_bio_8,27.41266632080078
dominican_republic,Arid,wc2.1_2.5m_bio_9,24.906665802001953
dominican_republic,Equatorial,wc2.1_2.5m_bio_1,25.299056126521183
dominican_republic,Equatorial,wc2.1_2.5m_bio_10,26.690732662494366
dominican_republic,Equatorial,wc2.1_2.5m_bio_11,23.587434475238506
dominican_republic,Equatorial,wc2.1_2.5m_bio_12,1510.4615384615386
dominican_republic,Equatorial,wc2.1_2.5m_bio_13,202
dominican_republic,Equatorial,wc2.1_2.5m_bio_14,59.46153846153846
dominican_republic,Equatorial,wc2.1_2.5m_bio_15,40.21326153094952
dominican_republic,Equatorial,wc2.1_2.5m_bio_16,524.2307692307693
dominican_republic,Equatorial,wc2.1_2.5m_bio_17,203.46153846153845
dominican_republic,Equatorial,wc2.1_2.5m_bio_18,426.38461538461536
dominican_republic,Equatorial,wc2.1_2.5m_bio_19,251.53846153846155
dominican_republic,Equatorial,wc2.1_2.5m_bio_2,10.403591889601488
dominican_republic,Equatorial,wc2.1_2.5m_bio_3,74.9248798076923
dominican_republic,Equatorial,wc2.1_2.5m_bio_4,128.52953573373648
dominican_republic,Equatorial,wc2.1_2.5m_bio_5,32.009319452139046
dominican_republic,Equatorial,wc2.1_2.5m_bio_6,18.11342767568735
dominican_republic,Equatorial,wc2.1_2.5m_bio_7,13.895891776451698
dominican_republic,Equatorial,wc2.1_2.5m_bio_8,25.850076235257664
dominican_republic,Equatorial,wc2.1_2.5m_bio_9,24.299131393432617
dominican_republic,Temperate,wc2.1_2.5m_bio_1,17.634166717529297
dominican_republic,Temperate,wc2.1_2.5m_bio_10,19.00333309173584
dominican_republic,Temperate,wc2.1_2.5m_bio_11,15.898333549499512
dominican_republic,Temperate,wc2.1_2.5m_bio_12,1306.5
dominican_republic,Temperate,wc2.1_2.5m_bio_13,204
dominican_republic,Temperate,wc2.1_2.5m_bio_14,31
dominican_republic,Temperate,wc2.1_2.5m_bio_15,53.59981155395508
dominican_republic,Temperate,wc2.1_2.5m_bio_16,494
dominican_republic,Temperate,wc2.1_2.5m_bio_17,115
dominican_republic,Temperate,wc2.1_2.5m_bio_18,421.5
dominican_republic,Temperate,wc2.1_2.5m_bio_19,115
dominican_republic,Temperate,wc2.1_2.5m_bio_2,10.576000213623047
dominican_republic,Temperate,wc2.1_2.5m_bio_3,72.59975814819336
dominican_republic,Temperate,wc2.1_2.5m_bio_4,126.92935943603516
dominican_republic,Temperate,wc2.1_2.5m_bio_5,24.366000175476074
dominican_republic,Temperate,wc2.1_2.5m_bio_6,9.808000087738037
dominican_republic,Temperate,wc2.1_2.5m_bio_7,14.558000087738037
dominican_republic,Temperate,wc2.1_2.5m_bio_8,18.848000526428223
dominican_republic,Temperate,wc2.1_2.5m_bio_9,15.898333549499512
east_timor,Equatorial,wc2.1_2.5m_bio_1,24.89966697692871
east_timor,Equatorial,wc2.1_2.5m_bio_10,26.076399993896484
east_timor,Equatorial,wc2.1_2.5m_bio_11,23.446400451660157
east_timor,Equatorial,wc2.1_2.5m_bio_12,1551
east_timor,Equatorial,wc2.1_2.5m_bio_13,261.4
east_timor,Equatorial,wc2.1_2.5m_bio_14,11
east_timor,Equatorial,wc2.1_2.5m_bio_15,71.57643051147461
east_timor,Equatorial,wc2.1_2.5m_bio_16,723.4
east_timor,Equatorial,wc2.1_2.5m_bio_17,55.4
east_timor,Equatorial,wc2.1_2.5m_bio_18,540.2
east_timor,Equatorial,wc2.1_2.5m_bio_19,172.6
east_timor,Equatorial,wc2.1_2.5m_bio_2,8.404266738891602
east_timor,Equatorial,wc2.1_2.5m_bio_3,69.40812377929687
east_timor,Equatorial,wc2.1_2.5m_bio_4,106.50213623046875
east_timor,Equatorial,wc2.1_2.5m_bio_5,30.70880012512207
east_timor,Equatorial,wc2.1_2.5m_bio_6,18.589599609375
east_timor,Equatorial,wc2.1_2.5m_bio_7,12.119200515747071
east_timor,Equatorial,wc2.1_2.5m_bio_8,25.676932907104494
east_timor,Equatorial,wc2.1_2.5m_bio_9,24.17439994812012
ecuador,Arid,wc2.1_2.5m_bio_1,24.15404224395752
ecuador,Arid,wc2.1_2.5m_bio_10,25.84950065612793
ecuador,Arid,wc2.1_2.5m_bio_11,22.587166786193848
ecuador,Arid,wc2.1_2.5m_bio_12,429.75
ecuador,Arid,wc2.1_2.5m_bio_13,152
ecuador,Arid,wc2.1_2.5m_bio_14,2.5
ecuador,Arid,wc2.1_2.5m_bio_15,131.39350700378418
ecuador,Arid,wc2.1_2.5m_bio_16,322
ecuador,Arid,wc2.1_2.5m_bio_17,11.5
ecuador,Arid,wc2.1_2.5m_bio_18,307
ecuador,Arid,wc2.1_2.5m_bio_19,15
ecuador,Arid,wc2.1_2.5m_bio_2,9.899250030517578
ecuador,Arid,wc2.1_2.5m_bio_3,73.18162155151367
ecuador,Arid,wc2.1_2.5m_bio_4,136.64749336242676
ecuador,Arid,wc2.1_2.5m_bio_5,30.678999423980713
ecuador,Arid,wc2.1_2.5m_bio_6,17.173999786376953
ecuador,Arid,wc2.1_2.5m_bio_7,13.50499963760376
ecuador,Arid,wc2.1_2.5m_bio_8,25.760833263397217
ecuador,Arid,wc2.1_2.5m_bio_9,22.863166332244873
ecuador,Equatorial,wc2.1_2.5m_bio_1,24.11032770447812
ecuador,Equatorial,wc2.1_2.5m_bio_10,24.814463243646138
ecuador,Equatorial,wc2.1_2.5m_bio_11,23.346666594683114
ecuador,Equatorial,wc2.1_2.5m_bio_12,2356.35593220339
ecuador,Equatorial,wc2.1_2.5m_bio_13,325.59322033898303
ecuador,Equatorial,wc2.1_2.5m_bio_14,110.94915254237289
ecuador,Equatorial,wc2.1_2.5m_bio_15,54.76587502431061
ecuador,Equatorial,wc2.1_2.5m_bio_16,903.7457627118644
ecuador,Equatorial,wc2.1_2.5m_bio_17,356.49152542372883
ecuador,Equatorial,wc2.1_2.5m_bio_18,714.5932203389831
ecuador,Equatorial,wc2.1_2.5m_bio_19,494.3728813559322
ecuador,Equatorial,wc2.1_2.5m_bio_2,9.337028212466482
ecuador,Equatorial,wc2.1_2.5m_bio_3,83.63627107264632
ecuador,Equatorial,wc2.1_2.5m_bio_4,61.20242286940753
ecuador,Equatorial,wc2.1_2.5m_bio_5,29.778440669431525
ecuador,Equatorial,wc2.1_2.5m_bio_6,18.581559294361178
ecuador,Equatorial,wc2.1_2.5m_bio_7,11.196881375070346
ecuador,Equatorial,wc2.1_2.5m_bio_8,24.378497204538117
ecuador,Equatorial,wc2.1_2.5m_bio_9,23.893920866109557
ecuador,Polar,wc2.1_2.5m_bio_1,7.880785805838449
ecuador,Polar,wc2.1_2.5m_bio_10,8.217142990657262
ecuador,Polar,wc2.1_2.5m_bio_11,7.255714348384312
ecuador,Polar,wc2.1_2.5m_bio_12,884.7142857142857
ecuador,Polar,wc2.1_2.5m_bio_13,108.28571428571429
ecuador,Polar,wc2.1_2.5m_bio_14,40.57142857142857
ecuador,Polar,wc2.1_2.5m_bio_15,29.781397683279856
ecuador,Polar,wc2.1_2.5m_bio_16,302.7142857142857
ecuador,Polar,wc2.1_2.5m_bio_17,147.57142857142858
ecuador,Polar,wc2.1_2.5m_bio_18,236.42857142857142
ecuador,Polar,wc2.1_2.5m_bio_19,163
ecuador,Polar,wc2.1_2.5m_bio_2,10.500714302062988
ecuador,Polar,wc2.1_2.5m_bio_3,86.63062286376953
ecuador,Polar,wc2.1_2.5m_bio_4,42.9049437386649
ecuador,Polar,wc2.1_2.5m_bio_5,13.904571533203125
ecuador,Polar,wc2.1_2.5m_bio_6,1.7834286051137107
ecuador,Polar,wc2.1_2.5m_bio_7,12.121142932346888
ecuador,Polar,wc2.1_2.5m_bio_8,8.04590470450265
ecuador,Polar,wc2.1_2.5m_bio_9,7.429047652653286
ecuador,Temperate,wc2.1_2.5m_bio_1,15.749844296773274
ecuador,Temperate,wc2.1_2.5m_bio_10,16.034444427490236
ecuador,Temperate,wc2.1_2.5m_bio_11,15.299688975016275
ecuador,Temperate,wc2.1_2.5m_bio_12,1246
ecuador,Temperate,wc2.1_2.5m_bio_13,170.06666666666666
ecuador,Temperate,wc2.1_2.5m_bio_14,51.93333333333333
ecuador,Temperate,wc2.1_2.5m_bio_15,38.99502792358398
ecuador,Temperate,wc2.1_2.5m_bio_16,458.73333333333335
ecuador,Temperate,wc2.1_2.5m_bio_17,179.2
ecuador,Temperate,wc2.1_2.5m_bio_18,288.6
ecuador,Temperate,wc2.1_2.5m_bio_19,338.6666666666667
ecuador,Temperate,wc2.1_2.5m_bio_2,10.177733421325684
ecuador,Temperate,wc2.1_2.5m_bio_3,86.87890014648437
ecuador,Temperate,wc2.1_2.5m_bio_4,31.577889188130698
ecuador,Temperate,wc2.1_2.5m_bio_5,21.793866793314617
ecuador,Temperate,wc2.1_2.5m_bio_6,10.06693344116211
ecuador,Temperate,wc2.1_2.5m_bio_7,11.726933352152507
ecuador,Temperate,wc2.1_2.5m_bio_8,15.705333201090495
ecuador,Temperate,wc2.1_2.5m_bio_9,15.711333147684734
egypt,Arid,wc2.1_2.5m_bio_1,22.266063553193657
egypt,Arid,wc2.1_2.5m_bio_10,29.34076433550587
egypt,Arid,wc2.1_2.5m_bio_11,13.957819496070483
egypt,Arid,wc2.1_2.5m_bio_12,19.284530386740332
egypt,Arid,wc2.1_2.5m_bio_13,4.8812154696132595
egypt,Arid,wc2.1_2.5m_bio_14,0.0027624309392265192
egypt,Arid,wc2.1_2.5m_bio_15,46.60385190320937
egypt,Arid,wc2.1_2.5m_bio_16,11.91988950276243
egypt,Arid,wc2.1_2.5m_bio_17,0.09668508287292818
egypt,Arid,wc2.1_2.5m_bio_18,0.5165745856353591
egypt,Arid,wc2.1_2.5m_bio_19,10.707182320441989
egypt,Arid,wc2.1_2.5m_bio_2,14.730751372174005
egypt,Arid,wc2.1_2.5m_bio_3,47.267924177053885
egypt,Arid,wc2.1_2.5m_bio_4,633.4553923211704
egypt,Arid,wc2.1_2.5m_bio_5,37.03979000070477
egypt,Arid,wc2.1_2.5m_bio_6,5.906519331984757
egypt,Arid,wc2.1_2.5m_bio_7,31.133270627227276
egypt,Arid,wc2.1_2.5m_bio_8,17.783180481821134
egypt,Arid,wc2.1_2.5m_bio_9,23.12939233411083
el_salvador,Equatorial,wc2.1_2.5m_bio_1,24.04147638593401
el_salvador,Equatorial,wc2.1_2.5m_bio_10,25.207905088152206
el_salvador,Equatorial,wc2.1_2.5m_bio_11,23.12923867361886
el_salvador,Equatorial,wc2.1_2.5m_bio_12,1850.4285714285713
el_salvador,Equatorial,wc2.1_2.5m_bio_13,372.42857142857144
el_salvador,Equatorial,wc2.1_2.5m_bio_14,2.857142857142857
el_salvador,Equatorial,wc2.1_2.5m_bio_15,95.0322025844029
el_salvador,Equatorial,wc2.1_2.5m_bio_16,965.4285714285714
el_salvador,Equatorial,wc2.1_2.5m_bio_17,15.285714285714286
el_salvador,Equatorial,wc2.1_2.5m_bio_18,264.85714285714283
el_salvador,Equatorial,wc2.1_2.5m_bio_19,273
el_salvador,Equatorial,wc2.1_2.5m_bio_2,10.970190729413714
el_salvador,Equatorial,wc2.1_2.5m_bio_3,75.15081024169922
el_salvador,Equatorial,wc2.1_2.5m_bio_4,83.74556187220982
el_salvador,Equatorial,wc2.1_2.5m_bio_5,31.6182861328125
el_salvador,Equatorial,wc2.1_2.5m_bio_6,17.0160003389631
el_salvador,Equatorial,wc2.1_2.5m_bio_7,14.6022857938494
el_salvador,Equatorial,wc2.1_2.5m_bio_8,23.85580962044852
el_salvador,Equatorial,wc2.1_2.5m_bio_9,23.479047775268555
equatorial_guinea,Equatorial,wc2.1_2.5m_bio_1,23.727462980482315
equatorial_guinea,Equatorial,wc2.1_2.5m_bio_10,24.564296298556858
equatorial_guinea,Equatorial,wc2.1_2.5m_bio_11,22.614296171400284
equatorial_guinea,Equatorial,wc2.1_2.5m_bio_12,2200.3333333333335
equatorial_guinea,Equatorial,wc2.1_2.5m_bio_13,382.77777777777777
equatorial_guinea,Equatorial,wc2.1_2.5m_bio_14,25.11111111111111
equatorial_guinea,Equatorial,wc2.1_2.5m_bio_15,59.57630962795682
equatorial_guinea,Equatorial,wc2.1_2.5m_bio_16,908.4444444444445
equatorial_guinea,Equatorial,wc2.1_2.5m_bio_17,168.33333333333334
equatorial_guinea,Equatorial,wc2.1_2.5m_bio_18,603.1111111111111
equatorial_guinea,Equatorial,wc2.1_2.5m_bio_19,317.8888888888889
equatorial_guinea,Equatorial,wc2.1_2.5m_bio_2,7.93922233581543
equatorial_guinea,Equatorial,wc2.1_2.5m_bio_3,75.38334062364366
equatorial_guinea,Equatorial,wc2.1_2.5m_bio_4,81.89075215657552
equatorial_guinea,Equatorial,wc2.1_2.5m_bio_5,29.19111082288954
equatorial_guinea,Equatorial,wc2.1_2.5m_bio_6,18.658666610717773
equatorial_guinea,Equatorial,wc2.1_2.5m_bio_7,10.532444212171766
equatorial_guinea,Equatorial,wc2.1_2.5m_bio_8,23.419185426500107
equatorial_guinea,Equatorial,wc2.1_2.5m_bio_9,22.79585181342231
eritrea,Arid,wc2.1_2.5m_bio_1,25.775844955444335
eritrea,Arid,wc2.1_2.5m_bio_10,28.67443218231201
eritrea,Arid,wc2.1_2.5m_bio_11,22.785068035125732
eritrea,Arid,wc2.1_2.5m_bio_12,366.9
eritrea,Arid,wc2.1_2.5m_bio_13,94.375
eritrea,Arid,wc2.1_2.5m_bio_14,5.225
eritrea,Arid,wc2.1_2.5m_bio_15,92.45528678894043
eritrea,Arid,wc2.1_2.5m_bio_16,220.75
eritrea,Arid,wc2.1_2.5m_bio_17,25.55
eritrea,Arid,wc2.1_2.5m_bio_18,88.525
eritrea,Arid,wc2.1_2.5m_bio_19,52
eritrea,Arid,wc2.1_2.5m_bio_2,12.738515424728394
eritrea,Arid,wc2.1_2.5m_bio_3,63.87049579620361
eritrea,Arid,wc2.1_2.5m_bio_4,240.87443504333496
eritrea,Arid,wc2.1_2.5m_bio_5,35.924976873397824
eritrea,Arid,wc2.1_2.5m_bio_6,15.987923121452331
eritrea,Arid,wc2.1_2.5m_bio_7,19.937053775787355
eritrea,Arid,wc2.1_2.5m_bio_8,26.231801319122315
eritrea,Arid,wc2.1_2.5m_bio_9,25.0697359085083
estonia,Boreal,wc2.1_2.5m_bio_1,5.423222241578279
estonia,Boreal,wc2.1_2.5m_bio_10,15.894197569953072
estonia,Boreal,wc2.1_2.5m_bio_11,-4.569432126151191
estonia,Boreal,wc2.1_2.5m_bio_12,650.8148148148148
estonia,Boreal,wc2.1_2.5m_bio_13,80
estonia,Boreal,wc2.1_2.5m_bio_14,30.77777777777778
estonia,Boreal,wc2.1_2.5m_bio_15,33.20022801999693
estonia,Boreal,wc2.1_2.5m_bio_16,227.37037037037038
estonia,Boreal,wc2.1_2.5m_bio_17,97.92592592592592
estonia,Boreal,wc2.1_2.5m_bio_18,214.74074074074073
estonia,Boreal,wc2.1_2.5m_bio_19,121.74074074074075
estonia,Boreal,wc2.1_2.5m_bio_2,7.556345674726698
estonia,Boreal,wc2.1_2.5m_bio_3,24.540818885520654
estonia,Boreal,wc2.1_2.5m_bio_4,834.905603479456
estonia,Boreal,wc2.1_2.5m_bio_5,22.18222208376284
estonia,Boreal,wc2.1_2.5m_bio_6,-8.567407413765237
estonia,Boreal,wc2.1_2.5m_bio_7,30.749629338582356
estonia,Boreal,wc2.1_2.5m_bio_8,14.081111113230387
estonia,Boreal,wc2.1_2.5m_bio_9,-1.422123443197321
eswatini,Arid,wc2.1_2.5m_bio_1,21.872000376383465
eswatini,Arid,wc2.1_2.5m_bio_10,25.27488899230957
eswatini,Arid,wc2.1_2.5m_bio_11,17.666444142659504
eswatini,Arid,wc2.1_2.5m_bio_12,708.6666666666666
eswatini,Arid,wc2.1_2.5m_bio_13,127.66666666666667
eswatini,Arid,wc2.1_2.5m_bio_14,9.333333333333334
eswatini,Arid,wc2.1_2.5m_bio_15,72.00392405192058
eswatini,Arid,wc2.1_2.5m_bio_16,345.6666666666667
eswatini,Arid,wc2.1_2.5m_bio_17,34.666666666666664
eswatini,Arid,wc2.1_2.5m_bio_18,345.6666666666667
eswatini,Arid,wc2.1_2.5m_bio_19,34.666666666666664
eswatini,Arid,wc2.1_2.5m_bio_2,12.75333309173584
eswatini,Arid,wc2.1_2.5m_bio_3,59.333272298177086
eswatini,Arid,wc2.1_2.5m_bio_4,312.43299357096356
eswatini,Arid,wc2.1_2.5m_bio_5,31.127999623616535
eswatini,Arid,wc2.1_2.5m_bio_6,9.618666966756185
eswatini,Arid,wc2.1_2.5m_bio_7,21.50933265686035
eswatini,Arid,wc2.1_2.5m_bio_8,25.27488899230957
eswatini,Arid,wc2.1_2.5m_bio_9,17.666444142659504
eswatini,Temperate,wc2.1_2.5m_bio_1,18.9910831451416
eswatini,Temperate,wc2.1_2.5m_bio_10,21.741666793823242
eswatini,Temperate,wc2.1_2.5m_bio_11,15.575000286102295
eswatini,Temperate,wc2.1_2.5m_bio_12,1027.5
eswatini,Temperate,wc2.1_2.5m_bio_13,177.5
eswatini,Temperate,wc2.1_2.5m_bio_14,12.5
eswatini,Temperate,wc2.1_2.5m_bio_15,72.7318229675293
eswatini,Temperate,wc2.1_2.5m_bio_16,496
eswatini,Temperate,wc2.1_2.5m_bio_17,49.5
eswatini,Temperate,wc2.1_2.5m_bio_18,496
eswatini,Temperate,wc2.1_2.5m_bio_19,51
eswatini,Temperate,wc2.1_2.5m_bio_2,12.096833229064941
eswatini,Temperate,wc2.1_2.5m_bio_3,63.016653060913086
eswatini,Temperate,wc2.1_2.5m_bio_4,252.8633575439453
eswatini,Temperate,wc2.1_2.5m_bio_5,27.088000297546387
eswatini,Temperate,wc2.1_2.5m_bio_6,7.894000053405762
eswatini,Temperate,wc2.1_2.5m_bio_7,19.194000244140625
eswatini,Temperate,wc2.1_2.5m_bio_8,21.741666793823242
eswatini,Temperate,wc2.1_2.5m_bio_9,15.673333168029785
ethiopia,Arid,wc2.1_2.5m_bio_1,25.252635392275725
ethiopia,Arid,wc2.1_2.5m_bio_10,26.999431783502754
ethiopia,Arid,wc2.1_2.5m_bio_11,23.493507612835277
ethiopia,Arid,wc2.1_2.5m_bio_12,423.3238636363636
ethiopia,Arid,wc2.1_2.5m_bio_13,104.86931818181819
ethiopia,Arid,wc2.1_2.5m_bio_14,4.840909090909091
ethiopia,Arid,wc2.1_2.5m_bio_15,96.75919454747981
ethiopia,Arid,wc2.1_2.5m_bio_16,219.10795454545453
ethiopia,Arid,wc2.1_2.5m_bio_17,21.943181818181817
ethiopia,Arid,wc2.1_2.5m_bio_18,142.88636363636363
ethiopia,Arid,wc2.1_2.5m_bio_19,40.36363636363637
ethiopia,Arid,wc2.1_2.5m_bio_2,12.32606246525591
ethiopia,Arid,wc2.1_2.5m_bio_3,70.33022986758839
ethiopia,Arid,wc2.1_2.5m_bio_4,145.7601459676569
ethiopia,Arid,wc2.1_2.5m_bio_5,34.25184084068645
ethiopia,Arid,wc2.1_2.5m_bio_6,16.63402272896333
ethiopia,Arid,wc2.1_2.5m_bio_7,17.617818171327766
ethiopia,Arid,wc2.1_2.5m_bio_8,26.333435622128572
ethiopia,Arid,wc2.1_2.5m_bio_9,24.090155260129407
ethiopia,Equatorial,wc2.1_2.5m_bio_1,22.15224248712713
ethiopia,Equatorial,wc2.1_2.5m_bio_10,23.957526072982915
ethiopia,Equatorial,wc2.1_2.5m_bio_11,20.745796140560433
ethiopia,Equatorial,wc2.1_2.5m_bio_12,1146.7438016528927
ethiopia,Equatorial,wc2.1_2.5m_bio_13,232.38842975206612
ethiopia,Equatorial,wc2.1_2.5m_bio_14,11.37190082644628
ethiopia,Equatorial,wc2.1_2.5m_bio_15,86.43640130413465
ethiopia,Equatorial,wc2.1_2.5m_bio_16,605.5454545454545
ethiopia,Equatorial,wc2.1_2.5m_bio_17,46.768595041322314
ethiopia,Equatorial,wc2.1_2.5m_bio_18,167.94214876033058
ethiopia,Equatorial,wc2.1_2.5m_bio_19,489.1404958677686
ethiopia,Equatorial,wc2.1_2.5m_bio_2,13.92391736842384
ethiopia,Equatorial,wc2.1_2.5m_bio_3,72.65027385112668
ethiopia,Equatorial,wc2.1_2.5m_bio_4,131.83914323286578
ethiopia,Equatorial,wc2.1_2.5m_bio_5,32.25292558906492
ethiopia,Equatorial,wc2.1_2.5m_bio_6,13.013355393055058
ethiopia,Equatorial,wc2.1_2.5m_bio_7,19.239570184187457
ethiopia,Equatorial,wc2.1_2.5m_bio_8,21.434490416660783
ethiopia,Equatorial,wc2.1_2.5m_bio_9,22.071256148913676
ethiopia,Temperate,wc2.1_2.5m_bio_1,16.361105623379558
ethiopia,Temperate,wc2.1_2.5m_bio_10,17.682319251584335
ethiopia,Temperate,wc2.1_2.5m_bio_11,15.265840409507215
ethiopia,Temperate,wc2.1_2.5m_bio_12,1209.7323943661972
ethiopia,Temperate,wc2.1_2.5m_bio_13,248.3943661971831
ethiopia,Temperate,wc2.1_2.5m_bio_14,14.71830985915493
ethiopia,Temperate,wc2.1_2.5m_bio_15,83.23648742890694
ethiopia,Temperate,wc2.1_2.5m_bio_16,627.9859154929577
ethiopia,Temperate,wc2.1_2.5m_bio_17,62.32394366197183
ethiopia,Temperate,wc2.1_2.5m_bio_18,265.4507042253521
ethiopia,Temperate,wc2.1_2.5m_bio_19,372.11267605633805
ethiopia,Temperate,wc2.1_2.5m_bio_2,14.424887401956907
ethiopia,Temperate,wc2.1_2.5m_bio_3,76.28844978439976
ethiopia,Temperate,wc2.1_2.5m_bio_4,100.95974016861177
ethiopia,Temperate,wc2.1_2.5m_bio_5,25.884056386813313
ethiopia,Temperate,wc2.1_2.5m_bio_6,6.954760594267241
ethiopia,Temperate,wc2.1_2.5m_bio_7,18.92929575476848
ethiopia,Temperate,wc2.1_2.5m_bio_8,15.90145534193012
ethiopia,Temperate,wc2.1_2.5m_bio_9,15.834676151544276
falkland_islands,Temperate,wc2.1_2.5m_bio_1,6.473449110984802
falkland_islands,Temperate,wc2.1_2.5m_bio_10,9.881817102432251
falkland_islands,Temperate,wc2.1_2.5m_bio_11,3.098511576652527
falkland_islands,Temperate,wc2.1_2.5m_bio_12,557.75
falkland_islands,Temperate,wc2.1_2.5m_bio_13,67
falkland_islands,Temperate,wc2.1_2.5m_bio_14,32.75
falkland_islands,Temperate,wc2.1_2.5m_bio_15,20.48780345916748
falkland_islands,Temperate,wc2.1_2.5m_bio_16,168.5
falkland_islands,Temperate,wc2.1_2.5m_bio_17,107.5
falkland_islands,Temperate,wc2.1_2.5m_bio_18,168.5
falkland_islands,Temperate,wc2.1_2.5m_bio_19,126
falkland_islands,Temperate,wc2.1_2.5m_bio_2,5.899951457977295
falkland_islands,Temperate,wc2.1_2.5m_bio_3,43.876755714416504
falkland_islands,Temperate,wc2.1_2.5m_bio_4,279.57933044433594
falkland_islands,Temperate,wc2.1_2.5m_bio_5,14.069902896881104
falkland_islands,Temperate,wc2.1_2.5m_bio_6,0.669097219593823
falkland_islands,Temperate,wc2.1_2.5m_bio_7,13.400805473327637
falkland_islands,Temperate,wc2.1_2.5m_bio_8,9.881817102432251
falkland_islands,Temperate,wc2.1_2.5m_bio_9,4.518455982208252
faroe_islands,Temperate,wc2.1_2.5m_bio_1,6.439285755157471
faroe_islands,Temperate,wc2.1_2.5m_bio_10,10.161905288696289
faroe_islands,Temperate,wc2.1_2.5m_bio_11,3.411904811859131
faroe_islands,Temperate,wc2.1_2.5m_bio_12,2836
faroe_islands,Temperate,wc2.1_2.5m_bio_13,329
faroe_islands,Temperate,wc2.1_2.5m_bio_14,123
faroe_islands,Temperate,wc2.1_2.5m_bio_15,33.55060958862305
faroe_islands,Temperate,wc2.1_2.5m_bio_16,961
faroe_islands,Temperate,wc2.1_2.5m_bio_17,400
faroe_islands,Temperate,wc2.1_2.5m_bio_18,548
faroe_islands,Temperate,wc2.1_2.5m_bio_19,847
faroe_islands,Temperate,wc2.1_2.5m_bio_2,2.892857074737549
faroe_islands,Temperate,wc2.1_2.5m_bio_3,27.815933227539062
faroe_islands,Temperate,wc2.1_2.5m_bio_4,282.14599609375
faroe_islands,Temperate,wc2.1_2.5m_bio_5,12.071428298950195
faroe_islands,Temperate,wc2.1_2.5m_bio_6,1.6714285612106323
faroe_islands,Temperate,wc2.1_2.5m_bio_7,10.399999618530273
faroe_islands,Temperate,wc2.1_2.5m_bio_8,5.435714244842529
faroe_islands,Temperate,wc2.1_2.5m_bio_9,8.635714530944824
fiji,Equatorial,wc2.1_2.5m_bio_1,24.27899980545044
fiji,Equatorial,wc2.1_2.5m_bio_10,25.88200044631958
fiji,Equatorial,wc2.1_2.5m_bio_11,22.57016611099243
fiji,Equatorial,wc2.1_2.5m_bio_12,2737.25
fiji,Equatorial,wc2.1_2.5m_bio_13,370.75
fiji,Equatorial,wc2.1_2.5m_bio_14,115.25
fiji,Equatorial,wc2.1_2.5m_bio_15,38.48335552215576
fiji,Equatorial,wc2.1_2.5m_bio_16,994
fiji,Equatorial,wc2.1_2.5m_bio_17,387.5
fiji,Equatorial,wc2.1_2.5m_bio_18,992.75
fiji,Equatorial,wc2.1_2.5m_bio_19,394.5
fiji,Equatorial,wc2.1_2.5m_bio_2,5.0756664872169495
fiji,Equatorial,wc2.1_2.5m_bio_3,57.81758689880371
fiji,Equatorial,wc2.1_2.5m_bio_4,135.94162368774414
fiji,Equatorial,wc2.1_2.5m_bio_5,28.872999668121338
fiji,Equatorial,wc2.1_2.5m_bio_6,20.143999576568604
fiji,Equatorial,wc2.1_2.5m_bio_7,8.729000091552734
fiji,Equatorial,wc2.1_2.5m_bio_8,25.812000274658203
fiji,Equatorial,wc2.1_2.5m_bio_9,22.576666355133057
finland,Boreal,wc2.1_2.5m_bio_1,1.5313977015060865
finland,Boreal,wc2.1_2.5m_bio_10,13.552704566862525
finland,Boreal,wc2.1_2.5m_bio_11,-9.686254735884628
finland,Boreal,wc2.1_2.5m_bio_12,584.1056910569106
finland,Boreal,wc2.1_2.5m_bio_13,77.08536585365853
finland,Boreal,wc2.1_2.5m_bio_14,29.03252032520325
finland,Boreal,wc2.1_2.5m_bio_15,33.41761706127384
finland,Boreal,wc2.1_2.5m_bio_16,210.1910569105691
finland,Boreal,wc2.1_2.5m_bio_17,93.01626016260163
finland,Boreal,wc2.1_2.5m_bio_18,206.5040650406504
finland,Boreal,wc2.1_2.5m_bio_19,111.3739837398374
finland,Boreal,wc2.1_2.5m_bio_2,8.185230832758958
finland,Boreal,wc2.1_2.5m_bio_3,23.51749803961777
finland,Boreal,wc2.1_2.5m_bio_4,936.7610557990346
finland,Boreal,wc2.1_2.5m_bio_5,20.105721489200747
finland,Boreal,wc2.1_2.5m_bio_6,-14.712876990558655
finland,Boreal,wc2.1_2.5m_bio_7,34.818598545663725
finland,Boreal,wc2.1_2.5m_bio_8,12.457968987100493
finland,Boreal,wc2.1_2.5m_bio_9,-4.97895477206363
france,Boreal,wc2.1_2.5m_bio_1,4.55879627333747
france,Boreal,wc2.1_2.5m_bio_10,12.623259120517307
france,Boreal,wc2.1_2.5m_bio_11,-2.658222211731805
france,Boreal,wc2.1_2.5m_bio_12,1319.3333333333333
france,Boreal,wc2.1_2.5m_bio_13,140.88888888888889
france,Boreal,wc2.1_2.5m_bio_14,72.55555555555556
france,Boreal,wc2.1_2.5m_bio_15,18.38515822092692
france,Boreal,wc2.1_2.5m_bio_16,398.6666666666667
france,Boreal,wc2.1_2.5m_bio_17,255.77777777777777
france,Boreal,wc2.1_2.5m_bio_18,261.1111111111111
france,Boreal,wc2.1_2.5m_bio_19,358.55555555555554
france,Boreal,wc2.1_2.5m_bio_2,8.455148167080349
france,Boreal,wc2.1_2.5m_bio_3,32.713095347086586
france,Boreal,wc2.1_2.5m_bio_4,634.7608981662327
france,Boreal,wc2.1_2.5m_bio_5,19.23733319176568
france,Boreal,wc2.1_2.5m_bio_6,-6.542222261428833
france,Boreal,wc2.1_2.5m_bio_7,25.779555638631184
france,Boreal,wc2.1_2.5m_bio_8,1.34237036605676
france,Boreal,wc2.1_2.5m_bio_9,11.22362944814894
france,Equatorial,wc2.1_2.5m_bio_1,25.48443010875157
france,Equatorial,wc2.1_2.5m_bio_10,26.154452323913574
france,Equatorial,wc2.1_2.5m_bio_11,24.844192709241593
france,Equatorial,wc2.1_2.5m_bio_12,2667.75
france,Equatorial,wc2.1_2.5m_bio_13,400.42857142857144
france,Equatorial,wc2.1_2.5m_bio_14,74.75
france,Equatorial,wc2.1_2.5m_bio_15,46.57000364576067
france,Equatorial,wc2.1_2.5m_bio_16,1045.25
france,Equatorial,wc2.1_2.5m_bio_17,275.60714285714283
france,Equatorial,wc2.1_2.5m_bio_18,292.57142857142856
france,Equatorial,wc2.1_2.5m_bio_19,777.8214285714286
france,Equatorial,wc2.1_2.5m_bio_2,8.638719371386937
france,Equatorial,wc2.1_2.5m_bio_3,77.67224093845913
france,Equatorial,wc2.1_2.5m_bio_4,52.86293533870152
france,Equatorial,wc2.1_2.5m_bio_5,31.72265257154192
france,Equatorial,wc2.1_2.5m_bio_6,20.60985701424735
france,Equatorial,wc2.1_2.5m_bio_7,11.112795557294573
france,Equatorial,wc2.1_2.5m_bio_8,25.421095303126744
france,Equatorial,wc2.1_2.5m_bio_9,26.06227207183838
france,Temperate,wc2.1_2.5m_bio_1,10.920293906270242
france,Temperate,wc2.1_2.5m_bio_10,18.02036330943205
france,Temperate,wc2.1_2.5m_bio_11,4.317499249177624
france,Temperate,wc2.1_2.5m_bio_12,838.0122448979591
france,Temperate,wc2.1_2.5m_bio_13,91.82857142857142
france,Temperate,wc2.1_2.5m_bio_14,48.608163265306125
france,Temperate,wc2.1_2.5m_bio_15,18.655371319517798
france,Temperate,wc2.1_2.5m_bio_16,253.4326530612245
france,Temperate,wc2.1_2.5m_bio_17,163.86122448979592
france,Temperate,wc2.1_2.5m_bio_18,182.08163265306123
france,Temperate,wc2.1_2.5m_bio_19,220.47755102040816
france,Temperate,wc2.1_2.5m_bio_2,8.704938450638128
france,Temperate,wc2.1_2.5m_bio_3,36.611348786646005
france,Temperate,wc2.1_2.5m_bio_4,563.0747634576292
france,Temperate,wc2.1_2.5m_bio_5,24.402370919986648
france,Temperate,wc2.1_2.5m_bio_6,0.6044997747113205
france,Temperate,wc2.1_2.5m_bio_7,23.79787120429837
france,Temperate,wc2.1_2.5m_bio_8,9.386081189008392
france,Temperate,wc2.1_2.5m_bio_9,12.801186207849153
french_polynesia,Equatorial,wc2.1_2.5m_bio_1,22.41900062561035
french_polynesia,Equatorial,wc2.1_2.5m_bio_10,24.04866600036621
french_polynesia,Equatorial,wc2.1_2.5m_bio_11,20.752666473388672
french_polynesia,Equatorial,wc2.1_2.5m_bio_12,1903
french_polynesia,Equatorial,wc2.1_2.5m_bio_13,230
french_polynesia,Equatorial,wc2.1_2.5m_bio_14,102
french_polynesia,Equatorial,wc2.1_2.5m_bio_15,26.6815128326416
french_polynesia,Equatorial,wc2.1_2.5m_bio_16,650
french_polynesia,Equatorial,wc2.1_2.5m_bio_17,349
french_polynesia,Equatorial,wc2.1_2.5m_bio_18,580
french_polynesia,Equatorial,wc2.1_2.5m_bio_19,349
french_polynesia,Equatorial,wc2.1_2.5m_bio_2,6.385333061218262
french_polynesia,Equatorial,wc2.1_2.5m_bio_3,64.23876190185547
french_polynesia,Equatorial,wc2.1_2.5m_bio_4,134.09133911132812
french_polynesia,Equatorial,wc2.1_2.5m_bio_5,27.472000122070312
french_polynesia,Equatorial,wc2.1_2.5m_bio_6,17.531999588012695
french_polynesia,Equatorial,wc2.1_2.5m_bio_7,9.940000534057617
french_polynesia,Equatorial,wc2.1_2.5m_bio_8,23.245332717895508
french_polynesia,Equatorial,wc2.1_2.5m_bio_9,20.752666473388672
french_southern_and_antarctic_lands,Polar,wc2.1_2.5m_bio_1,4.119500041007996
french_southern_and_antarctic_lands,Polar,wc2.1_2.5m_bio_10,6.817000150680542
french_southern_and_antarctic_lands,Polar,wc2.1_2.5m_bio_11,1.7533333897590637
french_southern_and_antarctic_lands,Polar,wc2.1_2.5m_bio_12,789.5
french_southern_and_antarctic_lands,Polar,wc2.1_2.5m_bio_13,79
french_southern_and_antarctic_lands,Polar,wc2.1_2.5m_bio_14,52
french_southern_and_antarctic_lands,Polar,wc2.1_2.5m_bio_15,11.513852596282959
french_southern_and_antarctic_lands,Polar,wc2.1_2.5m_bio_16,222.5
french_southern_and_antarctic_lands,Polar,wc2.1_2.5m_bio_17,175.5
french_southern_and_antarctic_lands,Polar,wc2.1_2.5m_bio_18,181
french_southern_and_antarctic_lands,Polar,wc2.1_2.5m_bio_19,215.5
french_southern_and_antarctic_lands,Polar,wc2.1_2.5m_bio_2,6.578333377838135
french_southern_and_antarctic_lands,Polar,wc2.1_2.5m_bio_3,53.174598693847656
french_southern_and_antarctic_lands,Polar,wc2.1_2.5m_bio_4,207.44608306884766
french_southern_and_antarctic_lands,Polar,wc2.1_2.5m_bio_5,10.875999927520752
french_southern_and_antarctic_lands,Polar,wc2.1_2.5m_bio_6,-1.4940000176429749
french_southern_and_antarctic_lands,Polar,wc2.1_2.5m_bio_7,12.369999885559082
french_southern_and_antarctic_lands,Polar,wc2.1_2.5m_bio_8,2.17766672372818
french_southern_and_antarctic_lands,Polar,wc2.1_2.5m_bio_9,6.49566650390625
gabon,Equatorial,wc2.1_2.5m_bio_1,24.50545631136213
gabon,Equatorial,wc2.1_2.5m_bio_10,25.54846023377918
gabon,Equatorial,wc2.1_2.5m_bio_11,23.013531798408145
gabon,Equatorial,wc2.1_2.5m_bio_12,1840.392857142857
gabon,Equatorial,wc2.1_2.5m_bio_13,327.5833333333333
gabon,Equatorial,wc2.1_2.5m_bio_14,11.523809523809524
gabon,Equatorial,wc2.1_2.5m_bio_15,66.2189758845738
gabon,Equatorial,wc2.1_2.5m_bio_16,768.7738095238095
gabon,Equatorial,wc2.1_2.5m_bio_17,67.27380952380952
gabon,Equatorial,wc2.1_2.5m_bio_18,609.1309523809524
gabon,Equatorial,wc2.1_2.5m_bio_19,74.72619047619048
gabon,Equatorial,wc2.1_2.5m_bio_2,8.241428556896391
gabon,Equatorial,wc2.1_2.5m_bio_3,71.4479448681786
gabon,Equatorial,wc2.1_2.5m_bio_4,104.41437103634789
gabon,Equatorial,wc2.1_2.5m_bio_5,30.345285756247385
gabon,Equatorial,wc2.1_2.5m_bio_6,18.837857223692396
gabon,Equatorial,wc2.1_2.5m_bio_7,11.50742853255499
gabon,Equatorial,wc2.1_2.5m_bio_8,24.692301704770042
gabon,Equatorial,wc2.1_2.5m_bio_9,23.08558734258016
gambia,Arid,wc2.1_2.5m_bio_1,27.372750282287598
gambia,Arid,wc2.1_2.5m_bio_10,30.24000072479248
gambia,Arid,wc2.1_2.5m_bio_11,24.653666496276855
gambia,Arid,wc2.1_2.5m_bio_12,758
gambia,Arid,wc2.1_2.5m_bio_13,233
gambia,Arid,wc2.1_2.5m_bio_14,0
gambia,Arid,wc2.1_2.5m_bio_15,136.0113525390625
gambia,Arid,wc2.1_2.5m_bio_16,596
gambia,Arid,wc2.1_2.5m_bio_17,1.5
gambia,Arid,wc2.1_2.5m_bio_18,95.5
gambia,Arid,wc2.1_2.5m_bio_19,2
gambia,Arid,wc2.1_2.5m_bio_2,14.147833347320557
gambia,Arid,wc2.1_2.5m_bio_3,58.922603607177734
gambia,Arid,wc2.1_2.5m_bio_4,225.09223175048828
gambia,Arid,wc2.1_2.5m_bio_5,38.8700008392334
gambia,Arid,wc2.1_2.5m_bio_6,14.82200002670288
gambia,Arid,wc2.1_2.5m_bio_7,24.048001289367676
gambia,Arid,wc2.1_2.5m_bio_8,27.022334098815918
gambia,Arid,wc2.1_2.5m_bio_9,26.293334007263184
gambia,Equatorial,wc2.1_2.5m_bio_1,26.61125087738037
gambia,Equatorial,wc2.1_2.5m_bio_10,28.026999473571777
gambia,Equatorial,wc2.1_2.5m_bio_11,24.635001182556152
gambia,Equatorial,wc2.1_2.5m_bio_12,975
gambia,Equatorial,wc2.1_2.5m_bio_13,351
gambia,Equatorial,wc2.1_2.5m_bio_14,0
gambia,Equatorial,wc2.1_2.5m_bio_15,149.4866943359375
gambia,Equatorial,wc2.1_2.5m_bio_16,824.5
gambia,Equatorial,wc2.1_2.5m_bio_17,1
gambia,Equatorial,wc2.1_2.5m_bio_18,180
gambia,Equatorial,wc2.1_2.5m_bio_19,2
gambia,Equatorial,wc2.1_2.5m_bio_2,11.910167694091797
gambia,Equatorial,wc2.1_2.5m_bio_3,64.61577606201172
gambia,Equatorial,wc2.1_2.5m_bio_4,136.56167602539062
gambia,Equatorial,wc2.1_2.5m_bio_5,35.20000076293945
gambia,Equatorial,wc2.1_2.5m_bio_6,16.75
gambia,Equatorial,wc2.1_2.5m_bio_7,18.450000762939453
gambia,Equatorial,wc2.1_2.5m_bio_8,27.069000244140625
gambia,Equatorial,wc2.1_2.5m_bio_9,25.960333824157715
georgia,Arid,wc2.1_2.5m_bio_1,13.3010835647583
georgia,Arid,wc2.1_2.5m_bio_10,24.028000831604004
georgia,Arid,wc2.1_2.5m_bio_11,2.5730000734329224
georgia,Arid,wc2.1_2.5m_bio_12,531
georgia,Arid,wc2.1_2.5m_bio_13,81
georgia,Arid,wc2.1_2.5m_bio_14,21
georgia,Arid,wc2.1_2.5m_bio_15,41.48029708862305
georgia,Arid,wc2.1_2.5m_bio_16,209
georgia,Arid,wc2.1_2.5m_bio_17,73.5
georgia,Arid,wc2.1_2.5m_bio_18,170
georgia,Arid,wc2.1_2.5m_bio_19,73.5
georgia,Arid,wc2.1_2.5m_bio_2,10.218166828155518
georgia,Arid,wc2.1_2.5m_bio_3,29.749238967895508
georgia,Arid,wc2.1_2.5m_bio_4,872.7161865234375
georgia,Arid,wc2.1_2.5m_bio_5,31.304000854492188
georgia,Arid,wc2.1_2.5m_bio_6,-3.0519999265670776
georgia,Arid,wc2.1_2.5m_bio_7,34.356000900268555
georgia,Arid,wc2.1_2.5m_bio_8,17.373000144958496
georgia,Arid,wc2.1_2.5m_bio_9,3.3346667289733887
georgia,Boreal,wc2.1_2.5m_bio_1,6.841079416729155
georgia,Boreal,wc2.1_2.5m_bio_10,15.957428773244223
georgia,Boreal,wc2.1_2.5m_bio_11,-2.394190455476443
georgia,Boreal,wc2.1_2.5m_bio_12,953.5714285714286
georgia,Boreal,wc2.1_2.5m_bio_13,120.52380952380952
georgia,Boreal,wc2.1_2.5m_bio_14,52.57142857142857
georgia,Boreal,wc2.1_2.5m_bio_15,30.83388782682873
georgia,Boreal,wc2.1_2.5m_bio_16,326.9047619047619
georgia,Boreal,wc2.1_2.5m_bio_17,171.8095238095238
georgia,Boreal,wc2.1_2.5m_bio_18,255.14285714285714
georgia,Boreal,wc2.1_2.5m_bio_19,192.47619047619048
georgia,Boreal,wc2.1_2.5m_bio_2,9.667777742658343
georgia,Boreal,wc2.1_2.5m_bio_3,32.12809499104818
georgia,Boreal,wc2.1_2.5m_bio_4,756.5919276646206
georgia,Boreal,wc2.1_2.5m_bio_5,22.778285889398482
georgia,Boreal,wc2.1_2.5m_bio_6,-7.2843810092835195
georgia,Boreal,wc2.1_2.5m_bio_7,30.062666756766184
georgia,Boreal,wc2.1_2.5m_bio_8,10.041809553191776
georgia,Boreal,wc2.1_2.5m_bio_9,-0.6855872734671548
georgia,Temperate,wc2.1_2.5m_bio_1,13.1777617590768
georgia,Temperate,wc2.1_2.5m_bio_10,21.484857286725724
georgia,Temperate,wc2.1_2.5m_bio_11,4.773904749325344
georgia,Temperate,wc2.1_2.5m_bio_12,1536.5714285714287
georgia,Temperate,wc2.1_2.5m_bio_13,176.71428571428572
georgia,Temperate,wc2.1_2.5m_bio_14,81.71428571428571
georgia,Temperate,wc2.1_2.5m_bio_15,23.561507769993373
georgia,Temperate,wc2.1_2.5m_bio_16,489.14285714285717
georgia,Temperate,wc2.1_2.5m_bio_17,282.85714285714283
georgia,Temperate,wc2.1_2.5m_bio_18,381.42857142857144
georgia,Temperate,wc2.1_2.5m_bio_19,413.2857142857143
georgia,Temperate,wc2.1_2.5m_bio_2,9.118571553911481
georgia,Temperate,wc2.1_2.5m_bio_3,33.928592681884766
georgia,Temperate,wc2.1_2.5m_bio_4,684.9096418108259
georgia,Temperate,wc2.1_2.5m_bio_5,27.191428320748464
georgia,Temperate,wc2.1_2.5m_bio_6,0.19771426916122437
georgia,Temperate,wc2.1_2.5m_bio_7,26.993713923863
georgia,Temperate,wc2.1_2.5m_bio_8,12.783238410949707
georgia,Temperate,wc2.1_2.5m_bio_9,11.304380944796971
germany,Boreal,wc2.1_2.5m_bio_1,7.453053979312672
germany,Boreal,wc2.1_2.5m_bio_10,15.848215608035817
germany,Boreal,wc2.1_2.5m_bio_11,-0.802960784338853
germany,Boreal,wc2.1_2.5m_bio_12,953.7941176470588
germany,Boreal,wc2.1_2.5m_bio_13,113.58823529411765
germany,Boreal,wc2.1_2.5m_bio_14,57.1764705882353
germany,Boreal,wc2.1_2.5m_bio_15,22.820507834939395
germany,Boreal,wc2.1_2.5m_bio_16,316.3529411764706
germany,Boreal,wc2.1_2.5m_bio_17,185.7941176470588
germany,Boreal,wc2.1_2.5m_bio_18,312.1470588235294
germany,Boreal,wc2.1_2.5m_bio_19,207.5
germany,Boreal,wc2.1_2.5m_bio_2,8.401401912464815
germany,Boreal,wc2.1_2.5m_bio_3,32.040665346033435
germany,Boreal,wc2.1_2.5m_bio_4,679.9990252326517
germany,Boreal,wc2.1_2.5m_bio_5,21.80282351549934
germany,Boreal,wc2.1_2.5m_bio_6,-4.397529370644513
germany,Boreal,wc2.1_2.5m_bio_7,26.200352893156165
germany,Boreal,wc2.1_2.5m_bio_8,13.846392078982557
germany,Boreal,wc2.1_2.5m_bio_9,2.1916666414369557
germany,Temperate,wc2.1_2.5m_bio_1,8.79195777162329
germany,Temperate,wc2.1_2.5m_bio_10,16.778484790356128
germany,Temperate,wc2.1_2.5m_bio_11,1.0966883138209194
germany,Temperate,wc2.1_2.5m_bio_12,752.0909090909091
germany,Temperate,wc2.1_2.5m_bio_13,81.97402597402598
germany,Temperate,wc2.1_2.5m_bio_14,45.81818181818182
germany,Temperate,wc2.1_2.5m_bio_15,18.3478166964147
germany,Temperate,wc2.1_2.5m_bio_16,228.9025974025974
germany,Temperate,wc2.1_2.5m_bio_17,152.2922077922078
germany,Temperate,wc2.1_2.5m_bio_18,217.8896103896104
germany,Temperate,wc2.1_2.5m_bio_19,176.8116883116883
germany,Temperate,wc2.1_2.5m_bio_2,7.962036798526714
germany,Temperate,wc2.1_2.5m_bio_3,32.08797620798086
germany,Temperate,wc2.1_2.5m_bio_4,640.2633437119521
germany,Temperate,wc2.1_2.5m_bio_5,22.68345458786209
germany,Temperate,wc2.1_2.5m_bio_6,-2.1253766191083114
germany,Temperate,wc2.1_2.5m_bio_7,24.808831227290167
germany,Temperate,wc2.1_2.5m_bio_8,13.583476149029545
germany,Temperate,wc2.1_2.5m_bio_9,4.559740263049479
ghana,Equatorial,wc2.1_2.5m_bio_1,27.143969721608347
ghana,Equatorial,wc2.1_2.5m_bio_10,29.090458882319464
ghana,Equatorial,wc2.1_2.5m_bio_11,25.421445995182186
ghana,Equatorial,wc2.1_2.5m_bio_12,1211.4675324675325
ghana,Equatorial,wc2.1_2.5m_bio_13,220.32467532467533
ghana,Equatorial,wc2.1_2.5m_bio_14,9.714285714285714
ghana,Equatorial,wc2.1_2.5m_bio_15,72.54358460067155
ghana,Equatorial,wc2.1_2.5m_bio_16,551.4155844155844
ghana,Equatorial,wc2.1_2.5m_bio_17,57.12987012987013
ghana,Equatorial,wc2.1_2.5m_bio_18,218.46753246753246
ghana,Equatorial,wc2.1_2.5m_bio_19,463.6623376623377
ghana,Equatorial,wc2.1_2.5m_bio_2,9.818926291032271
ghana,Equatorial,wc2.1_2.5m_bio_3,66.3992310561143
ghana,Equatorial,wc2.1_2.5m_bio_4,145.46646881103516
ghana,Equatorial,wc2.1_2.5m_bio_5,35.26670143821023
ghana,Equatorial,wc2.1_2.5m_bio_6,20.250181792618392
ghana,Equatorial,wc2.1_2.5m_bio_7,15.016519645591835
ghana,Equatorial,wc2.1_2.5m_bio_8,26.25619920507654
ghana,Equatorial,wc2.1_2.5m_bio_9,27.533203372707614
greece,Arid,wc2.1_2.5m_bio_1,14.616312980651855
greece,Arid,wc2.1_2.5m_bio_10,24.023514834317293
greece,Arid,wc2.1_2.5m_bio_11,5.6211818565021865
greece,Arid,wc2.1_2.5m_bio_12,473.45454545454544
greece,Arid,wc2.1_2.5m_bio_13,60.81818181818182
greece,Arid,wc2.1_2.5m_bio_14,20.90909090909091
greece,Arid,wc2.1_2.5m_bio_15,31.830320358276367
greece,Arid,wc2.1_2.5m_bio_16,165.45454545454547
greece,Arid,wc2.1_2.5m_bio_17,70.45454545454545
greece,Arid,wc2.1_2.5m_bio_18,75.36363636363636
greece,Arid,wc2.1_2.5m_bio_19,136.54545454545453
greece,Arid,wc2.1_2.5m_bio_2,10.340202114798807
greece,Arid,wc2.1_2.5m_bio_3,34.12451900135387
greece,Arid,wc2.1_2.5m_bio_4,750.18328857421875
greece,Arid,wc2.1_2.5m_bio_5,31.12575773759322
greece,Arid,wc2.1_2.5m_bio_6,0.9355151544917714
greece,Arid,wc2.1_2.5m_bio_7,30.190242420543324
greece,Arid,wc2.1_2.5m_bio_8,10.449222217906605
greece,Arid,wc2.1_2.5m_bio_9,23.594383933327414
greece,Boreal,wc2.1_2.5m_bio_1,7.994500160217285
greece,Boreal,wc2.1_2.5m_bio_10,16.19099998474121
greece,Boreal,wc2.1_2.5m_bio_11,0.25466665625572205
greece,Boreal,wc2.1_2.5m_bio_12,840.5
greece,Boreal,wc2.1_2.5m_bio_13,101
greece,Boreal,wc2.1_2.5m_bio_14,42
greece,Boreal,wc2.1_2.5m_bio_15,29.138168334960938
greece,Boreal,wc2.1_2.5m_bio_16,284
greece,Boreal,wc2.1_2.5m_bio_17,129
greece,Boreal,wc2.1_2.5m_bio_18,129
greece,Boreal,wc2.1_2.5m_bio_19,244.5
greece,Boreal,wc2.1_2.5m_bio_2,9.10533332824707
greece,Boreal,wc2.1_2.5m_bio_3,33.95541000366211
greece,Boreal,wc2.1_2.5m_bio_4,660.7469482421875
greece,Boreal,wc2.1_2.5m_bio_5,22.984000205993652
greece,Boreal,wc2.1_2.5m_bio_6,-3.805999994277954
greece,Boreal,wc2.1_2.5m_bio_7,26.789999961853027
greece,Boreal,wc2.1_2.5m_bio_8,5.016333341598511
greece,Boreal,wc2.1_2.5m_bio_9,16.19099998474121
greece,Temperate,wc2.1_2.5m_bio_1,13.569915003892852
greece,Temperate,wc2.1_2.5m_bio_10,21.91707969293362
greece,Temperate,wc2.1_2.5m_bio_11,5.838313744562428
greece,Temperate,wc2.1_2.5m_bio_12,714.3170731707318
greece,Temperate,wc2.1_2.5m_bio_13,113.02439024390245
greece,Temperate,wc2.1_2.5m_bio_14,17.24390243902439
greece,Temperate,wc2.1_2.5m_bio_15,54.801809543516576
greece,Temperate,wc2.1_2.5m_bio_16,304.6585365853659
greece,Temperate,wc2.1_2.5m_bio_17,59.853658536585364
greece,Temperate,wc2.1_2.5m_bio_18,64.14634146341463
greece,Temperate,wc2.1_2.5m_bio_19,278.3170731707317
greece,Temperate,wc2.1_2.5m_bio_2,9.270295305949885
greece,Temperate,wc2.1_2.5m_bio_3,34.34165601032536
greece,Temperate,wc2.1_2.5m_bio_4,663.1287544064405
greece,Temperate,wc2.1_2.5m_bio_5,28.54435943975681
greece,Temperate,wc2.1_2.5m_bio_6,1.6601209102607355
greece,Temperate,wc2.1_2.5m_bio_7,26.88423849896687
greece,Temperate,wc2.1_2.5m_bio_8,8.070486307144165
greece,Temperate,wc2.1_2.5m_bio_9,21.783921311541302
greenland,Polar,wc2.1_2.5m_bio_1,-18.754208992894014
greenland,Polar,wc2.1_2.5m_bio_10,-5.645797869533966
greenland,Polar,wc2.1_2.5m_bio_11,-29.051333281266256
greenland,Polar,wc2.1_2.5m_bio_12,525.1120921305182
greenland,Polar,wc2.1_2.5m_bio_13,64.56698656429943
greenland,Polar,wc2.1_2.5m_bio_14,25.626871401151632
greenland,Polar,wc2.1_2.5m_bio_15,30.980703575368576
greenland,Polar,wc2.1_2.5m_bio_16,172.13512476007676
greenland,Polar,wc2.1_2.5m_bio_17,89.49443378119003
greenland,Polar,wc2.1_2.5m_bio_18,142.99040307101728
greenland,Polar,wc2.1_2.5m_bio_19,141.8940499040307
greenland,Polar,wc2.1_2.5m_bio_2,6.124264500557575
greenland,Polar,wc2.1_2.5m_bio_3,20.186230716595492
greenland,Polar,wc2.1_2.5m_bio_4,974.8286917951881
greenland,Polar,wc2.1_2.5m_bio_5,-1.6155892300178187
greenland,Polar,wc2.1_2.5m_bio_6,-33.49233595432567
greenland,Polar,wc2.1_2.5m_bio_7,31.87674674109168
greenland,Polar,wc2.1_2.5m_bio_8,-15.940787217093563
greenland,Polar,wc2.1_2.5m_bio_9,-20.470458943638487
guatemala,Equatorial,wc2.1_2.5m_bio_1,25.016328196371756
guatemala,Equatorial,wc2.1_2.5m_bio_10,26.56311816553916
guatemala,Equatorial,wc2.1_2.5m_bio_11,23.03860221370574
guatemala,Equatorial,wc2.1_2.5m_bio_12,2333.7096774193546
guatemala,Equatorial,wc2.1_2.5m_bio_13,397.1290322580645
guatemala,Equatorial,wc2.1_2.5m_bio_14,45.61290322580645
guatemala,Equatorial,wc2.1_2.5m_bio_15,68.67355026737336
guatemala,Equatorial,wc2.1_2.5m_bio_16,1038.6129032258063
guatemala,Equatorial,wc2.1_2.5m_bio_17,159.48387096774192
guatemala,Equatorial,wc2.1_2.5m_bio_18,553.741935483871
guatemala,Equatorial,wc2.1_2.5m_bio_19,254.3548387096774
guatemala,Equatorial,wc2.1_2.5m_bio_2,10.667537535390546
guatemala,Equatorial,wc2.1_2.5m_bio_3,68.86195607339182
guatemala,Equatorial,wc2.1_2.5m_bio_4,145.03652326522334
guatemala,Equatorial,wc2.1_2.5m_bio_5,32.82941941292055
guatemala,Equatorial,wc2.1_2.5m_bio_6,17.295225912524806
guatemala,Equatorial,wc2.1_2.5m_bio_7,15.534193469632056
guatemala,Equatorial,wc2.1_2.5m_bio_8,25.778408481228738
guatemala,Equatorial,wc2.1_2.5m_bio_9,24.609118000153572
guatemala,Temperate,wc2.1_2.5m_bio_1,19.05737050374349
guatemala,Temperate,wc2.1_2.5m_bio_10,20.307852003309463
guatemala,Temperate,wc2.1_2.5m_bio_11,17.514888763427734
guatemala,Temperate,wc2.1_2.5m_bio_12,2240.5555555555557
guatemala,Temperate,wc2.1_2.5m_bio_13,399.77777777777777
guatemala,Temperate,wc2.1_2.5m_bio_14,37.666666666666664
guatemala,Temperate,wc2.1_2.5m_bio_15,77.85382419162326
guatemala,Temperate,wc2.1_2.5m_bio_16,1033.111111111111
guatemala,Temperate,wc2.1_2.5m_bio_17,132.44444444444446
guatemala,Temperate,wc2.1_2.5m_bio_18,633.1111111111111
guatemala,Temperate,wc2.1_2.5m_bio_19,184.66666666666666
guatemala,Temperate,wc2.1_2.5m_bio_2,11.43970372941759
guatemala,Temperate,wc2.1_2.5m_bio_3,71.8469000922309
guatemala,Temperate,wc2.1_2.5m_bio_4,114.47402021620009
guatemala,Temperate,wc2.1_2.5m_bio_5,27.07466655307346
guatemala,Temperate,wc2.1_2.5m_bio_6,11.167999850379097
guatemala,Temperate,wc2.1_2.5m_bio_7,15.906666861640083
guatemala,Temperate,wc2.1_2.5m_bio_8,19.722444534301758
guatemala,Temperate,wc2.1_2.5m_bio_9,18.348962995741104
guinea,Equatorial,wc2.1_2.5m_bio_1,25.707307295365766
guinea,Equatorial,wc2.1_2.5m_bio_10,28.196709992049577
guinea,Equatorial,wc2.1_2.5m_bio_11,24.061402432330244
guinea,Equatorial,wc2.1_2.5m_bio_12,1810.5714285714287
guinea,Equatorial,wc2.1_2.5m_bio_13,441.961038961039
guinea,Equatorial,wc2.1_2.5m_bio_14,2.896103896103896
guinea,Equatorial,wc2.1_2.5m_bio_15,102.52925417020724
guinea,Equatorial,wc2.1_2.5m_bio_16,1120.2207792207791
guinea,Equatorial,wc2.1_2.5m_bio_17,17.194805194805195
guinea,Equatorial,wc2.1_2.5m_bio_18,211.71428571428572
guinea,Equatorial,wc2.1_2.5m_bio_19,411.8181818181818
guinea,Equatorial,wc2.1_2.5m_bio_2,13.921376513196277
guinea,Equatorial,wc2.1_2.5m_bio_3,61.5940647868367
guinea,Equatorial,wc2.1_2.5m_bio_4,174.1173821486436
guinea,Equatorial,wc2.1_2.5m_bio_5,36.90924661809748
guinea,Equatorial,wc2.1_2.5m_bio_6,14.346649293775682
guinea,Equatorial,wc2.1_2.5m_bio_7,22.56259737386332
guinea,Equatorial,wc2.1_2.5m_bio_8,24.63057129104416
guinea,Equatorial,wc2.1_2.5m_bio_9,24.765437113774286
guinea-bissau,Equatorial,wc2.1_2.5m_bio_1,26.65456667813388
guinea-bissau,Equatorial,wc2.1_2.5m_bio_10,28.54353800686923
guinea-bissau,Equatorial,wc2.1_2.5m_bio_11,24.997818860140715
guinea-bissau,Equatorial,wc2.1_2.5m_bio_12,1774.6363636363637
guinea-bissau,Equatorial,wc2.1_2.5m_bio_13,557.3636363636364
guinea-bissau,Equatorial,wc2.1_2.5m_bio_14,0
guinea-bissau,Equatorial,wc2.1_2.5m_bio_15,133.2651922052557
guinea-bissau,Equatorial,wc2.1_2.5m_bio_16,1344.4545454545455
guinea-bissau,Equatorial,wc2.1_2.5m_bio_17,0.2727272727272727
guinea-bissau,Equatorial,wc2.1_2.5m_bio_18,122.18181818181819
guinea-bissau,Equatorial,wc2.1_2.5m_bio_19,12.090909090909092
guinea-bissau,Equatorial,wc2.1_2.5m_bio_2,12.032279621471059
guinea-bissau,Equatorial,wc2.1_2.5m_bio_3,60.95068220658736
guinea-bissau,Equatorial,wc2.1_2.5m_bio_4,147.66500438343394
guinea-bissau,Equatorial,wc2.1_2.5m_bio_5,36.16105131669478
guinea-bissau,Equatorial,wc2.1_2.5m_bio_6,16.3039888902144
guinea-bissau,Equatorial,wc2.1_2.5m_bio_7,19.85706259987571
guinea-bissau,Equatorial,wc2.1_2.5m_bio_8,26.099149703979492
guinea-bissau,Equatorial,wc2.1_2.5m_bio_9,26.163101196289062
guyana,Equatorial,wc2.1_2.5m_bio_1,25.826681621039093
guyana,Equatorial,wc2.1_2.5m_bio_10,26.597164040181173
guyana,Equatorial,wc2.1_2.5m_bio_11,25.208198917445852
guyana,Equatorial,wc2.1_2.5m_bio_12,1928.8059701492537
guyana,Equatorial,wc2.1_2.5m_bio_13,329.5970149253731
guyana,Equatorial,wc2.1_2.5m_bio_14,64.07462686567165
guyana,Equatorial,wc2.1_2.5m_bio_15,55.822764951791335
guyana,Equatorial,wc2.1_2.5m_bio_16,859.5522388059702
guyana,Equatorial,wc2.1_2.5m_bio_17,237.98507462686567
guyana,Equatorial,wc2.1_2.5m_bio_18,313.2686567164179
guyana,Equatorial,wc2.1_2.5m_bio_19,482.6865671641791
guyana,Equatorial,wc2.1_2.5m_bio_2,8.349671620041576
guyana,Equatorial,wc2.1_2.5m_bio_3,79.61688357680592
guyana,Equatorial,wc2.1_2.5m_bio_4,56.990394706156714
guyana,Equatorial,wc2.1_2.5m_bio_5,31.474268699759868
guyana,Equatorial,wc2.1_2.5m_bio_6,20.985074541462
guyana,Equatorial,wc2.1_2.5m_bio_7,10.489194158297867
guyana,Equatorial,wc2.1_2.5m_bio_8,25.550079516510465
guyana,Equatorial,wc2.1_2.5m_bio_9,26.02408941468196
haiti,Equatorial,wc2.1_2.5m_bio_1,24.07493444589468
haiti,Equatorial,wc2.1_2.5m_bio_10,25.413799139169548
haiti,Equatorial,wc2.1_2.5m_bio_11,22.435223506047176
haiti,Equatorial,wc2.1_2.5m_bio_12,1396
haiti,Equatorial,wc2.1_2.5m_bio_13,221.15384615384616
haiti,Equatorial,wc2.1_2.5m_bio_14,35.15384615384615
haiti,Equatorial,wc2.1_2.5m_bio_15,55.97950906019945
haiti,Equatorial,wc2.1_2.5m_bio_16,552.1538461538462
haiti,Equatorial,wc2.1_2.5m_bio_17,123.23076923076923
haiti,Equatorial,wc2.1_2.5m_bio_18,435.9230769230769
haiti,Equatorial,wc2.1_2.5m_bio_19,133.84615384615384
haiti,Equatorial,wc2.1_2.5m_bio_2,11.063980249258188
haiti,Equatorial,wc2.1_2.5m_bio_3,73.53525719275841
haiti,Equatorial,wc2.1_2.5m_bio_4,121.840452340933
haiti,Equatorial,wc2.1_2.5m_bio_5,31.081758058988132
haiti,Equatorial,wc2.1_2.5m_bio_6,16.04147823040302
haiti,Equatorial,wc2.1_2.5m_bio_7,15.040279828585112
haiti,Equatorial,wc2.1_2.5m_bio_8,25.007455972524788
haiti,Equatorial,wc2.1_2.5m_bio_9,22.52517216022198
honduras,Equatorial,wc2.1_2.5m_bio_1,24.13042960295806
honduras,Equatorial,wc2.1_2.5m_bio_10,25.635017343469567
honduras,Equatorial,wc2.1_2.5m_bio_11,22.267689112070446
honduras,Equatorial,wc2.1_2.5m_bio_12,1742.837837837838
honduras,Equatorial,wc2.1_2.5m_bio_13,275.3783783783784
honduras,Equatorial,wc2.1_2.5m_bio_14,34.67567567567568
honduras,Equatorial,wc2.1_2.5m_bio_15,60.44528352892077
honduras,Equatorial,wc2.1_2.5m_bio_16,713.7567567567568
honduras,Equatorial,wc2.1_2.5m_bio_17,132.72972972972974
honduras,Equatorial,wc2.1_2.5m_bio_18,418.2162162162162
honduras,Equatorial,wc2.1_2.5m_bio_19,300.56756756756755
honduras,Equatorial,wc2.1_2.5m_bio_2,10.093397591565106
honduras,Equatorial,wc2.1_2.5m_bio_3,68.74560010755384
honduras,Equatorial,wc2.1_2.5m_bio_4,137.60625169083877
honduras,Equatorial,wc2.1_2.5m_bio_5,31.650702966226113
honduras,Equatorial,wc2.1_2.5m_bio_6,16.964900970458984
honduras,Equatorial,wc2.1_2.5m_bio_7,14.685801969992148
honduras,Equatorial,wc2.1_2.5m_bio_8,24.413213936058252
honduras,Equatorial,wc2.1_2.5m_bio_9,23.933885935190563
hungary,Boreal,wc2.1_2.5m_bio_1,10.063268039537514
hungary,Boreal,wc2.1_2.5m_bio_10,19.912202752154805
hungary,Boreal,wc2.1_2.5m_bio_11,-0.35498550234605436
hungary,Boreal,wc2.1_2.5m_bio_12,543.695652173913
hungary,Boreal,wc2.1_2.5m_bio_13,68.47826086956522
hungary,Boreal,wc2.1_2.5m_bio_14,27.608695652173914
hungary,Boreal,wc2.1_2.5m_bio_15,29.502564969270125
hungary,Boreal,wc2.1_2.5m_bio_16,188.47826086956522
hungary,Boreal,wc2.1_2.5m_bio_17,87
hungary,Boreal,wc2.1_2.5m_bio_18,184.04347826086956
hungary,Boreal,wc2.1_2.5m_bio_19,98.56521739130434
hungary,Boreal,wc2.1_2.5m_bio_2,9.761550654535709
hungary,Boreal,wc2.1_2.5m_bio_3,31.30724334716797
hungary,Boreal,wc2.1_2.5m_bio_4,823.0753996475884
hungary,Boreal,wc2.1_2.5m_bio_5,26.65686922488005
hungary,Boreal,wc2.1_2.5m_bio_6,-4.492521700651749
hungary,Boreal,wc2.1_2.5m_bio_7,31.1493908426036
hungary,Boreal,wc2.1_2.5m_bio_8,18.766521536785625
hungary,Boreal,wc2.1_2.5m_bio_9,1.4299999877162601
hungary,Temperate,wc2.1_2.5m_bio_1,10.49905304475264
hungary,Temperate,wc2.1_2.5m_bio_10,20.02839400551536
hungary,Temperate,wc2.1_2.5m_bio_11,0.5778787945481864
hungary,Temperate,wc2.1_2.5m_bio_12,576.3636363636364
hungary,Temperate,wc2.1_2.5m_bio_13,70.22727272727273
hungary,Temperate,wc2.1_2.5m_bio_14,28
hungary,Temperate,wc2.1_2.5m_bio_15,27.751653757962313
hungary,Temperate,wc2.1_2.5m_bio_16,192.1818181818182
hungary,Temperate,wc2.1_2.5m_bio_17,90.81818181818181
hungary,Temperate,wc2.1_2.5m_bio_18,191.4090909090909
hungary,Temperate,wc2.1_2.5m_bio_19,102.4090909090909
hungary,Temperate,wc2.1_2.5m_bio_2,9.349560607563365
hungary,Temperate,wc2.1_2.5m_bio_3,31.149535699324176
hungary,Temperate,wc2.1_2.5m_bio_4,791.5478238192471
hungary,Temperate,wc2.1_2.5m_bio_5,26.49909088828347
hungary,Temperate,wc2.1_2.5m_bio_6,-3.474000020460649
hungary,Temperate,wc2.1_2.5m_bio_7,29.973090865395285
hungary,Temperate,wc2.1_2.5m_bio_8,19.42660617828369
hungary,Temperate,wc2.1_2.5m_bio_9,2.230727260762995
iceland,Boreal,wc2.1_2.5m_bio_1,3.0076666593551638
iceland,Boreal,wc2.1_2.5m_bio_10,9.100000095367431
iceland,Boreal,wc2.1_2.5m_bio_11,-1.7957333147525787
iceland,Boreal,wc2.1_2.5m_bio_12,843.6
iceland,Boreal,wc2.1_2.5m_bio_13,87.2
iceland,Boreal,wc2.1_2.5m_bio_14,49.4
iceland,Boreal,wc2.1_2.5m_bio_15,19.009427070617676
iceland,Boreal,wc2.1_2.5m_bio_16,248.5
iceland,Boreal,wc2.1_2.5m_bio_17,157
iceland,Boreal,wc2.1_2.5m_bio_18,184.7
iceland,Boreal,wc2.1_2.5m_bio_19,238.8
iceland,Boreal,wc2.1_2.5m_bio_2,5.36626672744751
iceland,Boreal,wc2.1_2.5m_bio_3,31.037463188171387
iceland,Boreal,wc2.1_2.5m_bio_4,458.9435272216797
iceland,Boreal,wc2.1_2.5m_bio_5,12.627600193023682
iceland,Boreal,wc2.1_2.5m_bio_6,-4.650000047683716
iceland,Boreal,wc2.1_2.5m_bio_7,17.27760009765625
iceland,Boreal,wc2.1_2.5m_bio_8,0.19293336160480976
iceland,Boreal,wc2.1_2.5m_bio_9,5.895866632461548
iceland,Polar,wc2.1_2.5m_bio_1,0.6596421267116263
iceland,Polar,wc2.1_2.5m_bio_10,6.738407988702098
iceland,Polar,wc2.1_2.5m_bio_11,-3.714979532264894
iceland,Polar,wc2.1_2.5m_bio_12,1031.241935483871
iceland,Polar,wc2.1_2.5m_bio_13,113.93548387096774
iceland,Polar,wc2.1_2.5m_bio_14,58.87096774193548
iceland,Polar,wc2.1_2.5m_bio_15,20.193157657500237
iceland,Polar,wc2.1_2.5m_bio_16,309.83870967741933
iceland,Polar,wc2.1_2.5m_bio_17,191.1451612903226
iceland,Polar,wc2.1_2.5m_bio_18,236.58064516129033
iceland,Polar,wc2.1_2.5m_bio_19,274.0967741935484
iceland,Polar,wc2.1_2.5m_bio_2,4.963905815155275
iceland,Polar,wc2.1_2.5m_bio_3,29.66329183886128
iceland,Polar,wc2.1_2.5m_bio_4,442.84215570265246
iceland,Polar,wc2.1_2.5m_bio_5,10.336645164797384
iceland,Polar,wc2.1_2.5m_bio_6,-6.3775859109817015
iceland,Polar,wc2.1_2.5m_bio_7,16.71423113730646
iceland,Polar,wc2.1_2.5m_bio_8,1.5728392150673656
iceland,Polar,wc2.1_2.5m_bio_9,1.9351871801960854
iceland,Temperate,wc2.1_2.5m_bio_1,4.532881855964661
iceland,Temperate,wc2.1_2.5m_bio_10,10.289972305297852
iceland,Temperate,wc2.1_2.5m_bio_11,-0.10697221383452415
iceland,Temperate,wc2.1_2.5m_bio_12,1388
iceland,Temperate,wc2.1_2.5m_bio_13,142
iceland,Temperate,wc2.1_2.5m_bio_14,82.5
iceland,Temperate,wc2.1_2.5m_bio_15,18.704081535339355
iceland,Temperate,wc2.1_2.5m_bio_16,405.5
iceland,Temperate,wc2.1_2.5m_bio_17,267
iceland,Temperate,wc2.1_2.5m_bio_18,309.75
iceland,Temperate,wc2.1_2.5m_bio_19,388
iceland,Temperate,wc2.1_2.5m_bio_2,4.992486119270325
iceland,Temperate,wc2.1_2.5m_bio_3,30.282104969024658
iceland,Temperate,wc2.1_2.5m_bio_4,432.37525939941406
iceland,Temperate,wc2.1_2.5m_bio_5,13.791999816894531
iceland,Temperate,wc2.1_2.5m_bio_6,-2.6831666827201843
iceland,Temperate,wc2.1_2.5m_bio_7,16.47516632080078
iceland,Temperate,wc2.1_2.5m_bio_8,4.850888758897781
iceland,Temperate,wc2.1_2.5m_bio_9,6.919222116470337
india,Arid,wc2.1_2.5m_bio_1,26.203706119768917
india,Arid,wc2.1_2.5m_bio_10,31.91237764084301
india,Arid,wc2.1_2.5m_bio_11,19.528944085581234
india,Arid,wc2.1_2.5m_bio_12,542.0830670926517
india,Arid,wc2.1_2.5m_bio_13,165.19808306709265
india,Arid,wc2.1_2.5m_bio_14,1.817891373801917
india,Arid,wc2.1_2.5m_bio_15,127.44325346535388
india,Arid,wc2.1_2.5m_bio_16,386.9840255591054
india,Arid,wc2.1_2.5m_bio_17,10.91373801916933
india,Arid,wc2.1_2.5m_bio_18,122.03194888178913
india,Arid,wc2.1_2.5m_bio_19,28.817891373801917
india,Arid,wc2.1_2.5m_bio_2,13.417538405226443
india,Arid,wc2.1_2.5m_bio_3,46.83309414897102
india,Arid,wc2.1_2.5m_bio_4,498.7307633957543
india,Arid,wc2.1_2.5m_bio_5,40.07886423470494
india,Arid,wc2.1_2.5m_bio_6,10.751928212162786
india,Arid,wc2.1_2.5m_bio_7,29.326936045393776
india,Arid,wc2.1_2.5m_bio_8,28.50580699908467
india,Arid,wc2.1_2.5m_bio_9,23.579673279588597
india,Boreal,wc2.1_2.5m_bio_1,10.777833223342896
india,Boreal,wc2.1_2.5m_bio_10,18.217833439509075
india,Boreal,wc2.1_2.5m_bio_11,2.0172776530186334
india,Boreal,wc2.1_2.5m_bio_12,1148.3333333333333
india,Boreal,wc2.1_2.5m_bio_13,204.08333333333334
india,Boreal,wc2.1_2.5m_bio_14,23.416666666666668
india,Boreal,wc2.1_2.5m_bio_15,59.35190931955973
india,Boreal,wc2.1_2.5m_bio_16,521.25
india,Boreal,wc2.1_2.5m_bio_17,116.16666666666667
india,Boreal,wc2.1_2.5m_bio_18,422.0833333333333
india,Boreal,wc2.1_2.5m_bio_19,245.16666666666666
india,Boreal,wc2.1_2.5m_bio_2,10.712611039479574
india,Boreal,wc2.1_2.5m_bio_3,37.447156270345054
india,Boreal,wc2.1_2.5m_bio_4,665.8628997802734
india,Boreal,wc2.1_2.5m_bio_5,24.177666664123535
india,Boreal,wc2.1_2.5m_bio_6,-4.455666703482469
india,Boreal,wc2.1_2.5m_bio_7,28.63333336512248
india,Boreal,wc2.1_2.5m_bio_8,11.947055657704672
india,Boreal,wc2.1_2.5m_bio_9,7.454111049572627
india,Equatorial,wc2.1_2.5m_bio_1,26.308452263474464
india,Equatorial,wc2.1_2.5m_bio_10,30.7627245982488
india,Equatorial,wc2.1_2.5m_bio_11,21.990587040781975
india,Equatorial,wc2.1_2.5m_bio_12,1384.03125
india,Equatorial,wc2.1_2.5m_bio_13,400.7057291666667
india,Equatorial,wc2.1_2.5m_bio_14,4.341145833333333
india,Equatorial,wc2.1_2.5m_bio_15,118.23826444149017
india,Equatorial,wc2.1_2.5m_bio_16,963.1276041666666
india,Equatorial,wc2.1_2.5m_bio_17,22.518229166666668
india,Equatorial,wc2.1_2.5m_bio_18,223.34635416666666
india,Equatorial,wc2.1_2.5m_bio_19,129.0625
india,Equatorial,wc2.1_2.5m_bio_2,11.054970993349949
india,Equatorial,wc2.1_2.5m_bio_3,47.90985982616743
india,Equatorial,wc2.1_2.5m_bio_4,346.01082728306454
india,Equatorial,wc2.1_2.5m_bio_5,38.21864928801855
india,Equatorial,wc2.1_2.5m_bio_6,14.508097276091576
india,Equatorial,wc2.1_2.5m_bio_7,23.710552046696346
india,Equatorial,wc2.1_2.5m_bio_8,26.534264425436657
india,Equatorial,wc2.1_2.5m_bio_9,23.662813261151314
india,Polar,wc2.1_2.5m_bio_1,-2.8506805511812368
india,Polar,wc2.1_2.5m_bio_10,7.084194431702296
india,Polar,wc2.1_2.5m_bio_11,-13.362527772784233
india,Polar,wc2.1_2.5m_bio_12,411.8958333333333
india,Polar,wc2.1_2.5m_bio_13,85.41666666666667
india,Polar,wc2.1_2.5m_bio_14,7.791666666666667
india,Polar,wc2.1_2.5m_bio_15,68.33505614598592
india,Polar,wc2.1_2.5m_bio_16,208.47916666666666
india,Polar,wc2.1_2.5m_bio_17,38.666666666666664
india,Polar,wc2.1_2.5m_bio_18,177.0625
india,Polar,wc2.1_2.5m_bio_19,77.29166666666667
india,Polar,wc2.1_2.5m_bio_2,10.89179160197576
india,Polar,wc2.1_2.5m_bio_3,32.915306289990745
india,Polar,wc2.1_2.5m_bio_4,838.6311327616373
india,Polar,wc2.1_2.5m_bio_5,13.194499949614206
india,Polar,wc2.1_2.5m_bio_6,-20.294583300749462
india,Polar,wc2.1_2.5m_bio_7,33.48908317089081
india,Polar,wc2.1_2.5m_bio_8,3.888874962925911
india,Polar,wc2.1_2.5m_bio_9,-6.8318472111908095
india,Temperate,wc2.1_2.5m_bio_1,23.53550043293074
india,Temperate,wc2.1_2.5m_bio_10,29.329559382270364
india,Temperate,wc2.1_2.5m_bio_11,16.32836417390519
india,Temperate,wc2.1_2.5m_bio_12,1482.515406162465
india,Temperate,wc2.1_2.5m_bio_13,390.10084033613447
india,Temperate,wc2.1_2.5m_bio_14,5.30812324929972
india,Temperate,wc2.1_2.5m_bio_15,120.14302978729333
india,Temperate,wc2.1_2.5m_bio_16,994.8347338935574
india,Temperate,wc2.1_2.5m_bio_17,36.016806722689076
india,Temperate,wc2.1_2.5m_bio_18,543.9355742296918
india,Temperate,wc2.1_2.5m_bio_19,51.57142857142857
india,Temperate,wc2.1_2.5m_bio_2,11.58345470909311
india,Temperate,wc2.1_2.5m_bio_3,41.53510552628033
india,Temperate,wc2.1_2.5m_bio_4,529.3432788154324
india,Temperate,wc2.1_2.5m_bio_5,36.5276974696739
india,Temperate,wc2.1_2.5m_bio_6,8.394901975947601
india,Temperate,wc2.1_2.5m_bio_7,28.132795483458278
india,Temperate,wc2.1_2.5m_bio_8,26.80836971133363
india,Temperate,wc2.1_2.5m_bio_9,20.993312806475398
indonesia,Equatorial,wc2.1_2.5m_bio_1,25.43259758851966
indonesia,Equatorial,wc2.1_2.5m_bio_10,25.88186111255568
indonesia,Equatorial,wc2.1_2.5m_bio_11,24.898616069028165
indonesia,Equatorial,wc2.1_2.5m_bio_12,2730.96768707483
indonesia,Equatorial,wc2.1_2.5m_bio_13,326.3809523809524
indonesia,Equatorial,wc2.1_2.5m_bio_14,134.41156462585033
indonesia,Equatorial,wc2.1_2.5m_bio_15,31.32071630160014
indonesia,Equatorial,wc2.1_2.5m_bio_16,907.8231292517007
indonesia,Equatorial,wc2.1_2.5m_bio_17,446.1258503401361
indonesia,Equatorial,wc2.1_2.5m_bio_18,661.0340136054422
indonesia,Equatorial,wc2.1_2.5m_bio_19,721.5714285714286
indonesia,Equatorial,wc2.1_2.5m_bio_2,8.220762802630055
indonesia,Equatorial,wc2.1_2.5m_bio_3,85.51114749259689
indonesia,Equatorial,wc2.1_2.5m_bio_4,41.69009756879742
indonesia,Equatorial,wc2.1_2.5m_bio_5,30.354979356129963
indonesia,Equatorial,wc2.1_2.5m_bio_6,20.711198954355147
indonesia,Equatorial,wc2.1_2.5m_bio_7,9.643780401774816
indonesia,Equatorial,wc2.1_2.5m_bio_8,25.340220602191224
indonesia,Equatorial,wc2.1_2.5m_bio_9,25.34403676078433
indonesia,Temperate,wc2.1_2.5m_bio_1,14.823437452316284
indonesia,Temperate,wc2.1_2.5m_bio_10,15.170583546161652
indonesia,Temperate,wc2.1_2.5m_bio_11,14.421666622161865
indonesia,Temperate,wc2.1_2.5m_bio_12,3280.5
indonesia,Temperate,wc2.1_2.5m_bio_13,346.0625
indonesia,Temperate,wc2.1_2.5m_bio_14,215.625
indonesia,Temperate,wc2.1_2.5m_bio_15,17.176894634962082
indonesia,Temperate,wc2.1_2.5m_bio_16,979.4375
indonesia,Temperate,wc2.1_2.5m_bio_17,682.9375
indonesia,Temperate,wc2.1_2.5m_bio_18,809.0625
indonesia,Temperate,wc2.1_2.5m_bio_19,783.875
indonesia,Temperate,wc2.1_2.5m_bio_2,9.986041724681854
indonesia,Temperate,wc2.1_2.5m_bio_3,90.02833700180054
indonesia,Temperate,wc2.1_2.5m_bio_4,33.35700786113739
indonesia,Temperate,wc2.1_2.5m_bio_5,20.428000152111053
indonesia,Temperate,wc2.1_2.5m_bio_6,9.33674992620945
indonesia,Temperate,wc2.1_2.5m_bio_7,11.091250121593475
indonesia,Temperate,wc2.1_2.5m_bio_8,14.782083332538605
indonesia,Temperate,wc2.1_2.5m_bio_9,14.800749957561493
iran,Arid,wc2.1_2.5m_bio_1,18.190465416352982
iran,Arid,wc2.1_2.5m_bio_10,28.55300719460366
iran,Arid,wc2.1_2.5m_bio_11,7.3155314725859855
iran,Arid,wc2.1_2.5m_bio_12,206.79112754158965
iran,Arid,wc2.1_2.5m_bio_13,42.66913123844732
iran,Arid,wc2.1_2.5m_bio_14,1.645101663585952
iran,Arid,wc2.1_2.5m_bio_15,84.40462571812205
iran,Arid,wc2.1_2.5m_bio_16,110.38447319778189
iran,Arid,wc2.1_2.5m_bio_17,8.1090573012939
iran,Arid,wc2.1_2.5m_bio_18,12.362292051756008
iran,Arid,wc2.1_2.5m_bio_19,94.2735674676525
iran,Arid,wc2.1_2.5m_bio_2,13.415230997829472
iran,Arid,wc2.1_2.5m_bio_3,37.08646084332422
iran,Arid,wc2.1_2.5m_bio_4,862.1967631849476
iran,Arid,wc2.1_2.5m_bio_5,36.667397416232916
iran,Arid,wc2.1_2.5m_bio_6,0.4151936506812914
iran,Arid,wc2.1_2.5m_bio_7,36.252203699841736
iran,Arid,wc2.1_2.5m_bio_8,10.0382386728047
iran,Arid,wc2.1_2.5m_bio_9,27.024684283737773
iran,Boreal,wc2.1_2.5m_bio_1,10.859562926822239
iran,Boreal,wc2.1_2.5m_bio_10,22.10348154703776
iran,Boreal,wc2.1_2.5m_bio_11,-0.5452740644415219
iran,Boreal,wc2.1_2.5m_bio_12,337.1333333333333
iran,Boreal,wc2.1_2.5m_bio_13,62.044444444444444
iran,Boreal,wc2.1_2.5m_bio_14,1.4666666666666666
iran,Boreal,wc2.1_2.5m_bio_15,76.4488395690918
iran,Boreal,wc2.1_2.5m_bio_16,159.48888888888888
iran,Boreal,wc2.1_2.5m_bio_17,7.2444444444444445
iran,Boreal,wc2.1_2.5m_bio_18,10.822222222222223
iran,Boreal,wc2.1_2.5m_bio_19,136.22222222222223
iran,Boreal,wc2.1_2.5m_bio_2,13.878992525736491
iran,Boreal,wc2.1_2.5m_bio_3,35.43658125135634
iran,Boreal,wc2.1_2.5m_bio_4,918.4789591471355
iran,Boreal,wc2.1_2.5m_bio_5,31.97982228597005
iran,Boreal,wc2.1_2.5m_bio_6,-7.114400010638767
iran,Boreal,wc2.1_2.5m_bio_7,39.09422238667806
iran,Boreal,wc2.1_2.5m_bio_8,3.141525928841697
iran,Boreal,wc2.1_2.5m_bio_9,21.6675111134847
iran,Temperate,wc2.1_2.5m_bio_1,15.602971567426408
iran,Temperate,wc2.1_2.5m_bio_10,26.352685710362024
iran,Temperate,wc2.1_2.5m_bio_11,4.877676197407501
iran,Temperate,wc2.1_2.5m_bio_12,507.51428571428573
iran,Temperate,wc2.1_2.5m_bio_13,94.65714285714286
iran,Temperate,wc2.1_2.5m_bio_14,4.742857142857143
iran,Temperate,wc2.1_2.5m_bio_15,80.78073414393833
iran,Temperate,wc2.1_2.5m_bio_16,248.6
iran,Temperate,wc2.1_2.5m_bio_17,19.4
iran,Temperate,wc2.1_2.5m_bio_18,21.685714285714287
iran,Temperate,wc2.1_2.5m_bio_19,212.85714285714286
iran,Temperate,wc2.1_2.5m_bio_2,13.035885688236782
iran,Temperate,wc2.1_2.5m_bio_3,35.28097337995257
iran,Temperate,wc2.1_2.5m_bio_4,878.6319370814732
iran,Temperate,wc2.1_2.5m_bio_5,35.3345142364502
iran,Temperate,wc2.1_2.5m_bio_6,-1.2938285461493901
iran,Temperate,wc2.1_2.5m_bio_7,36.62834276471819
iran,Temperate,wc2.1_2.5m_bio_8,7.304228631087712
iran,Temperate,wc2.1_2.5m_bio_9,25.7886285509382
iraq,Arid,wc2.1_2.5m_bio_1,22.80137804530611
iraq,Arid,wc2.1_2.5m_bio_10,33.68340479447538
iraq,Arid,wc2.1_2.5m_bio_11,11.127176729624704
iraq,Arid,wc2.1_2.5m_bio_12,146.75838926174498
iraq,Arid,wc2.1_2.5m_bio_13,29.389261744966444
iraq,Arid,wc2.1_2.5m_bio_14,0
iraq,Arid,wc2.1_2.5m_bio_15,87.76626812211619
iraq,Arid,wc2.1_2.5m_bio_16,79.02013422818791
iraq,Arid,wc2.1_2.5m_bio_17,0.026845637583892617
iraq,Arid,wc2.1_2.5m_bio_18,0.03355704697986577
iraq,Arid,wc2.1_2.5m_bio_19,77.91946308724832
iraq,Arid,wc2.1_2.5m_bio_2,14.80539150366047
iraq,Arid,wc2.1_2.5m_bio_3,38.07486953991371
iraq,Arid,wc2.1_2.5m_bio_4,925.306230173815
iraq,Arid,wc2.1_2.5m_bio_5,43.01532865690705
iraq,Arid,wc2.1_2.5m_bio_6,4.11602683955391
iraq,Arid,wc2.1_2.5m_bio_7,38.89930174654762
iraq,Arid,wc2.1_2.5m_bio_8,11.782398223876953
iraq,Arid,wc2.1_2.5m_bio_9,33.68086787998276
iraq,Boreal,wc2.1_2.5m_bio_1,10.171667098999023
iraq,Boreal,wc2.1_2.5m_bio_10,22.0260009765625
iraq,Boreal,wc2.1_2.5m_bio_11,-1.8246666193008423
iraq,Boreal,wc2.1_2.5m_bio_12,683
iraq,Boreal,wc2.1_2.5m_bio_13,131
iraq,Boreal,wc2.1_2.5m_bio_14,0
iraq,Boreal,wc2.1_2.5m_bio_15,83.90293884277344
iraq,Boreal,wc2.1_2.5m_bio_16,339
iraq,Boreal,wc2.1_2.5m_bio_17,2
iraq,Boreal,wc2.1_2.5m_bio_18,4
iraq,Boreal,wc2.1_2.5m_bio_19,297
iraq,Boreal,wc2.1_2.5m_bio_2,12.812000274658203
iraq,Boreal,wc2.1_2.5m_bio_3,32.48149108886719
iraq,Boreal,wc2.1_2.5m_bio_4,973.10711669921875
iraq,Boreal,wc2.1_2.5m_bio_5,31.86400032043457
iraq,Boreal,wc2.1_2.5m_bio_6,-7.579999923706055
iraq,Boreal,wc2.1_2.5m_bio_7,39.444000244140625
iraq,Boreal,wc2.1_2.5m_bio_8,-1.0326666831970215
iraq,Boreal,wc2.1_2.5m_bio_9,21.850000381469727
iraq,Temperate,wc2.1_2.5m_bio_1,17.917191648483275
iraq,Temperate,wc2.1_2.5m_bio_10,30.161299896240234
iraq,Temperate,wc2.1_2.5m_bio_11,5.822799976170063
iraq,Temperate,wc2.1_2.5m_bio_12,687.1
iraq,Temperate,wc2.1_2.5m_bio_13,134.15
iraq,Temperate,wc2.1_2.5m_bio_14,0.05
iraq,Temperate,wc2.1_2.5m_bio_15,93.02472190856933
iraq,Temperate,wc2.1_2.5m_bio_16,374.1
iraq,Temperate,wc2.1_2.5m_bio_17,0.4
iraq,Temperate,wc2.1_2.5m_bio_18,0.5
iraq,Temperate,wc2.1_2.5m_bio_19,351.25
iraq,Temperate,wc2.1_2.5m_bio_2,12.533850002288819
iraq,Temperate,wc2.1_2.5m_bio_3,31.77709741592407
iraq,Temperate,wc2.1_2.5m_bio_4,994.7695892333984
iraq,Temperate,wc2.1_2.5m_bio_5,39.35680027008057
iraq,Temperate,wc2.1_2.5m_bio_6,-0.038800029829144475
iraq,Temperate,wc2.1_2.5m_bio_7,39.39560050964356
iraq,Temperate,wc2.1_2.5m_bio_8,7.598100042343139
iraq,Temperate,wc2.1_2.5m_bio_9,30.158099937438966
ireland,Temperate,wc2.1_2.5m_bio_1,9.43693208694458
ireland,Temperate,wc2.1_2.5m_bio_10,14.182657146453858
ireland,Temperate,wc2.1_2.5m_bio_11,5.320472323894501
ireland,Temperate,wc2.1_2.5m_bio_12,1277.275
ireland,Temperate,wc2.1_2.5m_bio_13,142.4
ireland,Temperate,wc2.1_2.5m_bio_14,73.15
ireland,Temperate,wc2.1_2.5m_bio_15,23.805492877960205
ireland,Temperate,wc2.1_2.5m_bio_16,416.1
ireland,Temperate,wc2.1_2.5m_bio_17,231.175
ireland,Temperate,wc2.1_2.5m_bio_18,264.625
ireland,Temperate,wc2.1_2.5m_bio_19,381.925
ireland,Temperate,wc2.1_2.5m_bio_2,6.51583456993103
ireland,Temperate,wc2.1_2.5m_bio_3,40.38575439453125
ireland,Temperate,wc2.1_2.5m_bio_4,369.081526184082
ireland,Temperate,wc2.1_2.5m_bio_5,18.466573858261107
ireland,Temperate,wc2.1_2.5m_bio_6,2.352442190051079
ireland,Temperate,wc2.1_2.5m_bio_7,16.114131617546082
ireland,Temperate,wc2.1_2.5m_bio_8,6.371464669704437
ireland,Temperate,wc2.1_2.5m_bio_9,11.12796493768692
israel,Arid,wc2.1_2.5m_bio_1,20.02773323059082
israel,Arid,wc2.1_2.5m_bio_10,26.997066497802734
israel,Arid,wc2.1_2.5m_bio_11,11.991200065612793
israel,Arid,wc2.1_2.5m_bio_12,143.6
israel,Arid,wc2.1_2.5m_bio_13,33
israel,Arid,wc2.1_2.5m_bio_14,0
israel,Arid,wc2.1_2.5m_bio_15,100.2242431640625
israel,Arid,wc2.1_2.5m_bio_16,90.8
israel,Arid,wc2.1_2.5m_bio_17,0
israel,Arid,wc2.1_2.5m_bio_18,0
israel,Arid,wc2.1_2.5m_bio_19,90.8
israel,Arid,wc2.1_2.5m_bio_2,12.072533226013183
israel,Arid,wc2.1_2.5m_bio_3,42.88062973022461
israel,Arid,wc2.1_2.5m_bio_4,620.1401489257812
israel,Arid,wc2.1_2.5m_bio_5,34.12960014343262
israel,Arid,wc2.1_2.5m_bio_6,5.925599813461304
israel,Arid,wc2.1_2.5m_bio_7,28.204000091552736
israel,Arid,wc2.1_2.5m_bio_8,11.991200065612793
israel,Arid,wc2.1_2.5m_bio_9,26.983599853515624
israel,Temperate,wc2.1_2.5m_bio_1,18.19083309173584
israel,Temperate,wc2.1_2.5m_bio_10,25.103167057037354
israel,Temperate,wc2.1_2.5m_bio_11,10.595333695411682
israel,Temperate,wc2.1_2.5m_bio_12,566.25
israel,Temperate,wc2.1_2.5m_bio_13,139.5
israel,Temperate,wc2.1_2.5m_bio_14,0
israel,Temperate,wc2.1_2.5m_bio_15,109.7824821472168
israel,Temperate,wc2.1_2.5m_bio_16,367.75
israel,Temperate,wc2.1_2.5m_bio_17,0.25
israel,Temperate,wc2.1_2.5m_bio_18,0.75
israel,Temperate,wc2.1_2.5m_bio_19,367.75
israel,Temperate,wc2.1_2.5m_bio_2,10.67900013923645
israel,Temperate,wc2.1_2.5m_bio_3,41.527488708496094
israel,Temperate,wc2.1_2.5m_bio_4,601.7455139160156
israel,Temperate,wc2.1_2.5m_bio_5,31.279000282287598
israel,Temperate,wc2.1_2.5m_bio_6,5.490000069141388
israel,Temperate,wc2.1_2.5m_bio_7,25.789000034332275
israel,Temperate,wc2.1_2.5m_bio_8,10.595333695411682
israel,Temperate,wc2.1_2.5m_bio_9,24.921833038330078
italy,Arid,wc2.1_2.5m_bio_1,14.791835904121399
italy,Arid,wc2.1_2.5m_bio_10,22.4146249294281
italy,Arid,wc2.1_2.5m_bio_11,8.000281393527985
italy,Arid,wc2.1_2.5m_bio_12,463.75
italy,Arid,wc2.1_2.5m_bio_13,58.25
italy,Arid,wc2.1_2.5m_bio_14,19.5
italy,Arid,wc2.1_2.5m_bio_15,29.9099178314209
italy,Arid,wc2.1_2.5m_bio_16,161.25
italy,Arid,wc2.1_2.5m_bio_17,68
italy,Arid,wc2.1_2.5m_bio_18,71.75
italy,Arid,wc2.1_2.5m_bio_19,132
italy,Arid,wc2.1_2.5m_bio_2,7.94928652048111
italy,Arid,wc2.1_2.5m_bio_3,31.856017589569092
italy,Arid,wc2.1_2.5m_bio_4,599.4639663696289
italy,Arid,wc2.1_2.5m_bio_5,28.493062496185303
italy,Arid,wc2.1_2.5m_bio_6,3.755999982357025
italy,Arid,wc2.1_2.5m_bio_7,24.737062692642212
italy,Arid,wc2.1_2.5m_bio_8,13.413562297821045
italy,Arid,wc2.1_2.5m_bio_9,22.085406064987183
italy,Boreal,wc2.1_2.5m_bio_1,5.668142795562744
italy,Boreal,wc2.1_2.5m_bio_10,13.778094972882952
italy,Boreal,wc2.1_2.5m_bio_11,-1.8511904712234224
italy,Boreal,wc2.1_2.5m_bio_12,938.2142857142857
italy,Boreal,wc2.1_2.5m_bio_13,111.42857142857143
italy,Boreal,wc2.1_2.5m_bio_14,42.42857142857143
italy,Boreal,wc2.1_2.5m_bio_15,31.438979830060685
italy,Boreal,wc2.1_2.5m_bio_16,313
italy,Boreal,wc2.1_2.5m_bio_17,146.42857142857142
italy,Boreal,wc2.1_2.5m_bio_18,291.2142857142857
italy,Boreal,wc2.1_2.5m_bio_19,157
italy,Boreal,wc2.1_2.5m_bio_2,8.070619140352521
italy,Boreal,wc2.1_2.5m_bio_3,31.841961315699987
italy,Boreal,wc2.1_2.5m_bio_4,645.96942138671875
italy,Boreal,wc2.1_2.5m_bio_5,19.399142742156982
italy,Boreal,wc2.1_2.5m_bio_6,-5.926285641533988
italy,Boreal,wc2.1_2.5m_bio_7,25.325428417750768
italy,Boreal,wc2.1_2.5m_bio_8,10.700094980852944
italy,Boreal,wc2.1_2.5m_bio_9,1.44104765355587
italy,Polar,wc2.1_2.5m_bio_1,2.0609166100621223
italy,Polar,wc2.1_2.5m_bio_10,9.66700029373169
italy,Polar,wc2.1_2.5m_bio_11,-4.855999901890755
italy,Polar,wc2.1_2.5m_bio_12,707.75
italy,Polar,wc2.1_2.5m_bio_13,77.5
italy,Polar,wc2.1_2.5m_bio_14,39.25
italy,Polar,wc2.1_2.5m_bio_15,24.51146411895752
italy,Polar,wc2.1_2.5m_bio_16,222
italy,Polar,wc2.1_2.5m_bio_17,134.25
italy,Polar,wc2.1_2.5m_bio_18,209.5
italy,Polar,wc2.1_2.5m_bio_19,142.25
italy,Polar,wc2.1_2.5m_bio_2,7.822166800498962
italy,Polar,wc2.1_2.5m_bio_3,32.10776329040527
italy,Polar,wc2.1_2.5m_bio_4,607.32794189453125
italy,Polar,wc2.1_2.5m_bio_5,15.073000192642212
italy,Polar,wc2.1_2.5m_bio_6,-9.128000140190125
italy,Polar,wc2.1_2.5m_bio_7,24.201000213623047
italy,Polar,wc2.1_2.5m_bio_8,6.540000081062317
italy,Polar,wc2.1_2.5m_bio_9,-0.8863331079483032
italy,Temperate,wc2.1_2.5m_bio_1,13.149509854836039
italy,Temperate,wc2.1_2.5m_bio_10,21.447308710305997
italy,Temperate,wc2.1_2.5m_bio_11,5.453641565719454
italy,Temperate,wc2.1_2.5m_bio_12,799.4455445544554
italy,Temperate,wc2.1_2.5m_bio_13,104.24752475247524
italy,Temperate,wc2.1_2.5m_bio_14,31.316831683168317
italy,Temperate,wc2.1_2.5m_bio_15,35.1161999183126
italy,Temperate,wc2.1_2.5m_bio_16,279.7821782178218
italy,Temperate,wc2.1_2.5m_bio_17,119.37623762376238
italy,Temperate,wc2.1_2.5m_bio_18,145.37623762376236
italy,Temperate,wc2.1_2.5m_bio_19,204.1881188118812
italy,Temperate,wc2.1_2.5m_bio_2,8.606739185824253
italy,Temperate,wc2.1_2.5m_bio_3,32.68598486645387
italy,Temperate,wc2.1_2.5m_bio_4,658.9168803904316
italy,Temperate,wc2.1_2.5m_bio_5,27.736563314305673
italy,Temperate,wc2.1_2.5m_bio_6,1.4093079768711387
italy,Temperate,wc2.1_2.5m_bio_7,26.327255324561996
italy,Temperate,wc2.1_2.5m_bio_8,12.715875814456751
italy,Temperate,wc2.1_2.5m_bio_9,15.78482705295676
ivory_coast,Equatorial,wc2.1_2.5m_bio_1,26.154340934753417
ivory_coast,Equatorial,wc2.1_2.5m_bio_10,27.772377014160156
ivory_coast,Equatorial,wc2.1_2.5m_bio_11,24.7452710758556
ivory_coast,Equatorial,wc2.1_2.5m_bio_12,1270.9636363636364
ivory_coast,Equatorial,wc2.1_2.5m_bio_13,241.93636363636364
ivory_coast,Equatorial,wc2.1_2.5m_bio_14,10.954545454545455
ivory_coast,Equatorial,wc2.1_2.5m_bio_15,70.62938072898172
ivory_coast,Equatorial,wc2.1_2.5m_bio_16,591.6727272727272
ivory_coast,Equatorial,wc2.1_2.5m_bio_17,65.5909090909091
ivory_coast,Equatorial,wc2.1_2.5m_bio_18,252.14545454545456
ivory_coast,Equatorial,wc2.1_2.5m_bio_19,448.42727272727274
ivory_coast,Equatorial,wc2.1_2.5m_bio_2,10.143868229605935
ivory_coast,Equatorial,wc2.1_2.5m_bio_3,68.40275091691451
ivory_coast,Equatorial,wc2.1_2.5m_bio_4,121.4086557561701
ivory_coast,Equatorial,wc2.1_2.5m_bio_5,34.03967271284623
ivory_coast,Equatorial,wc2.1_2.5m_bio_6,19.127475608478893
ivory_coast,Equatorial,wc2.1_2.5m_bio_7,14.912197095697577
ivory_coast,Equatorial,wc2.1_2.5m_bio_8,25.56046692241322
ivory_coast,Equatorial,wc2.1_2.5m_bio_9,26.24757548245517
jamaica,Equatorial,wc2.1_2.5m_bio_1,24.47862482070923
jamaica,Equatorial,wc2.1_2.5m_bio_10,25.66483211517334
jamaica,Equatorial,wc2.1_2.5m_bio_11,23.129000186920166
jamaica,Equatorial,wc2.1_2.5m_bio_12,1824.25
jamaica,Equatorial,wc2.1_2.5m_bio_13,270.5
jamaica,Equatorial,wc2.1_2.5m_bio_14,65.75
jamaica,Equatorial,wc2.1_2.5m_bio_15,44.499319076538086
jamaica,Equatorial,wc2.1_2.5m_bio_16,679.75
jamaica,Equatorial,wc2.1_2.5m_bio_17,223.5
jamaica,Equatorial,wc2.1_2.5m_bio_18,518.25
jamaica,Equatorial,wc2.1_2.5m_bio_19,286.75
jamaica,Equatorial,wc2.1_2.5m_bio_2,8.28974997997284
jamaica,Equatorial,wc2.1_2.5m_bio_3,72.13849830627441
jamaica,Equatorial,wc2.1_2.5m_bio_4,104.79613304138184
jamaica,Equatorial,wc2.1_2.5m_bio_5,30.090999126434326
jamaica,Equatorial,wc2.1_2.5m_bio_6,18.61299991607666
jamaica,Equatorial,wc2.1_2.5m_bio_7,11.477999210357666
jamaica,Equatorial,wc2.1_2.5m_bio_8,25.023499965667725
jamaica,Equatorial,wc2.1_2.5m_bio_9,23.28849983215332
japan,Boreal,wc2.1_2.5m_bio_1,6.9259569800418355
japan,Boreal,wc2.1_2.5m_bio_10,18.323928363081336
japan,Boreal,wc2.1_2.5m_bio_11,-4.522109694239022
japan,Boreal,wc2.1_2.5m_bio_12,1335.4782608695652
japan,Boreal,wc2.1_2.5m_bio_13,178.2608695652174
japan,Boreal,wc2.1_2.5m_bio_14,61.63768115942029
japan,Boreal,wc2.1_2.5m_bio_15,35.24160752780195
japan,Boreal,wc2.1_2.5m_bio_16,493.3478260869565
japan,Boreal,wc2.1_2.5m_bio_17,203.33333333333334
japan,Boreal,wc2.1_2.5m_bio_18,485.4927536231884
japan,Boreal,wc2.1_2.5m_bio_19,233.68115942028984
japan,Boreal,wc2.1_2.5m_bio_2,8.082787043806436
japan,Boreal,wc2.1_2.5m_bio_3,23.94574331200641
japan,Boreal,wc2.1_2.5m_bio_4,938.074923750283
japan,Boreal,wc2.1_2.5m_bio_5,23.997753336809684
japan,Boreal,wc2.1_2.5m_bio_6,-9.722647231558096
japan,Boreal,wc2.1_2.5m_bio_7,33.7204007687776
japan,Boreal,wc2.1_2.5m_bio_8,16.54129863994709
japan,Boreal,wc2.1_2.5m_bio_9,-2.084558627743652
japan,Temperate,wc2.1_2.5m_bio_1,13.800921067424204
japan,Temperate,wc2.1_2.5m_bio_10,23.625759957850665
japan,Temperate,wc2.1_2.5m_bio_11,4.1230930658592575
japan,Temperate,wc2.1_2.5m_bio_12,1862.9770114942528
japan,Temperate,wc2.1_2.5m_bio_13,279.5632183908046
japan,Temperate,wc2.1_2.5m_bio_14,66.32183908045977
japan,Temperate,wc2.1_2.5m_bio_15,46.29660779580303
japan,Temperate,wc2.1_2.5m_bio_16,724.9770114942529
japan,Temperate,wc2.1_2.5m_bio_17,226.28735632183907
japan,Temperate,wc2.1_2.5m_bio_18,659.6091954022988
japan,Temperate,wc2.1_2.5m_bio_19,244.8505747126437
japan,Temperate,wc2.1_2.5m_bio_2,7.9224509754400145
japan,Temperate,wc2.1_2.5m_bio_3,26.716039306816015
japan,Temperate,wc2.1_2.5m_bio_4,797.3315113988416
japan,Temperate,wc2.1_2.5m_bio_5,28.836459981984106
japan,Temperate,wc2.1_2.5m_bio_6,-0.7565121370656737
japan,Temperate,wc2.1_2.5m_bio_7,29.59297206484038
japan,Temperate,wc2.1_2.5m_bio_8,21.359959292685847
japan,Temperate,wc2.1_2.5m_bio_9,5.7317816039611555
jordan,Arid,wc2.1_2.5m_bio_1,18.374621304598723
jordan,Arid,wc2.1_2.5m_bio_10,26.830080957123727
jordan,Arid,wc2.1_2.5m_bio_11,8.759898980458578
jordan,Arid,wc2.1_2.5m_bio_12,114.3030303030303
jordan,Arid,wc2.1_2.5m_bio_13,23.78787878787879
jordan,Arid,wc2.1_2.5m_bio_14,0
jordan,Arid,wc2.1_2.5m_bio_15,82.14725078235973
jordan,Arid,wc2.1_2.5m_bio_16,66.21212121212122
jordan,Arid,wc2.1_2.5m_bio_17,0
jordan,Arid,wc2.1_2.5m_bio_18,0
jordan,Arid,wc2.1_2.5m_bio_19,65.66666666666667
jordan,Arid,wc2.1_2.5m_bio_2,13.498131347425057
jordan,Arid,wc2.1_2.5m_bio_3,41.11153053514885
jordan,Arid,wc2.1_2.5m_bio_4,747.2036613695549
jordan,Arid,wc2.1_2.5m_bio_5,34.974666711055875
jordan,Arid,wc2.1_2.5m_bio_6,2.1196363468964896
jordan,Arid,wc2.1_2.5m_bio_7,32.85503040660512
jordan,Arid,wc2.1_2.5m_bio_8,9.581171758247145
jordan,Arid,wc2.1_2.5m_bio_9,26.78404056664669
kazakhstan,Arid,wc2.1_2.5m_bio_1,6.373382712981497
kazakhstan,Arid,wc2.1_2.5m_bio_10,22.67399998516178
kazakhstan,Arid,wc2.1_2.5m_bio_11,-10.573710596761654
kazakhstan,Arid,wc2.1_2.5m_bio_12,225.95779500430663
kazakhstan,Arid,wc2.1_2.5m_bio_13,29.828596037898365
kazakhstan,Arid,wc2.1_2.5m_bio_14,9.750215331610681
kazakhstan,Arid,wc2.1_2.5m_bio_15,31.259164147290765
kazakhstan,Arid,wc2.1_2.5m_bio_16,78.70973298880276
kazakhstan,Arid,wc2.1_2.5m_bio_17,35.565891472868216
kazakhstan,Arid,wc2.1_2.5m_bio_18,62.40826873385013
kazakhstan,Arid,wc2.1_2.5m_bio_19,50.361757105943155
kazakhstan,Arid,wc2.1_2.5m_bio_2,11.851311510744843
kazakhstan,Arid,wc2.1_2.5m_bio_3,24.704779736652753
kazakhstan,Arid,wc2.1_2.5m_bio_4,1361.2222065560063
kazakhstan,Arid,wc2.1_2.5m_bio_5,31.289543450854136
kazakhstan,Arid,wc2.1_2.5m_bio_6,-16.736034471756625
kazakhstan,Arid,wc2.1_2.5m_bio_7,48.025577900021574
kazakhstan,Arid,wc2.1_2.5m_bio_8,12.668734425771099
kazakhstan,Arid,wc2.1_2.5m_bio_9,5.074040215067777
kazakhstan,Boreal,wc2.1_2.5m_bio_1,2.1914200839931017
kazakhstan,Boreal,wc2.1_2.5m_bio_10,17.421397225497522
kazakhstan,Boreal,wc2.1_2.5m_bio_11,-13.590406425399323
kazakhstan,Boreal,wc2.1_2.5m_bio_12,392.2260273972603
kazakhstan,Boreal,wc2.1_2.5m_bio_13,60.76712328767123
kazakhstan,Boreal,wc2.1_2.5m_bio_14,13.534246575342467
kazakhstan,Boreal,wc2.1_2.5m_bio_15,44.83774315820981
kazakhstan,Boreal,wc2.1_2.5m_bio_16,157.45205479452054
kazakhstan,Boreal,wc2.1_2.5m_bio_17,48.30821917808219
kazakhstan,Boreal,wc2.1_2.5m_bio_18,141.3904109589041
kazakhstan,Boreal,wc2.1_2.5m_bio_19,64.57534246575342
kazakhstan,Boreal,wc2.1_2.5m_bio_2,11.51770777898292
kazakhstan,Boreal,wc2.1_2.5m_bio_3,25.7445549638304
kazakhstan,Boreal,wc2.1_2.5m_bio_4,1280.270315509953
kazakhstan,Boreal,wc2.1_2.5m_bio_5,25.3882192063005
kazakhstan,Boreal,wc2.1_2.5m_bio_6,-19.639178194411812
kazakhstan,Boreal,wc2.1_2.5m_bio_7,45.0273973125301
kazakhstan,Boreal,wc2.1_2.5m_bio_8,15.46486294759463
kazakhstan,Boreal,wc2.1_2.5m_bio_9,-10.43170322457405
kazakhstan,Polar,wc2.1_2.5m_bio_1,-3.972375024110079
kazakhstan,Polar,wc2.1_2.5m_bio_10,7.6740832924842834
kazakhstan,Polar,wc2.1_2.5m_bio_11,-15.634666383266449
kazakhstan,Polar,wc2.1_2.5m_bio_12,506.375
kazakhstan,Polar,wc2.1_2.5m_bio_13,77.625
kazakhstan,Polar,wc2.1_2.5m_bio_14,15
kazakhstan,Polar,wc2.1_2.5m_bio_15,53.1770396232605
kazakhstan,Polar,wc2.1_2.5m_bio_16,218.5
kazakhstan,Polar,wc2.1_2.5m_bio_17,51.375
kazakhstan,Polar,wc2.1_2.5m_bio_18,206.875
kazakhstan,Polar,wc2.1_2.5m_bio_19,52.5
kazakhstan,Polar,wc2.1_2.5m_bio_2,11.20466661453247
kazakhstan,Polar,wc2.1_2.5m_bio_3,30.05013942718506
kazakhstan,Polar,wc2.1_2.5m_bio_4,964.8346099853516
kazakhstan,Polar,wc2.1_2.5m_bio_5,14.882000096142292
kazakhstan,Polar,wc2.1_2.5m_bio_6,-22.337000370025635
kazakhstan,Polar,wc2.1_2.5m_bio_7,37.2189998626709
kazakhstan,Polar,wc2.1_2.5m_bio_8,6.031333401799202
kazakhstan,Polar,wc2.1_2.5m_bio_9,-15.457749783992767
kazakhstan,Temperate,wc2.1_2.5m_bio_1,14.325166702270508
kazakhstan,Temperate,wc2.1_2.5m_bio_10,27.357777913411457
kazakhstan,Temperate,wc2.1_2.5m_bio_11,1.2135555346806843
kazakhstan,Temperate,wc2.1_2.5m_bio_12,366.6666666666667
kazakhstan,Temperate,wc2.1_2.5m_bio_13,54.333333333333336
kazakhstan,Temperate,wc2.1_2.5m_bio_14,2
kazakhstan,Temperate,wc2.1_2.5m_bio_15,66.886871337890625
kazakhstan,Temperate,wc2.1_2.5m_bio_16,154.33333333333334
kazakhstan,Temperate,wc2.1_2.5m_bio_17,11
kazakhstan,Temperate,wc2.1_2.5m_bio_18,13.333333333333334
kazakhstan,Temperate,wc2.1_2.5m_bio_19,146
kazakhstan,Temperate,wc2.1_2.5m_bio_2,12.970333099365234
kazakhstan,Temperate,wc2.1_2.5m_bio_3,31.32070795694987
kazakhstan,Temperate,wc2.1_2.5m_bio_4,1050.8042602539062
kazakhstan,Temperate,wc2.1_2.5m_bio_5,36.7946662902832
kazakhstan,Temperate,wc2.1_2.5m_bio_6,-4.617333332697551
kazakhstan,Temperate,wc2.1_2.5m_bio_7,41.412000020345054
kazakhstan,Temperate,wc2.1_2.5m_bio_8,8.4279998143514
kazakhstan,Temperate,wc2.1_2.5m_bio_9,25.419999440511067
kenya,Arid,wc2.1_2.5m_bio_1,25.832471052805584
kenya,Arid,wc2.1_2.5m_bio_10,27.17800458272298
kenya,Arid,wc2.1_2.5m_bio_11,24.431967616081238
kenya,Arid,wc2.1_2.5m_bio_12,454.6041666666667
kenya,Arid,wc2.1_2.5m_bio_13,109.29861111111111
kenya,Arid,wc2.1_2.5m_bio_14,5.631944444444445
kenya,Arid,wc2.1_2.5m_bio_15,91.64571240213182
kenya,Arid,wc2.1_2.5m_bio_16,212.18055555555554
kenya,Arid,wc2.1_2.5m_bio_17,27.194444444444443
kenya,Arid,wc2.1_2.5m_bio_18,133.34027777777777
kenya,Arid,wc2.1_2.5m_bio_19,41.88194444444444
kenya,Arid,wc2.1_2.5m_bio_2,11.376136501630148
kenya,Arid,wc2.1_2.5m_bio_3,75.57210964626736
kenya,Arid,wc2.1_2.5m_bio_4,109.82671321762933
kenya,Arid,wc2.1_2.5m_bio_5,33.77405549420251
kenya,Arid,wc2.1_2.5m_bio_6,18.766777760452694
kenya,Arid,wc2.1_2.5m_bio_7,15.0072777138816
kenya,Arid,wc2.1_2.5m_bio_8,26.416499972343445
kenya,Arid,wc2.1_2.5m_bio_9,24.80363878938887
kenya,Equatorial,wc2.1_2.5m_bio_1,22.389212290445965
kenya,Equatorial,wc2.1_2.5m_bio_10,23.499344380696616
kenya,Equatorial,wc2.1_2.5m_bio_11,21.12597789764404
kenya,Equatorial,wc2.1_2.5m_bio_12,1026.1
kenya,Equatorial,wc2.1_2.5m_bio_13,204.53333333333333
kenya,Equatorial,wc2.1_2.5m_bio_14,22.633333333333333
kenya,Equatorial,wc2.1_2.5m_bio_15,70.44955088297526
kenya,Equatorial,wc2.1_2.5m_bio_16,446.4
kenya,Equatorial,wc2.1_2.5m_bio_17,98.16666666666667
kenya,Equatorial,wc2.1_2.5m_bio_18,254.66666666666666
kenya,Equatorial,wc2.1_2.5m_bio_19,185.43333333333334
kenya,Equatorial,wc2.1_2.5m_bio_2,10.829908355077107
kenya,Equatorial,wc2.1_2.5m_bio_3,76.60852177937825
kenya,Equatorial,wc2.1_2.5m_bio_4,95.87382850646972
kenya,Equatorial,wc2.1_2.5m_bio_5,29.79163316090902
kenya,Equatorial,wc2.1_2.5m_bio_6,15.751166661580404
kenya,Equatorial,wc2.1_2.5m_bio_7,14.040466467539469
kenya,Equatorial,wc2.1_2.5m_bio_8,22.632949956258138
kenya,Equatorial,wc2.1_2.5m_bio_9,22.210899925231935
kenya,Temperate,wc2.1_2.5m_bio_1,16.08932459981818
kenya,Temperate,wc2.1_2.5m_bio_10,17.065929714002106
kenya,Temperate,wc2.1_2.5m_bio_11,15.040877292030736
kenya,Temperate,wc2.1_2.5m_bio_12,1087.578947368421
kenya,Temperate,wc2.1_2.5m_bio_13,187.47368421052633
kenya,Temperate,wc2.1_2.5m_bio_14,36.473684210526315
kenya,Temperate,wc2.1_2.5m_bio_15,52.0313276993601
kenya,Temperate,wc2.1_2.5m_bio_16,430.36842105263156
kenya,Temperate,wc2.1_2.5m_bio_17,137.94736842105263
kenya,Temperate,wc2.1_2.5m_bio_18,316.1578947368421
kenya,Temperate,wc2.1_2.5m_bio_19,240.6315789473684
kenya,Temperate,wc2.1_2.5m_bio_2,12.847737011156584
kenya,Temperate,wc2.1_2.5m_bio_3,79.96202529104133
kenya,Temperate,wc2.1_2.5m_bio_4,82.00714713648746
kenya,Temperate,wc2.1_2.5m_bio_5,24.627578835738333
kenya,Temperate,wc2.1_2.5m_bio_6,8.574736808475695
kenya,Temperate,wc2.1_2.5m_bio_7,16.052841989617598
kenya,Temperate,wc2.1_2.5m_bio_8,16.4474035062288
kenya,Temperate,wc2.1_2.5m_bio_9,15.8527014882941
kiribati,Equatorial,wc2.1_2.5m_bio_1,27.591167449951172
kiribati,Equatorial,wc2.1_2.5m_bio_10,27.829999923706055
kiribati,Equatorial,wc2.1_2.5m_bio_11,27.338666915893555
kiribati,Equatorial,wc2.1_2.5m_bio_12,2446
kiribati,Equatorial,wc2.1_2.5m_bio_13,308
kiribati,Equatorial,wc2.1_2.5m_bio_14,152
kiribati,Equatorial,wc2.1_2.5m_bio_15,21.58837127685547
kiribati,Equatorial,wc2.1_2.5m_bio_16,778
kiribati,Equatorial,wc2.1_2.5m_bio_17,484
kiribati,Equatorial,wc2.1_2.5m_bio_18,496
kiribati,Equatorial,wc2.1_2.5m_bio_19,671
kiribati,Equatorial,wc2.1_2.5m_bio_2,6.664332866668701
kiribati,Equatorial,wc2.1_2.5m_bio_3,90.156036376953125
kiribati,Equatorial,wc2.1_2.5m_bio_4,19.989343643188477
kiribati,Equatorial,wc2.1_2.5m_bio_5,31.411998748779297
kiribati,Equatorial,wc2.1_2.5m_bio_6,24.020000457763672
kiribati,Equatorial,wc2.1_2.5m_bio_7,7.391998291015625
kiribati,Equatorial,wc2.1_2.5m_bio_8,27.455333709716797
kiribati,Equatorial,wc2.1_2.5m_bio_9,27.79866600036621
kosovo,Boreal,wc2.1_2.5m_bio_1,6.798388957977295
kosovo,Boreal,wc2.1_2.5m_bio_10,15.411778132120768
kosovo,Boreal,wc2.1_2.5m_bio_11,-1.946666677792867
kosovo,Boreal,wc2.1_2.5m_bio_12,843
kosovo,Boreal,wc2.1_2.5m_bio_13,88.66666666666667
kosovo,Boreal,wc2.1_2.5m_bio_14,55.666666666666664
kosovo,Boreal,wc2.1_2.5m_bio_15,15.038255373636881
kosovo,Boreal,wc2.1_2.5m_bio_16,245.33333333333334
kosovo,Boreal,wc2.1_2.5m_bio_17,176
kosovo,Boreal,wc2.1_2.5m_bio_18,216
kosovo,Boreal,wc2.1_2.5m_bio_19,185.66666666666666
kosovo,Boreal,wc2.1_2.5m_bio_2,9.9921112060546875
kosovo,Boreal,wc2.1_2.5m_bio_3,34.69595082600912
kosovo,Boreal,wc2.1_2.5m_bio_4,704.0015665690104
kosovo,Boreal,wc2.1_2.5m_bio_5,22.25200017293294
kosovo,Boreal,wc2.1_2.5m_bio_6,-6.555999914805095
kosovo,Boreal,wc2.1_2.5m_bio_7,28.807999928792317
kosovo,Boreal,wc2.1_2.5m_bio_8,9.351333459218344
kosovo,Boreal,wc2.1_2.5m_bio_9,-0.7920000652472178
kosovo,Temperate,wc2.1_2.5m_bio_1,10.190611203511557
kosovo,Temperate,wc2.1_2.5m_bio_10,19.599999745686848
kosovo,Temperate,wc2.1_2.5m_bio_11,0.43800005565087
kosovo,Temperate,wc2.1_2.5m_bio_12,737.3333333333334
kosovo,Temperate,wc2.1_2.5m_bio_13,80.66666666666667
kosovo,Temperate,wc2.1_2.5m_bio_14,48
kosovo,Temperate,wc2.1_2.5m_bio_15,16.248575846354168
kosovo,Temperate,wc2.1_2.5m_bio_16,219.33333333333334
kosovo,Temperate,wc2.1_2.5m_bio_17,153.33333333333334
kosovo,Temperate,wc2.1_2.5m_bio_18,160.66666666666666
kosovo,Temperate,wc2.1_2.5m_bio_19,182.66666666666666
kosovo,Temperate,wc2.1_2.5m_bio_2,10.21833324432373
kosovo,Temperate,wc2.1_2.5m_bio_3,33.02560615539551
kosovo,Temperate,wc2.1_2.5m_bio_4,774.9666951497396
kosovo,Temperate,wc2.1_2.5m_bio_5,26.74799982706706
kosovo,Temperate,wc2.1_2.5m_bio_6,-4.190666516621907
kosovo,Temperate,wc2.1_2.5m_bio_7,30.938666025797527
kosovo,Temperate,wc2.1_2.5m_bio_8,5.520222187042236
kosovo,Temperate,wc2.1_2.5m_bio_9,13.61555540561676
kuwait,Arid,wc2.1_2.5m_bio_1,25.48868751525879
kuwait,Arid,wc2.1_2.5m_bio_10,35.86275005340576
kuwait,Arid,wc2.1_2.5m_bio_11,14.17199993133545
kuwait,Arid,wc2.1_2.5m_bio_12,118.625
kuwait,Arid,wc2.1_2.5m_bio_13,23.875
kuwait,Arid,wc2.1_2.5m_bio_14,0
kuwait,Arid,wc2.1_2.5m_bio_15,90.7829418182373
kuwait,Arid,wc2.1_2.5m_bio_16,66.875
kuwait,Arid,wc2.1_2.5m_bio_17,0.125
kuwait,Arid,wc2.1_2.5m_bio_18,0.125
kuwait,Arid,wc2.1_2.5m_bio_19,63
kuwait,Arid,wc2.1_2.5m_bio_2,15.516708016395569
kuwait,Arid,wc2.1_2.5m_bio_3,40.09264278411865
kuwait,Arid,wc2.1_2.5m_bio_4,884.22808837890625
kuwait,Arid,wc2.1_2.5m_bio_5,45.25999975204468
kuwait,Arid,wc2.1_2.5m_bio_6,6.558500170707703
kuwait,Arid,wc2.1_2.5m_bio_7,38.701499938964844
kuwait,Arid,wc2.1_2.5m_bio_8,15.697250127792358
kuwait,Arid,wc2.1_2.5m_bio_9,35.86275005340576
kyrgyzstan,Arid,wc2.1_2.5m_bio_1,6.619178983900282
kyrgyzstan,Arid,wc2.1_2.5m_bio_10,18.08190116175899
kyrgyzstan,Arid,wc2.1_2.5m_bio_11,-5.961407469378577
kyrgyzstan,Arid,wc2.1_2.5m_bio_12,371.2962962962963
kyrgyzstan,Arid,wc2.1_2.5m_bio_13,58.851851851851855
kyrgyzstan,Arid,wc2.1_2.5m_bio_14,11.148148148148149
kyrgyzstan,Arid,wc2.1_2.5m_bio_15,52.12711489642108
kyrgyzstan,Arid,wc2.1_2.5m_bio_16,159.59259259259258
kyrgyzstan,Arid,wc2.1_2.5m_bio_17,42.592592592592595
kyrgyzstan,Arid,wc2.1_2.5m_bio_18,90.85185185185185
kyrgyzstan,Arid,wc2.1_2.5m_bio_19,66.22222222222223
kyrgyzstan,Arid,wc2.1_2.5m_bio_2,12.014925921404803
kyrgyzstan,Arid,wc2.1_2.5m_bio_3,30.885245570430047
kyrgyzstan,Arid,wc2.1_2.5m_bio_4,982.6759033203125
kyrgyzstan,Arid,wc2.1_2.5m_bio_5,26.56044458459925
kyrgyzstan,Arid,wc2.1_2.5m_bio_6,-12.370074024906865
kyrgyzstan,Arid,wc2.1_2.5m_bio_7,38.93051846822103
kyrgyzstan,Arid,wc2.1_2.5m_bio_8,10.584617301269814
kyrgyzstan,Arid,wc2.1_2.5m_bio_9,7.013604959955922
kyrgyzstan,Boreal,wc2.1_2.5m_bio_1,1.7683583587408065
kyrgyzstan,Boreal,wc2.1_2.5m_bio_10,13.48560004234314
kyrgyzstan,Boreal,wc2.1_2.5m_bio_11,-11.424966645240783
kyrgyzstan,Boreal,wc2.1_2.5m_bio_12,516.9
kyrgyzstan,Boreal,wc2.1_2.5m_bio_13,78
kyrgyzstan,Boreal,wc2.1_2.5m_bio_14,16.6
kyrgyzstan,Boreal,wc2.1_2.5m_bio_15,47.18375701904297
kyrgyzstan,Boreal,wc2.1_2.5m_bio_16,211.75
kyrgyzstan,Boreal,wc2.1_2.5m_bio_17,62.35
kyrgyzstan,Boreal,wc2.1_2.5m_bio_18,117.95
kyrgyzstan,Boreal,wc2.1_2.5m_bio_19,93.75
kyrgyzstan,Boreal,wc2.1_2.5m_bio_2,13.146083211898803
kyrgyzstan,Boreal,wc2.1_2.5m_bio_3,31.811437797546386
kyrgyzstan,Boreal,wc2.1_2.5m_bio_4,1033.9295715332032
kyrgyzstan,Boreal,wc2.1_2.5m_bio_5,22.598000001907348
kyrgyzstan,Boreal,wc2.1_2.5m_bio_6,-18.73099989891052
kyrgyzstan,Boreal,wc2.1_2.5m_bio_7,41.328999519348145
kyrgyzstan,Boreal,wc2.1_2.5m_bio_8,5.497566705942154
kyrgyzstan,Boreal,wc2.1_2.5m_bio_9,0.8987334489822387
kyrgyzstan,Polar,wc2.1_2.5m_bio_1,-4.192935896989627
kyrgyzstan,Polar,wc2.1_2.5m_bio_10,7.306034159583923
kyrgyzstan,Polar,wc2.1_2.5m_bio_11,-16.982495882572273
kyrgyzstan,Polar,wc2.1_2.5m_bio_12,415.94871794871796
kyrgyzstan,Polar,wc2.1_2.5m_bio_13,67.6923076923077
kyrgyzstan,Polar,wc2.1_2.5m_bio_14,11.666666666666666
kyrgyzstan,Polar,wc2.1_2.5m_bio_15,61.22637059138371
kyrgyzstan,Polar,wc2.1_2.5m_bio_16,187.46153846153845
kyrgyzstan,Polar,wc2.1_2.5m_bio_17,42.84615384615385
kyrgyzstan,Polar,wc2.1_2.5m_bio_18,143.89743589743588
kyrgyzstan,Polar,wc2.1_2.5m_bio_19,52.43589743589744
kyrgyzstan,Polar,wc2.1_2.5m_bio_2,13.017170930520082
kyrgyzstan,Polar,wc2.1_2.5m_bio_3,32.33866843199119
kyrgyzstan,Polar,wc2.1_2.5m_bio_4,1008.3196786733774
kyrgyzstan,Polar,wc2.1_2.5m_bio_5,15.743589755816338
kyrgyzstan,Polar,wc2.1_2.5m_bio_6,-24.585230607252853
kyrgyzstan,Polar,wc2.1_2.5m_bio_7,40.32882044865535
kyrgyzstan,Polar,wc2.1_2.5m_bio_8,3.831487161608843
kyrgyzstan,Polar,wc2.1_2.5m_bio_9,-13.678239428080046
laos,Equatorial,wc2.1_2.5m_bio_1,24.631638263134246
laos,Equatorial,wc2.1_2.5m_bio_10,27.0227373813061
laos,Equatorial,wc2.1_2.5m_bio_11,21.261730397001227
laos,Equatorial,wc2.1_2.5m_bio_12,1913.8936170212767
laos,Equatorial,wc2.1_2.5m_bio_13,435.5531914893617
laos,Equatorial,wc2.1_2.5m_bio_14,5.425531914893617
laos,Equatorial,wc2.1_2.5m_bio_15,97.41314648567362
laos,Equatorial,wc2.1_2.5m_bio_16,1142.723404255319
laos,Equatorial,wc2.1_2.5m_bio_17,30.425531914893618
laos,Equatorial,wc2.1_2.5m_bio_18,683.1914893617021
laos,Equatorial,wc2.1_2.5m_bio_19,36.829787234042556
laos,Equatorial,wc2.1_2.5m_bio_2,9.563787176253948
laos,Equatorial,wc2.1_2.5m_bio_3,54.37375860011324
laos,Equatorial,wc2.1_2.5m_bio_4,241.03812716869598
laos,Equatorial,wc2.1_2.5m_bio_5,32.42195750297384
laos,Equatorial,wc2.1_2.5m_bio_6,14.749276567012705
laos,Equatorial,wc2.1_2.5m_bio_7,17.672681057706793
laos,Equatorial,wc2.1_2.5m_bio_8,26.183375784691343
laos,Equatorial,wc2.1_2.5m_bio_9,21.38478011273323
laos,Temperate,wc2.1_2.5m_bio_1,20.933899879455566
laos,Temperate,wc2.1_2.5m_bio_10,24.12686678568522
laos,Temperate,wc2.1_2.5m_bio_11,16.307888762156168
laos,Temperate,wc2.1_2.5m_bio_12,1647.8333333333333
laos,Temperate,wc2.1_2.5m_bio_13,381.76666666666665
laos,Temperate,wc2.1_2.5m_bio_14,6.233333333333333
laos,Temperate,wc2.1_2.5m_bio_15,96.38346710205079
laos,Temperate,wc2.1_2.5m_bio_16,975.0333333333333
laos,Temperate,wc2.1_2.5m_bio_17,42.36666666666667
laos,Temperate,wc2.1_2.5m_bio_18,874.6
laos,Temperate,wc2.1_2.5m_bio_19,46.733333333333334
laos,Temperate,wc2.1_2.5m_bio_2,9.213822110493977
laos,Temperate,wc2.1_2.5m_bio_3,50.03501790364583
laos,Temperate,wc2.1_2.5m_bio_4,329.9700622558594
laos,Temperate,wc2.1_2.5m_bio_5,28.50933329264323
laos,Temperate,wc2.1_2.5m_bio_6,10.144266684850058
laos,Temperate,wc2.1_2.5m_bio_7,18.36506684621175
laos,Temperate,wc2.1_2.5m_bio_8,23.941311073303222
laos,Temperate,wc2.1_2.5m_bio_9,16.69457769393921
latvia,Boreal,wc2.1_2.5m_bio_1,5.749857194083077
latvia,Boreal,wc2.1_2.5m_bio_10,15.915314238412039
latvia,Boreal,wc2.1_2.5m_bio_11,-4.251542888368879
latvia,Boreal,wc2.1_2.5m_bio_12,674.0285714285715
latvia,Boreal,wc2.1_2.5m_bio_13,81.6
latvia,Boreal,wc2.1_2.5m_bio_14,30.057142857142857
latvia,Boreal,wc2.1_2.5m_bio_15,30.259865352085658
latvia,Boreal,wc2.1_2.5m_bio_16,230.77142857142857
latvia,Boreal,wc2.1_2.5m_bio_17,105.94285714285714
latvia,Boreal,wc2.1_2.5m_bio_18,222.45714285714286
latvia,Boreal,wc2.1_2.5m_bio_19,124.91428571428571
latvia,Boreal,wc2.1_2.5m_bio_2,7.26691427230835
latvia,Boreal,wc2.1_2.5m_bio_3,24.797928946358816
latvia,Boreal,wc2.1_2.5m_bio_4,820.9816632952009
latvia,Boreal,wc2.1_2.5m_bio_5,21.590285764421736
latvia,Boreal,wc2.1_2.5m_bio_6,-7.718057237352643
latvia,Boreal,wc2.1_2.5m_bio_7,29.308343069893972
latvia,Boreal,wc2.1_2.5m_bio_8,14.25680001122611
latvia,Boreal,wc2.1_2.5m_bio_9,-2.273047677746841
lebanon,Temperate,wc2.1_2.5m_bio_1,16.517624855041504
lebanon,Temperate,wc2.1_2.5m_bio_10,24.06766700744629
lebanon,Temperate,wc2.1_2.5m_bio_11,8.718833327293396
lebanon,Temperate,wc2.1_2.5m_bio_12,825
lebanon,Temperate,wc2.1_2.5m_bio_13,195
lebanon,Temperate,wc2.1_2.5m_bio_14,0.25
lebanon,Temperate,wc2.1_2.5m_bio_15,101.61146926879883
lebanon,Temperate,wc2.1_2.5m_bio_16,500
lebanon,Temperate,wc2.1_2.5m_bio_17,1.75
lebanon,Temperate,wc2.1_2.5m_bio_18,4
lebanon,Temperate,wc2.1_2.5m_bio_19,500
lebanon,Temperate,wc2.1_2.5m_bio_2,11.154083251953125
lebanon,Temperate,wc2.1_2.5m_bio_3,40.40437316894531
lebanon,Temperate,wc2.1_2.5m_bio_4,638.8829650878906
lebanon,Temperate,wc2.1_2.5m_bio_5,31.219000339508057
lebanon,Temperate,wc2.1_2.5m_bio_6,3.6969999969005585
lebanon,Temperate,wc2.1_2.5m_bio_7,27.522000312805176
lebanon,Temperate,wc2.1_2.5m_bio_8,8.718833327293396
lebanon,Temperate,wc2.1_2.5m_bio_9,23.931000232696533
lesotho,Temperate,wc2.1_2.5m_bio_1,11.830347140630087
lesotho,Temperate,wc2.1_2.5m_bio_10,16.739500045776367
lesotho,Temperate,wc2.1_2.5m_bio_11,5.99833329518636
lesotho,Temperate,wc2.1_2.5m_bio_12,752.25
lesotho,Temperate,wc2.1_2.5m_bio_13,115.75
lesotho,Temperate,wc2.1_2.5m_bio_14,12.5
lesotho,Temperate,wc2.1_2.5m_bio_15,62.031142234802246
lesotho,Temperate,wc2.1_2.5m_bio_16,321.4166666666667
lesotho,Temperate,wc2.1_2.5m_bio_17,47.75
lesotho,Temperate,wc2.1_2.5m_bio_18,316.6666666666667
lesotho,Temperate,wc2.1_2.5m_bio_19,52.416666666666664
lesotho,Temperate,wc2.1_2.5m_bio_2,13.249305645624796
lesotho,Temperate,wc2.1_2.5m_bio_3,51.719842274983726
lesotho,Temperate,wc2.1_2.5m_bio_4,439.4767837524414
lesotho,Temperate,wc2.1_2.5m_bio_5,23.479666630427044
lesotho,Temperate,wc2.1_2.5m_bio_6,-2.1516666499276957
lesotho,Temperate,wc2.1_2.5m_bio_7,25.631333192189533
lesotho,Temperate,wc2.1_2.5m_bio_8,16.342055320739746
lesotho,Temperate,wc2.1_2.5m_bio_9,6.16983347137769
liberia,Equatorial,wc2.1_2.5m_bio_1,25.493634377756425
liberia,Equatorial,wc2.1_2.5m_bio_10,26.33449468305034
liberia,Equatorial,wc2.1_2.5m_bio_11,24.439053812334613
liberia,Equatorial,wc2.1_2.5m_bio_12,2662.2903225806454
liberia,Equatorial,wc2.1_2.5m_bio_13,457.96774193548384
liberia,Equatorial,wc2.1_2.5m_bio_14,45.54838709677419
liberia,Equatorial,wc2.1_2.5m_bio_15,60.21749545681861
liberia,Equatorial,wc2.1_2.5m_bio_16,1096.483870967742
liberia,Equatorial,wc2.1_2.5m_bio_17,206.70967741935485
liberia,Equatorial,wc2.1_2.5m_bio_18,472.38709677419354
liberia,Equatorial,wc2.1_2.5m_bio_19,991.741935483871
liberia,Equatorial,wc2.1_2.5m_bio_2,11.429225737048734
liberia,Equatorial,wc2.1_2.5m_bio_3,77.82907424434539
liberia,Equatorial,wc2.1_2.5m_bio_4,82.23526037892988
liberia,Equatorial,wc2.1_2.5m_bio_5,33.29974248332362
liberia,Equatorial,wc2.1_2.5m_bio_6,18.543741995288478
liberia,Equatorial,wc2.1_2.5m_bio_7,14.756000518798828
liberia,Equatorial,wc2.1_2.5m_bio_8,24.896279550367787
liberia,Equatorial,wc2.1_2.5m_bio_9,25.73868813053254
libya,Arid,wc2.1_2.5m_bio_1,21.80325505850878
libya,Arid,wc2.1_2.5m_bio_10,29.138834961403813
libya,Arid,wc2.1_2.5m_bio_11,13.140588815426787
libya,Arid,wc2.1_2.5m_bio_12,30.840407470288625
libya,Arid,wc2.1_2.5m_bio_13,6.955857385398981
libya,Arid,wc2.1_2.5m_bio_14,0.0050933786078098476
libya,Arid,wc2.1_2.5m_bio_15,50.15715189741099
libya,Arid,wc2.1_2.5m_bio_16,17.08319185059423
libya,Arid,wc2.1_2.5m_bio_17,0.4074702886247878
libya,Arid,wc2.1_2.5m_bio_18,1.2750424448217317
libya,Arid,wc2.1_2.5m_bio_19,15.555178268251273
libya,Arid,wc2.1_2.5m_bio_2,13.98957215262188
libya,Arid,wc2.1_2.5m_bio_3,44.96893212103075
libya,Arid,wc2.1_2.5m_bio_4,659.7136010783638
libya,Arid,wc2.1_2.5m_bio_5,36.70321658835549
libya,Arid,wc2.1_2.5m_bio_6,5.566843084244655
libya,Arid,wc2.1_2.5m_bio_7,31.136373422748974
libya,Arid,wc2.1_2.5m_bio_8,17.391153699878117
libya,Arid,wc2.1_2.5m_bio_9,25.13475151256309
libya,Temperate,wc2.1_2.5m_bio_1,17.51594416300456
libya,Temperate,wc2.1_2.5m_bio_10,23.401111602783203
libya,Temperate,wc2.1_2.5m_bio_11,11.318666776021322
libya,Temperate,wc2.1_2.5m_bio_12,398.3333333333333
libya,Temperate,wc2.1_2.5m_bio_13,99.66666666666667
libya,Temperate,wc2.1_2.5m_bio_14,0
libya,Temperate,wc2.1_2.5m_bio_15,105.1328125
libya,Temperate,wc2.1_2.5m_bio_16,257.3333333333333
libya,Temperate,wc2.1_2.5m_bio_17,1.3333333333333333
libya,Temperate,wc2.1_2.5m_bio_18,2
libya,Temperate,wc2.1_2.5m_bio_19,257.3333333333333
libya,Temperate,wc2.1_2.5m_bio_2,9.875666618347168
libya,Temperate,wc2.1_2.5m_bio_3,43.92466608683268
libya,Temperate,wc2.1_2.5m_bio_4,502.3664245605469
libya,Temperate,wc2.1_2.5m_bio_5,29.16800053914388
libya,Temperate,wc2.1_2.5m_bio_6,6.677333354949951
libya,Temperate,wc2.1_2.5m_bio_7,22.49066670735677
libya,Temperate,wc2.1_2.5m_bio_8,11.318666776021322
libya,Temperate,wc2.1_2.5m_bio_9,23.379777908325195
lithuania,Boreal,wc2.1_2.5m_bio_1,6.312271896161531
lithuania,Boreal,wc2.1_2.5m_bio_10,16.169543743133545
lithuania,Boreal,wc2.1_2.5m_bio_11,-3.52668423401682
lithuania,Boreal,wc2.1_2.5m_bio_12,657.578947368421
lithuania,Boreal,wc2.1_2.5m_bio_13,80.86842105263158
lithuania,Boreal,wc2.1_2.5m_bio_14,30.026315789473685
lithuania,Boreal,wc2.1_2.5m_bio_15,29.305054664611816
lithuania,Boreal,wc2.1_2.5m_bio_16,225.8684210526316
lithuania,Boreal,wc2.1_2.5m_bio_17,105.65789473684211
lithuania,Boreal,wc2.1_2.5m_bio_18,222.57894736842104
lithuania,Boreal,wc2.1_2.5m_bio_19,124.10526315789474
lithuania,Boreal,wc2.1_2.5m_bio_2,7.713070179286756
lithuania,Boreal,wc2.1_2.5m_bio_3,26.680462034125078
lithuania,Boreal,wc2.1_2.5m_bio_4,804.4475467079565
lithuania,Boreal,wc2.1_2.5m_bio_5,21.924105443452532
lithuania,Boreal,wc2.1_2.5m_bio_6,-6.958315849304199
lithuania,Boreal,wc2.1_2.5m_bio_7,28.88242129275673
lithuania,Boreal,wc2.1_2.5m_bio_8,15.658754298561497
lithuania,Boreal,wc2.1_2.5m_bio_9,-1.8904737053733123
luxembourg,Temperate,wc2.1_2.5m_bio_1,8.907666206359863
luxembourg,Temperate,wc2.1_2.5m_bio_10,16.698665618896484
luxembourg,Temperate,wc2.1_2.5m_bio_11,1.4833333492279053
luxembourg,Temperate,wc2.1_2.5m_bio_12,808
luxembourg,Temperate,wc2.1_2.5m_bio_13,82
luxembourg,Temperate,wc2.1_2.5m_bio_14,55
luxembourg,Temperate,wc2.1_2.5m_bio_15,11.15085506439209
luxembourg,Temperate,wc2.1_2.5m_bio_16,229
luxembourg,Temperate,wc2.1_2.5m_bio_17,175
luxembourg,Temperate,wc2.1_2.5m_bio_18,200
luxembourg,Temperate,wc2.1_2.5m_bio_19,209
luxembourg,Temperate,wc2.1_2.5m_bio_2,7.9079999923706055
luxembourg,Temperate,wc2.1_2.5m_bio_3,32.66688537597656
luxembourg,Temperate,wc2.1_2.5m_bio_4,621.29583740234375
luxembourg,Temperate,wc2.1_2.5m_bio_5,22.68000030517578
luxembourg,Temperate,wc2.1_2.5m_bio_6,-1.527999997138977
luxembourg,Temperate,wc2.1_2.5m_bio_7,24.20800018310547
luxembourg,Temperate,wc2.1_2.5m_bio_8,5.190000057220459
luxembourg,Temperate,wc2.1_2.5m_bio_9,4.756666660308838
madagascar,Arid,wc2.1_2.5m_bio_1,24.395967086156208
madagascar,Arid,wc2.1_2.5m_bio_10,27.337979316711426
madagascar,Arid,wc2.1_2.5m_bio_11,20.430590391159058
madagascar,Arid,wc2.1_2.5m_bio_12,642.0833333333334
madagascar,Arid,wc2.1_2.5m_bio_13,162.33333333333334
madagascar,Arid,wc2.1_2.5m_bio_14,4
madagascar,Arid,wc2.1_2.5m_bio_15,106.80686442057292
madagascar,Arid,wc2.1_2.5m_bio_16,427.3333333333333
madagascar,Arid,wc2.1_2.5m_bio_17,16.791666666666668
madagascar,Arid,wc2.1_2.5m_bio_18,409
madagascar,Arid,wc2.1_2.5m_bio_19,20.208333333333332
madagascar,Arid,wc2.1_2.5m_bio_2,14.067468841870626
madagascar,Arid,wc2.1_2.5m_bio_3,65.19410022099812
madagascar,Arid,wc2.1_2.5m_bio_4,291.10466384887695
madagascar,Arid,wc2.1_2.5m_bio_5,33.89566659927368
madagascar,Arid,wc2.1_2.5m_bio_6,12.335666497548422
madagascar,Arid,wc2.1_2.5m_bio_7,21.55999994277954
madagascar,Arid,wc2.1_2.5m_bio_8,27.324090401331585
madagascar,Arid,wc2.1_2.5m_bio_9,21.023590405782063
madagascar,Equatorial,wc2.1_2.5m_bio_1,24.164816478203083
madagascar,Equatorial,wc2.1_2.5m_bio_10,26.16377435881516
madagascar,Equatorial,wc2.1_2.5m_bio_11,21.329081551782018
madagascar,Equatorial,wc2.1_2.5m_bio_12,1539.3103448275863
madagascar,Equatorial,wc2.1_2.5m_bio_13,351.0689655172414
madagascar,Equatorial,wc2.1_2.5m_bio_14,19.70689655172414
madagascar,Equatorial,wc2.1_2.5m_bio_15,101.22256407244453
madagascar,Equatorial,wc2.1_2.5m_bio_16,907.8793103448276
madagascar,Equatorial,wc2.1_2.5m_bio_17,73.78448275862068
madagascar,Equatorial,wc2.1_2.5m_bio_18,696.7586206896551
madagascar,Equatorial,wc2.1_2.5m_bio_19,94.15517241379311
madagascar,Equatorial,wc2.1_2.5m_bio_2,11.889086209494492
madagascar,Equatorial,wc2.1_2.5m_bio_3,66.2399280482325
madagascar,Equatorial,wc2.1_2.5m_bio_4,204.41424678934032
madagascar,Equatorial,wc2.1_2.5m_bio_5,32.29711198806763
madagascar,Equatorial,wc2.1_2.5m_bio_6,14.361502113013431
madagascar,Equatorial,wc2.1_2.5m_bio_7,17.935609833947545
madagascar,Equatorial,wc2.1_2.5m_bio_8,25.964979582819446
madagascar,Equatorial,wc2.1_2.5m_bio_9,21.752762186116186
madagascar,Temperate,wc2.1_2.5m_bio_1,19.667177976188015
madagascar,Temperate,wc2.1_2.5m_bio_10,22.221265437239307
madagascar,Temperate,wc2.1_2.5m_bio_11,16.22606780165333
madagascar,Temperate,wc2.1_2.5m_bio_12,1388.6101694915253
madagascar,Temperate,wc2.1_2.5m_bio_13,292.45762711864404
madagascar,Temperate,wc2.1_2.5m_bio_14,20.322033898305083
madagascar,Temperate,wc2.1_2.5m_bio_15,93.63855045124636
madagascar,Temperate,wc2.1_2.5m_bio_16,794.8983050847457
madagascar,Temperate,wc2.1_2.5m_bio_17,74.72881355932203
madagascar,Temperate,wc2.1_2.5m_bio_18,774.6440677966102
madagascar,Temperate,wc2.1_2.5m_bio_19,85.66101694915254
madagascar,Temperate,wc2.1_2.5m_bio_2,11.721610230914617
madagascar,Temperate,wc2.1_2.5m_bio_3,64.82793232546014
madagascar,Temperate,wc2.1_2.5m_bio_4,252.67550478143207
madagascar,Temperate,wc2.1_2.5m_bio_5,28.06244083986444
madagascar,Temperate,wc2.1_2.5m_bio_6,9.981694892301398
madagascar,Temperate,wc2.1_2.5m_bio_7,18.080745842497226
madagascar,Temperate,wc2.1_2.5m_bio_8,22.197864306175102
madagascar,Temperate,wc2.1_2.5m_bio_9,16.63696056301311
malawi,Equatorial,wc2.1_2.5m_bio_1,23.429625193277996
malawi,Equatorial,wc2.1_2.5m_bio_10,25.798388957977295
malawi,Equatorial,wc2.1_2.5m_bio_11,20.203944365183514
malawi,Equatorial,wc2.1_2.5m_bio_12,1136
malawi,Equatorial,wc2.1_2.5m_bio_13,264.7916666666667
malawi,Equatorial,wc2.1_2.5m_bio_14,7.541666666666667
malawi,Equatorial,wc2.1_2.5m_bio_15,102.62181154886882
malawi,Equatorial,wc2.1_2.5m_bio_16,688.5833333333334
malawi,Equatorial,wc2.1_2.5m_bio_17,28.958333333333332
malawi,Equatorial,wc2.1_2.5m_bio_18,292
malawi,Equatorial,wc2.1_2.5m_bio_19,43.333333333333336
malawi,Equatorial,wc2.1_2.5m_bio_2,9.86727774143219
malawi,Equatorial,wc2.1_2.5m_bio_3,57.38763173421224
malawi,Equatorial,wc2.1_2.5m_bio_4,228.89351908365884
malawi,Equatorial,wc2.1_2.5m_bio_5,31.537666479746502
malawi,Equatorial,wc2.1_2.5m_bio_6,14.344499985376993
malawi,Equatorial,wc2.1_2.5m_bio_7,17.193166573842365
malawi,Equatorial,wc2.1_2.5m_bio_8,24.860194365183514
malawi,Equatorial,wc2.1_2.5m_bio_9,21.238722324371338
malawi,Temperate,wc2.1_2.5m_bio_1,19.50157788594564
malawi,Temperate,wc2.1_2.5m_bio_10,21.934933344523113
malawi,Temperate,wc2.1_2.5m_bio_11,16.186888885498046
malawi,Temperate,wc2.1_2.5m_bio_12,982.7333333333333
malawi,Temperate,wc2.1_2.5m_bio_13,226.53333333333333
malawi,Temperate,wc2.1_2.5m_bio_14,1.6666666666666667
malawi,Temperate,wc2.1_2.5m_bio_15,111.03365732828776
malawi,Temperate,wc2.1_2.5m_bio_16,626.1333333333333
malawi,Temperate,wc2.1_2.5m_bio_17,7.466666666666667
malawi,Temperate,wc2.1_2.5m_bio_18,284.26666666666665
malawi,Temperate,wc2.1_2.5m_bio_19,8.6
malawi,Temperate,wc2.1_2.5m_bio_2,11.331866582234701
malawi,Temperate,wc2.1_2.5m_bio_3,57.89353942871094
malawi,Temperate,wc2.1_2.5m_bio_4,233.23888244628907
malawi,Temperate,wc2.1_2.5m_bio_5,28.681600062052407
malawi,Temperate,wc2.1_2.5m_bio_6,9.107199986775717
malawi,Temperate,wc2.1_2.5m_bio_7,19.57440045674642
malawi,Temperate,wc2.1_2.5m_bio_8,20.90262196858724
malawi,Temperate,wc2.1_2.5m_bio_9,16.72359994252523
malaysia,Equatorial,wc2.1_2.5m_bio_1,25.552730346394476
malaysia,Equatorial,wc2.1_2.5m_bio_10,26.101667350697742
malaysia,Equatorial,wc2.1_2.5m_bio_11,24.93353660084377
malaysia,Equatorial,wc2.1_2.5m_bio_12,2866.345794392523
malaysia,Equatorial,wc2.1_2.5m_bio_13,365.85046728971963
malaysia,Equatorial,wc2.1_2.5m_bio_14,153.44859813084113
malaysia,Equatorial,wc2.1_2.5m_bio_15,28.3014062008011
malaysia,Equatorial,wc2.1_2.5m_bio_16,973.373831775701
malaysia,Equatorial,wc2.1_2.5m_bio_17,519.7757009345794
malaysia,Equatorial,wc2.1_2.5m_bio_18,641.8598130841121
malaysia,Equatorial,wc2.1_2.5m_bio_19,827.0560747663551
malaysia,Equatorial,wc2.1_2.5m_bio_2,8.05139572820931
malaysia,Equatorial,wc2.1_2.5m_bio_3,86.31913293856327
malaysia,Equatorial,wc2.1_2.5m_bio_4,46.34963689786252
malaysia,Equatorial,wc2.1_2.5m_bio_5,30.493658564915165
malaysia,Equatorial,wc2.1_2.5m_bio_6,21.150893639181263
malaysia,Equatorial,wc2.1_2.5m_bio_7,9.342764925733904
malaysia,Equatorial,wc2.1_2.5m_bio_8,25.181771144688685
malaysia,Equatorial,wc2.1_2.5m_bio_9,25.673366689236364
mali,Arid,wc2.1_2.5m_bio_1,28.561806288171322
mali,Arid,wc2.1_2.5m_bio_10,34.21857273325007
mali,Arid,wc2.1_2.5m_bio_11,21.69686173378153
mali,Arid,wc2.1_2.5m_bio_12,201.31648936170214
mali,Arid,wc2.1_2.5m_bio_13,69.70744680851064
mali,Arid,wc2.1_2.5m_bio_14,0.005319148936170213
mali,Arid,wc2.1_2.5m_bio_15,126.59071923316793
mali,Arid,wc2.1_2.5m_bio_16,160.6462765957447
mali,Arid,wc2.1_2.5m_bio_17,0.3324468085106383
mali,Arid,wc2.1_2.5m_bio_18,40.15691489361702
mali,Arid,wc2.1_2.5m_bio_19,0.7526595744680851
mali,Arid,wc2.1_2.5m_bio_2,14.794665777936896
mali,Arid,wc2.1_2.5m_bio_3,50.12703434964444
mali,Arid,wc2.1_2.5m_bio_4,508.7949184661216
mali,Arid,wc2.1_2.5m_bio_5,42.63531913148596
mali,Arid,wc2.1_2.5m_bio_6,12.752244670340355
mali,Arid,wc2.1_2.5m_bio_7,29.88307446621834
mali,Arid,wc2.1_2.5m_bio_8,31.91781553816288
mali,Arid,wc2.1_2.5m_bio_9,24.398831590693046
mali,Equatorial,wc2.1_2.5m_bio_1,27.17334015515386
mali,Equatorial,wc2.1_2.5m_bio_10,30.50069369102011
mali,Equatorial,wc2.1_2.5m_bio_11,24.808407958672973
mali,Equatorial,wc2.1_2.5m_bio_12,996.8367346938776
mali,Equatorial,wc2.1_2.5m_bio_13,277.53061224489795
mali,Equatorial,wc2.1_2.5m_bio_14,0.4489795918367347
mali,Equatorial,wc2.1_2.5m_bio_15,118.09527416618504
mali,Equatorial,wc2.1_2.5m_bio_16,686.8571428571429
mali,Equatorial,wc2.1_2.5m_bio_17,2.5918367346938775
mali,Equatorial,wc2.1_2.5m_bio_18,107.65306122448979
mali,Equatorial,wc2.1_2.5m_bio_19,6.918367346938775
mali,Equatorial,wc2.1_2.5m_bio_2,13.374394455734564
mali,Equatorial,wc2.1_2.5m_bio_3,58.41847999728456
mali,Equatorial,wc2.1_2.5m_bio_4,234.71489046057877
mali,Equatorial,wc2.1_2.5m_bio_5,38.3678367770448
mali,Equatorial,wc2.1_2.5m_bio_6,15.450448970405423
mali,Equatorial,wc2.1_2.5m_bio_7,22.91738798180405
mali,Equatorial,wc2.1_2.5m_bio_8,25.95376867177535
mali,Equatorial,wc2.1_2.5m_bio_9,25.166244662537867
mauritania,Arid,wc2.1_2.5m_bio_1,27.75120715988415
mauritania,Arid,wc2.1_2.5m_bio_10,33.773184355410784
mauritania,Arid,wc2.1_2.5m_bio_11,20.649003694843312
mauritania,Arid,wc2.1_2.5m_bio_12,84.13966480446928
mauritania,Arid,wc2.1_2.5m_bio_13,30.80167597765363
mauritania,Arid,wc2.1_2.5m_bio_14,0.11452513966480447
mauritania,Arid,wc2.1_2.5m_bio_15,115.5308449068549
mauritania,Arid,wc2.1_2.5m_bio_16,68.63966480446928
mauritania,Arid,wc2.1_2.5m_bio_17,1.1927374301675977
mauritania,Arid,wc2.1_2.5m_bio_18,25.69832402234637
mauritania,Arid,wc2.1_2.5m_bio_19,2.611731843575419
mauritania,Arid,wc2.1_2.5m_bio_2,14.630064229059485
mauritania,Arid,wc2.1_2.5m_bio_3,49.5900203981879
mauritania,Arid,wc2.1_2.5m_bio_4,532.3379510634438
mauritania,Arid,wc2.1_2.5m_bio_5,42.19729609995581
mauritania,Arid,wc2.1_2.5m_bio_6,12.304201116775001
mauritania,Arid,wc2.1_2.5m_bio_7,29.893095016479492
mauritania,Arid,wc2.1_2.5m_bio_8,32.37030909980476
mauritania,Arid,wc2.1_2.5m_bio_9,25.361294250914504
mauritius,Equatorial,wc2.1_2.5m_bio_1,23.607166290283203
mauritius,Equatorial,wc2.1_2.5m_bio_10,25.96066665649414
mauritius,Equatorial,wc2.1_2.5m_bio_11,21.131999969482422
mauritius,Equatorial,wc2.1_2.5m_bio_12,1631
mauritius,Equatorial,wc2.1_2.5m_bio_13,257
mauritius,Equatorial,wc2.1_2.5m_bio_14,53
mauritius,Equatorial,wc2.1_2.5m_bio_15,52.781375885009766
mauritius,Equatorial,wc2.1_2.5m_bio_16,695
mauritius,Equatorial,wc2.1_2.5m_bio_17,177
mauritius,Equatorial,wc2.1_2.5m_bio_18,695
mauritius,Equatorial,wc2.1_2.5m_bio_19,230
mauritius,Equatorial,wc2.1_2.5m_bio_2,6.603666305541992
mauritius,Equatorial,wc2.1_2.5m_bio_3,56.96744155883789
mauritius,Equatorial,wc2.1_2.5m_bio_4,200.41363525390625
mauritius,Equatorial,wc2.1_2.5m_bio_5,29.304000854492188
mauritius,Equatorial,wc2.1_2.5m_bio_6,17.711999893188477
mauritius,Equatorial,wc2.1_2.5m_bio_7,11.592000961303711
mauritius,Equatorial,wc2.1_2.5m_bio_8,25.96066665649414
mauritius,Equatorial,wc2.1_2.5m_bio_9,22.742000579833984
mexico,Arid,wc2.1_2.5m_bio_1,19.373026404972126
mexico,Arid,wc2.1_2.5m_bio_10,25.427884479311338
mexico,Arid,wc2.1_2.5m_bio_11,12.91240940999859
mexico,Arid,wc2.1_2.5m_bio_12,378.79947229551453
mexico,Arid,wc2.1_2.5m_bio_13,85.64907651715039
mexico,Arid,wc2.1_2.5m_bio_14,5.0263852242744065
mexico,Arid,wc2.1_2.5m_bio_15,85.38773679104203
mexico,Arid,wc2.1_2.5m_bio_16,215.6042216358839
mexico,Arid,wc2.1_2.5m_bio_17,21.92084432717678
mexico,Arid,wc2.1_2.5m_bio_18,174.68865435356201
mexico,Arid,wc2.1_2.5m_bio_19,47.928759894459105
mexico,Arid,wc2.1_2.5m_bio_2,16.46045038630906
mexico,Arid,wc2.1_2.5m_bio_3,55.03324642533677
mexico,Arid,wc2.1_2.5m_bio_4,513.761627096614
mexico,Arid,wc2.1_2.5m_bio_5,34.128007350307655
mexico,Arid,wc2.1_2.5m_bio_6,3.9493562804982263
mexico,Arid,wc2.1_2.5m_bio_7,30.178651147907832
mexico,Arid,wc2.1_2.5m_bio_8,23.75255639068684
mexico,Arid,wc2.1_2.5m_bio_9,17.436233573349924
mexico,Equatorial,wc2.1_2.5m_bio_1,24.85437342117393
mexico,Equatorial,wc2.1_2.5m_bio_10,27.008764173163744
mexico,Equatorial,wc2.1_2.5m_bio_11,22.196333739275488
mexico,Equatorial,wc2.1_2.5m_bio_12,1393.0437158469945
mexico,Equatorial,wc2.1_2.5m_bio_13,276.6120218579235
mexico,Equatorial,wc2.1_2.5m_bio_14,20.797814207650273
mexico,Equatorial,wc2.1_2.5m_bio_15,86.99862518727454
mexico,Equatorial,wc2.1_2.5m_bio_16,735.360655737705
mexico,Equatorial,wc2.1_2.5m_bio_17,75.53005464480874
mexico,Equatorial,wc2.1_2.5m_bio_18,418.92896174863387
mexico,Equatorial,wc2.1_2.5m_bio_19,118.55191256830601
mexico,Equatorial,wc2.1_2.5m_bio_2,12.691012794202795
mexico,Equatorial,wc2.1_2.5m_bio_3,66.43500066454945
mexico,Equatorial,wc2.1_2.5m_bio_4,198.54344029244177
mexico,Equatorial,wc2.1_2.5m_bio_5,34.257042910883335
mexico,Equatorial,wc2.1_2.5m_bio_6,15.07993654084336
mexico,Equatorial,wc2.1_2.5m_bio_7,19.177106445604334
mexico,Equatorial,wc2.1_2.5m_bio_8,26.077083014399626
mexico,Equatorial,wc2.1_2.5m_bio_9,23.98079500042024
mexico,Temperate,wc2.1_2.5m_bio_1,17.175033122935194
mexico,Temperate,wc2.1_2.5m_bio_10,20.539896031643483
mexico,Temperate,wc2.1_2.5m_bio_11,13.298988179957613
mexico,Temperate,wc2.1_2.5m_bio_12,910.7092198581561
mexico,Temperate,wc2.1_2.5m_bio_13,206.56737588652481
mexico,Temperate,wc2.1_2.5m_bio_14,9.851063829787234
mexico,Temperate,wc2.1_2.5m_bio_15,95.7628382148472
mexico,Temperate,wc2.1_2.5m_bio_16,533.5248226950355
mexico,Temperate,wc2.1_2.5m_bio_17,38.97872340425532
mexico,Temperate,wc2.1_2.5m_bio_18,369.1489361702128
mexico,Temperate,wc2.1_2.5m_bio_19,76.73049645390071
mexico,Temperate,wc2.1_2.5m_bio_2,15.531607566995824
mexico,Temperate,wc2.1_2.5m_bio_3,62.946563287829676
mexico,Temperate,wc2.1_2.5m_bio_4,297.75054055071894
mexico,Temperate,wc2.1_2.5m_bio_5,29.255886537808898
mexico,Temperate,wc2.1_2.5m_bio_6,4.3493333388357724
mexico,Temperate,wc2.1_2.5m_bio_7,24.906553241378028
mexico,Temperate,wc2.1_2.5m_bio_8,19.659068520187486
mexico,Temperate,wc2.1_2.5m_bio_9,15.850089823946039
moldova,Arid,wc2.1_2.5m_bio_1,10.22783374786377
moldova,Arid,wc2.1_2.5m_bio_10,20.917999267578125
moldova,Arid,wc2.1_2.5m_bio_11,-0.7973332405090332
moldova,Arid,wc2.1_2.5m_bio_12,510
moldova,Arid,wc2.1_2.5m_bio_13,69
moldova,Arid,wc2.1_2.5m_bio_14,25
moldova,Arid,wc2.1_2.5m_bio_15,30.772140502929688
moldova,Arid,wc2.1_2.5m_bio_16,183
moldova,Arid,wc2.1_2.5m_bio_17,95
moldova,Arid,wc2.1_2.5m_bio_18,172
moldova,Arid,wc2.1_2.5m_bio_19,101
moldova,Arid,wc2.1_2.5m_bio_2,9.803667068481445
moldova,Arid,wc2.1_2.5m_bio_3,29.85645866394043
moldova,Arid,wc2.1_2.5m_bio_4,884.21124267578125
moldova,Arid,wc2.1_2.5m_bio_5,27.648000717163086
moldova,Arid,wc2.1_2.5m_bio_6,-5.187999725341797
moldova,Arid,wc2.1_2.5m_bio_7,32.83599853515625
moldova,Arid,wc2.1_2.5m_bio_8,19.23466682434082
moldova,Arid,wc2.1_2.5m_bio_9,0.4733334183692932
moldova,Boreal,wc2.1_2.5m_bio_1,9.190999921162923
moldova,Boreal,wc2.1_2.5m_bio_10,19.592577743530274
moldova,Boreal,wc2.1_2.5m_bio_11,-1.6654666741689046
moldova,Boreal,wc2.1_2.5m_bio_12,555.6666666666666
moldova,Boreal,wc2.1_2.5m_bio_13,80
moldova,Boreal,wc2.1_2.5m_bio_14,27.066666666666666
moldova,Boreal,wc2.1_2.5m_bio_15,35.58616587320964
moldova,Boreal,wc2.1_2.5m_bio_16,212.06666666666666
moldova,Boreal,wc2.1_2.5m_bio_17,98.46666666666667
moldova,Boreal,wc2.1_2.5m_bio_18,204.86666666666667
moldova,Boreal,wc2.1_2.5m_bio_19,104.46666666666667
moldova,Boreal,wc2.1_2.5m_bio_2,9.076666514078775
moldova,Boreal,wc2.1_2.5m_bio_3,28.76240781148275
moldova,Boreal,wc2.1_2.5m_bio_4,868.8753173828125
moldova,Boreal,wc2.1_2.5m_bio_5,25.626933415730793
moldova,Boreal,wc2.1_2.5m_bio_6,-5.919200007120768
moldova,Boreal,wc2.1_2.5m_bio_7,31.54613316853841
moldova,Boreal,wc2.1_2.5m_bio_8,18.19422238667806
moldova,Boreal,wc2.1_2.5m_bio_9,-0.5665333249916633
mongolia,Arid,wc2.1_2.5m_bio_1,1.3431547165090572
mongolia,Arid,wc2.1_2.5m_bio_10,17.930688160721974
mongolia,Arid,wc2.1_2.5m_bio_11,-16.762964141838868
mongolia,Arid,wc2.1_2.5m_bio_12,161.69534050179212
mongolia,Arid,wc2.1_2.5m_bio_13,46.562724014336915
mongolia,Arid,wc2.1_2.5m_bio_14,1.1218637992831542
mongolia,Arid,wc2.1_2.5m_bio_15,108.90193875630696
mongolia,Arid,wc2.1_2.5m_bio_16,112.91935483870968
mongolia,Arid,wc2.1_2.5m_bio_17,4.344086021505376
mongolia,Arid,wc2.1_2.5m_bio_18,112.91756272401433
mongolia,Arid,wc2.1_2.5m_bio_19,4.512544802867383
mongolia,Arid,wc2.1_2.5m_bio_2,13.228743117342713
mongolia,Arid,wc2.1_2.5m_bio_3,26.30047709283863
mongolia,Arid,wc2.1_2.5m_bio_4,1407.5968140085965
mongolia,Arid,wc2.1_2.5m_bio_5,25.54572756914255
mongolia,Arid,wc2.1_2.5m_bio_6,-24.894867411651063
mongolia,Arid,wc2.1_2.5m_bio_7,50.440595059411926
mongolia,Arid,wc2.1_2.5m_bio_8,17.9271206565228
mongolia,Arid,wc2.1_2.5m_bio_9,-15.105185215618448
mongolia,Boreal,wc2.1_2.5m_bio_1,-3.469987464691862
mongolia,Boreal,wc2.1_2.5m_bio_10,12.847664769674312
mongolia,Boreal,wc2.1_2.5m_bio_11,-21.290088620489044
mongolia,Boreal,wc2.1_2.5m_bio_12,316.70520231213874
mongolia,Boreal,wc2.1_2.5m_bio_13,91.59537572254335
mongolia,Boreal,wc2.1_2.5m_bio_14,2.0809248554913293
mongolia,Boreal,wc2.1_2.5m_bio_15,113.29440184135657
mongolia,Boreal,wc2.1_2.5m_bio_16,221.76878612716763
mongolia,Boreal,wc2.1_2.5m_bio_17,7.670520231213873
mongolia,Boreal,wc2.1_2.5m_bio_18,221.76878612716763
mongolia,Boreal,wc2.1_2.5m_bio_19,7.791907514450867
mongolia,Boreal,wc2.1_2.5m_bio_2,14.02861853693262
mongolia,Boreal,wc2.1_2.5m_bio_3,28.03410695467381
mongolia,Boreal,wc2.1_2.5m_bio_4,1389.3296978018877
mongolia,Boreal,wc2.1_2.5m_bio_5,20.532046268441086
mongolia,Boreal,wc2.1_2.5m_bio_6,-29.68672833966382
mongolia,Boreal,wc2.1_2.5m_bio_7,50.21877451990381
mongolia,Boreal,wc2.1_2.5m_bio_8,12.847664769674312
mongolia,Boreal,wc2.1_2.5m_bio_9,-20.203695605945036
mongolia,Polar,wc2.1_2.5m_bio_1,-7.204016637802124
mongolia,Polar,wc2.1_2.5m_bio_10,7.491400051116943
mongolia,Polar,wc2.1_2.5m_bio_11,-22.26626625061035
mongolia,Polar,wc2.1_2.5m_bio_12,221.4
mongolia,Polar,wc2.1_2.5m_bio_13,49.8
mongolia,Polar,wc2.1_2.5m_bio_14,3
mongolia,Polar,wc2.1_2.5m_bio_15,79.54976043701171
mongolia,Polar,wc2.1_2.5m_bio_16,122.4
mongolia,Polar,wc2.1_2.5m_bio_17,11.2
mongolia,Polar,wc2.1_2.5m_bio_18,122.4
mongolia,Polar,wc2.1_2.5m_bio_19,11.6
mongolia,Polar,wc2.1_2.5m_bio_2,11.925899982452393
mongolia,Polar,wc2.1_2.5m_bio_3,27.185023307800293
mongolia,Polar,wc2.1_2.5m_bio_4,1215.523046875
mongolia,Polar,wc2.1_2.5m_bio_5,14.483599758148193
mongolia,Polar,wc2.1_2.5m_bio_6,-29.355599784851073
mongolia,Polar,wc2.1_2.5m_bio_7,43.83919906616211
mongolia,Polar,wc2.1_2.5m_bio_8,7.491400051116943
mongolia,Polar,wc2.1_2.5m_bio_9,-21.823266410827635
montenegro,Boreal,wc2.1_2.5m_bio_1,5.293749988079071
montenegro,Boreal,wc2.1_2.5m_bio_10,13.554499864578247
montenegro,Boreal,wc2.1_2.5m_bio_11,-2.6466666013002396
montenegro,Boreal,wc2.1_2.5m_bio_12,1122.75
montenegro,Boreal,wc2.1_2.5m_bio_13,125.75
montenegro,Boreal,wc2.1_2.5m_bio_14,72
montenegro,Boreal,wc2.1_2.5m_bio_15,16.123832941055298
montenegro,Boreal,wc2.1_2.5m_bio_16,337
montenegro,Boreal,wc2.1_2.5m_bio_17,234.25
montenegro,Boreal,wc2.1_2.5m_bio_18,240.5
montenegro,Boreal,wc2.1_2.5m_bio_19,277.75
montenegro,Boreal,wc2.1_2.5m_bio_2,8.9486665725708
montenegro,Boreal,wc2.1_2.5m_bio_3,32.83592414855957
montenegro,Boreal,wc2.1_2.5m_bio_4,664.4753265380859
montenegro,Boreal,wc2.1_2.5m_bio_5,20.068999767303467
montenegro,Boreal,wc2.1_2.5m_bio_6,-7.110999822616577
montenegro,Boreal,wc2.1_2.5m_bio_7,27.179999828338623
montenegro,Boreal,wc2.1_2.5m_bio_8,2.201500030234456
montenegro,Boreal,wc2.1_2.5m_bio_9,5.787166625261307
montenegro,Temperate,wc2.1_2.5m_bio_1,12.664000034332275
montenegro,Temperate,wc2.1_2.5m_bio_10,21.24233341217041
montenegro,Temperate,wc2.1_2.5m_bio_11,4.531333327293396
montenegro,Temperate,wc2.1_2.5m_bio_12,1404.5
montenegro,Temperate,wc2.1_2.5m_bio_13,193
montenegro,Temperate,wc2.1_2.5m_bio_14,43.5
montenegro,Temperate,wc2.1_2.5m_bio_15,38.414262771606445
montenegro,Temperate,wc2.1_2.5m_bio_16,520.5
montenegro,Temperate,wc2.1_2.5m_bio_17,167
montenegro,Temperate,wc2.1_2.5m_bio_18,167
montenegro,Temperate,wc2.1_2.5m_bio_19,442
montenegro,Temperate,wc2.1_2.5m_bio_2,8.236999750137329
montenegro,Temperate,wc2.1_2.5m_bio_3,30.680404663085938
montenegro,Temperate,wc2.1_2.5m_bio_4,683.4203796386719
montenegro,Temperate,wc2.1_2.5m_bio_5,27.22800064086914
montenegro,Temperate,wc2.1_2.5m_bio_6,0.38999998569488525
montenegro,Temperate,wc2.1_2.5m_bio_7,26.838001251220703
montenegro,Temperate,wc2.1_2.5m_bio_8,9.294666767120361
montenegro,Temperate,wc2.1_2.5m_bio_9,21.24233341217041
morocco,Arid,wc2.1_2.5m_bio_1,19.172315490379763
morocco,Arid,wc2.1_2.5m_bio_10,26.00255432557524
morocco,Arid,wc2.1_2.5m_bio_11,12.662554351131568
morocco,Arid,wc2.1_2.5m_bio_12,150.25280898876406
morocco,Arid,wc2.1_2.5m_bio_13,24.921348314606742
morocco,Arid,wc2.1_2.5m_bio_14,1.2752808988764044
morocco,Arid,wc2.1_2.5m_bio_15,65.43472287895975
morocco,Arid,wc2.1_2.5m_bio_16,63.08426966292135
morocco,Arid,wc2.1_2.5m_bio_17,8.213483146067416
morocco,Arid,wc2.1_2.5m_bio_18,12.887640449438202
morocco,Arid,wc2.1_2.5m_bio_19,55.1123595505618
morocco,Arid,wc2.1_2.5m_bio_2,12.28630147355326
morocco,Arid,wc2.1_2.5m_bio_3,45.93803669361586
morocco,Arid,wc2.1_2.5m_bio_4,537.840631720725
morocco,Arid,wc2.1_2.5m_bio_5,33.72303369072046
morocco,Arid,wc2.1_2.5m_bio_6,6.041393262030703
morocco,Arid,wc2.1_2.5m_bio_7,27.681640458910653
morocco,Arid,wc2.1_2.5m_bio_8,16.55079775445917
morocco,Arid,wc2.1_2.5m_bio_9,24.344685329480118
morocco,Boreal,wc2.1_2.5m_bio_1,6.42383337020874
morocco,Boreal,wc2.1_2.5m_bio_10,15.999333381652832
morocco,Boreal,wc2.1_2.5m_bio_11,-2.31933331489563
morocco,Boreal,wc2.1_2.5m_bio_12,428
morocco,Boreal,wc2.1_2.5m_bio_13,55
morocco,Boreal,wc2.1_2.5m_bio_14,8
morocco,Boreal,wc2.1_2.5m_bio_15,41.789424896240234
morocco,Boreal,wc2.1_2.5m_bio_16,144
morocco,Boreal,wc2.1_2.5m_bio_17,40
morocco,Boreal,wc2.1_2.5m_bio_18,40
morocco,Boreal,wc2.1_2.5m_bio_19,123
morocco,Boreal,wc2.1_2.5m_bio_2,12.736333847045898
morocco,Boreal,wc2.1_2.5m_bio_3,37.50392532348633
morocco,Boreal,wc2.1_2.5m_bio_4,751.3194580078125
morocco,Boreal,wc2.1_2.5m_bio_5,25.72800064086914
morocco,Boreal,wc2.1_2.5m_bio_6,-8.232000350952148
morocco,Boreal,wc2.1_2.5m_bio_7,33.959999084472656
morocco,Boreal,wc2.1_2.5m_bio_8,2.2239999771118164
morocco,Boreal,wc2.1_2.5m_bio_9,15.999333381652832
morocco,Temperate,wc2.1_2.5m_bio_1,16.429074430465697
morocco,Temperate,wc2.1_2.5m_bio_10,23.861588096618654
morocco,Temperate,wc2.1_2.5m_bio_11,9.801880946755409
morocco,Temperate,wc2.1_2.5m_bio_12,515.625
morocco,Temperate,wc2.1_2.5m_bio_13,83.35
morocco,Temperate,wc2.1_2.5m_bio_14,2.125
morocco,Temperate,wc2.1_2.5m_bio_15,66.54510698318481
morocco,Temperate,wc2.1_2.5m_bio_16,225.4
morocco,Temperate,wc2.1_2.5m_bio_17,16.925
morocco,Temperate,wc2.1_2.5m_bio_18,18.675
morocco,Temperate,wc2.1_2.5m_bio_19,217.5
morocco,Temperate,wc2.1_2.5m_bio_2,11.75416066646576
morocco,Temperate,wc2.1_2.5m_bio_3,42.18411111831665
morocco,Temperate,wc2.1_2.5m_bio_4,572.4446487426758
morocco,Temperate,wc2.1_2.5m_bio_5,31.885942697525024
morocco,Temperate,wc2.1_2.5m_bio_6,3.891371417231858
morocco,Temperate,wc2.1_2.5m_bio_7,27.99457130432129
morocco,Temperate,wc2.1_2.5m_bio_8,11.15309760570526
morocco,Temperate,wc2.1_2.5m_bio_9,23.614576196670534
mozambique,Arid,wc2.1_2.5m_bio_1,23.962991352739007
mozambique,Arid,wc2.1_2.5m_bio_10,26.93706884055302
mozambique,Arid,wc2.1_2.5m_bio_11,19.902379299032276
mozambique,Arid,wc2.1_2.5m_bio_12,614.7758620689655
mozambique,Arid,wc2.1_2.5m_bio_13,131.68965517241378
mozambique,Arid,wc2.1_2.5m_bio_14,5.344827586206897
mozambique,Arid,wc2.1_2.5m_bio_15,92.88735251591123
mozambique,Arid,wc2.1_2.5m_bio_16,369.17241379310343
mozambique,Arid,wc2.1_2.5m_bio_17,21.155172413793103
mozambique,Arid,wc2.1_2.5m_bio_18,300.41379310344826
mozambique,Arid,wc2.1_2.5m_bio_19,23.224137931034484
mozambique,Arid,wc2.1_2.5m_bio_2,13.388189644649112
mozambique,Arid,wc2.1_2.5m_bio_3,61.21404937217976
mozambique,Arid,wc2.1_2.5m_bio_4,294.0233614691373
mozambique,Arid,wc2.1_2.5m_bio_5,33.60068946049131
mozambique,Arid,wc2.1_2.5m_bio_6,11.708758633712243
mozambique,Arid,wc2.1_2.5m_bio_7,21.891930810336408
mozambique,Arid,wc2.1_2.5m_bio_8,26.734402261931322
mozambique,Arid,wc2.1_2.5m_bio_9,20.681758650417986
mozambique,Equatorial,wc2.1_2.5m_bio_1,24.257319853267568
mozambique,Equatorial,wc2.1_2.5m_bio_10,26.549016289532503
mozambique,Equatorial,wc2.1_2.5m_bio_11,21.133223151140673
mozambique,Equatorial,wc2.1_2.5m_bio_12,1060.6470588235295
mozambique,Equatorial,wc2.1_2.5m_bio_13,229.29946524064172
mozambique,Equatorial,wc2.1_2.5m_bio_14,8.117647058823529
mozambique,Equatorial,wc2.1_2.5m_bio_15,97.40148546351469
mozambique,Equatorial,wc2.1_2.5m_bio_16,631.3475935828877
mozambique,Equatorial,wc2.1_2.5m_bio_17,34.219251336898395
mozambique,Equatorial,wc2.1_2.5m_bio_18,378.80213903743316
mozambique,Equatorial,wc2.1_2.5m_bio_19,47.37433155080214
mozambique,Equatorial,wc2.1_2.5m_bio_2,11.576276802124186
mozambique,Equatorial,wc2.1_2.5m_bio_3,62.731347517533735
mozambique,Equatorial,wc2.1_2.5m_bio_4,224.29846644274053
mozambique,Equatorial,wc2.1_2.5m_bio_5,33.066550137524935
mozambique,Equatorial,wc2.1_2.5m_bio_6,14.51850254650422
mozambique,Equatorial,wc2.1_2.5m_bio_7,18.54804754002209
mozambique,Equatorial,wc2.1_2.5m_bio_8,25.962635101481556
mozambique,Equatorial,wc2.1_2.5m_bio_9,22.19482119963131
mozambique,Temperate,wc2.1_2.5m_bio_1,21.136628844521262
mozambique,Temperate,wc2.1_2.5m_bio_10,23.68581823869185
mozambique,Temperate,wc2.1_2.5m_bio_11,17.54912133650346
mozambique,Temperate,wc2.1_2.5m_bio_12,1118.909090909091
mozambique,Temperate,wc2.1_2.5m_bio_13,253.0909090909091
mozambique,Temperate,wc2.1_2.5m_bio_14,5.318181818181818
mozambique,Temperate,wc2.1_2.5m_bio_15,107.60931327126242
mozambique,Temperate,wc2.1_2.5m_bio_16,710.5
mozambique,Temperate,wc2.1_2.5m_bio_17,21.40909090909091
mozambique,Temperate,wc2.1_2.5m_bio_18,364.77272727272725
mozambique,Temperate,wc2.1_2.5m_bio_19,24.09090909090909
mozambique,Temperate,wc2.1_2.5m_bio_2,11.770742373033004
mozambique,Temperate,wc2.1_2.5m_bio_3,58.22388406233354
mozambique,Temperate,wc2.1_2.5m_bio_4,253.69080283425072
mozambique,Temperate,wc2.1_2.5m_bio_5,30.869272752241656
mozambique,Temperate,wc2.1_2.5m_bio_6,10.640727259896018
mozambique,Temperate,wc2.1_2.5m_bio_7,20.228545448996805
mozambique,Temperate,wc2.1_2.5m_bio_8,22.810515143654563
mozambique,Temperate,wc2.1_2.5m_bio_9,18.291182084517047
myanmar,Arid,wc2.1_2.5m_bio_1,26.950332641601562
myanmar,Arid,wc2.1_2.5m_bio_10,30.487333297729492
myanmar,Arid,wc2.1_2.5m_bio_11,22.23666763305664
myanmar,Arid,wc2.1_2.5m_bio_12,712
myanmar,Arid,wc2.1_2.5m_bio_13,148
myanmar,Arid,wc2.1_2.5m_bio_14,1
myanmar,Arid,wc2.1_2.5m_bio_15,89.21582794189453
myanmar,Arid,wc2.1_2.5m_bio_16,374
myanmar,Arid,wc2.1_2.5m_bio_17,7
myanmar,Arid,wc2.1_2.5m_bio_18,218
myanmar,Arid,wc2.1_2.5m_bio_19,10
myanmar,Arid,wc2.1_2.5m_bio_2,12.111332893371582
myanmar,Arid,wc2.1_2.5m_bio_3,46.921329498291016
myanmar,Arid,wc2.1_2.5m_bio_4,336.6313171386719
myanmar,Arid,wc2.1_2.5m_bio_5,39.119998931884766
myanmar,Arid,wc2.1_2.5m_bio_6,13.308000564575195
myanmar,Arid,wc2.1_2.5m_bio_7,25.81199836730957
myanmar,Arid,wc2.1_2.5m_bio_8,27.895999908447266
myanmar,Arid,wc2.1_2.5m_bio_9,24.47533416748047
myanmar,Equatorial,wc2.1_2.5m_bio_1,25.581065856933595
myanmar,Equatorial,wc2.1_2.5m_bio_10,28.297585235595704
myanmar,Equatorial,wc2.1_2.5m_bio_11,21.917299377441406
myanmar,Equatorial,wc2.1_2.5m_bio_12,2134.848
myanmar,Equatorial,wc2.1_2.5m_bio_13,471.824
myanmar,Equatorial,wc2.1_2.5m_bio_14,3.456
myanmar,Equatorial,wc2.1_2.5m_bio_15,97.2487265625
myanmar,Equatorial,wc2.1_2.5m_bio_16,1300.584
myanmar,Equatorial,wc2.1_2.5m_bio_17,20.176
myanmar,Equatorial,wc2.1_2.5m_bio_18,475.664
myanmar,Equatorial,wc2.1_2.5m_bio_19,54.296
myanmar,Equatorial,wc2.1_2.5m_bio_2,10.303384559631347
myanmar,Equatorial,wc2.1_2.5m_bio_3,49.36842752075195
myanmar,Equatorial,wc2.1_2.5m_bio_4,261.4096669921875
myanmar,Equatorial,wc2.1_2.5m_bio_5,35.39006698608399
myanmar,Equatorial,wc2.1_2.5m_bio_6,14.130001571655274
myanmar,Equatorial,wc2.1_2.5m_bio_7,21.260065490722656
myanmar,Equatorial,wc2.1_2.5m_bio_8,26.541107803344726
myanmar,Equatorial,wc2.1_2.5m_bio_9,23.17737826538086
myanmar,Polar,wc2.1_2.5m_bio_1,3.67983341217041
myanmar,Polar,wc2.1_2.5m_bio_10,10.192667007446289
myanmar,Polar,wc2.1_2.5m_bio_11,-3.514666795730591
myanmar,Polar,wc2.1_2.5m_bio_12,955
myanmar,Polar,wc2.1_2.5m_bio_13,181
myanmar,Polar,wc2.1_2.5m_bio_14,14
myanmar,Polar,wc2.1_2.5m_bio_15,71.62510681152344
myanmar,Polar,wc2.1_2.5m_bio_16,483
myanmar,Polar,wc2.1_2.5m_bio_17,54
myanmar,Polar,wc2.1_2.5m_bio_18,483
myanmar,Polar,wc2.1_2.5m_bio_19,62
myanmar,Polar,wc2.1_2.5m_bio_2,9.614333152770996
myanmar,Polar,wc2.1_2.5m_bio_3,38.93703842163086
myanmar,Polar,wc2.1_2.5m_bio_4,567.5511474609375
myanmar,Polar,wc2.1_2.5m_bio_5,14.592000007629395
myanmar,Polar,wc2.1_2.5m_bio_6,-10.100000381469727
myanmar,Polar,wc2.1_2.5m_bio_7,24.692001342773438
myanmar,Polar,wc2.1_2.5m_bio_8,10.192667007446289
myanmar,Polar,wc2.1_2.5m_bio_9,-2.004666805267334
myanmar,Temperate,wc2.1_2.5m_bio_1,20.49084981597296
myanmar,Temperate,wc2.1_2.5m_bio_10,24.0002177965523
myanmar,Temperate,wc2.1_2.5m_bio_11,15.197821716270825
myanmar,Temperate,wc2.1_2.5m_bio_12,1969.1782178217823
myanmar,Temperate,wc2.1_2.5m_bio_13,416.7722772277228
myanmar,Temperate,wc2.1_2.5m_bio_14,9.03960396039604
myanmar,Temperate,wc2.1_2.5m_bio_15,92.0261241799534
myanmar,Temperate,wc2.1_2.5m_bio_16,1137.3960396039604
myanmar,Temperate,wc2.1_2.5m_bio_17,41.40594059405941
myanmar,Temperate,wc2.1_2.5m_bio_18,941.7425742574258
myanmar,Temperate,wc2.1_2.5m_bio_19,47.64356435643565
myanmar,Temperate,wc2.1_2.5m_bio_2,10.376729398670763
myanmar,Temperate,wc2.1_2.5m_bio_3,46.366713457768505
myanmar,Temperate,wc2.1_2.5m_bio_4,370.02361305161276
myanmar,Temperate,wc2.1_2.5m_bio_5,29.77742565268337
myanmar,Temperate,wc2.1_2.5m_bio_6,7.446851471273026
myanmar,Temperate,wc2.1_2.5m_bio_7,22.33057422449093
myanmar,Temperate,wc2.1_2.5m_bio_8,23.634224372334998
myanmar,Temperate,wc2.1_2.5m_bio_9,16.210310180588525
namibia,Arid,wc2.1_2.5m_bio_1,20.362195005019505
namibia,Arid,wc2.1_2.5m_bio_10,24.259281668398117
namibia,Arid,wc2.1_2.5m_bio_11,15.332780225409401
namibia,Arid,wc2.1_2.5m_bio_12,269.34027777777777
namibia,Arid,wc2.1_2.5m_bio_13,68.91666666666667
namibia,Arid,wc2.1_2.5m_bio_14,0.3194444444444444
namibia,Arid,wc2.1_2.5m_bio_15,104.84493507941563
namibia,Arid,wc2.1_2.5m_bio_16,181.34027777777777
namibia,Arid,wc2.1_2.5m_bio_17,2.2465277777777777
namibia,Arid,wc2.1_2.5m_bio_18,106.57291666666667
namibia,Arid,wc2.1_2.5m_bio_19,2.888888888888889
namibia,Arid,wc2.1_2.5m_bio_2,15.416996869775984
namibia,Arid,wc2.1_2.5m_bio_3,60.0328629149331
namibia,Arid,wc2.1_2.5m_bio_4,371.4749117957221
namibia,Arid,wc2.1_2.5m_bio_5,32.027492827839325
namibia,Arid,wc2.1_2.5m_bio_6,6.098672625505262
namibia,Arid,wc2.1_2.5m_bio_7,25.928820156388813
namibia,Arid,wc2.1_2.5m_bio_8,23.521152012877995
namibia,Arid,wc2.1_2.5m_bio_9,15.65615036421352
nepal,Boreal,wc2.1_2.5m_bio_1,9.446916580200195
nepal,Boreal,wc2.1_2.5m_bio_10,14.738666534423828
nepal,Boreal,wc2.1_2.5m_bio_11,2.8413333892822266
nepal,Boreal,wc2.1_2.5m_bio_12,778
nepal,Boreal,wc2.1_2.5m_bio_13,184
nepal,Boreal,wc2.1_2.5m_bio_14,9.5
nepal,Boreal,wc2.1_2.5m_bio_15,84.78731536865234
nepal,Boreal,wc2.1_2.5m_bio_16,435
nepal,Boreal,wc2.1_2.5m_bio_17,75
nepal,Boreal,wc2.1_2.5m_bio_18,388
nepal,Boreal,wc2.1_2.5m_bio_19,136.5
nepal,Boreal,wc2.1_2.5m_bio_2,11.168833255767822
nepal,Boreal,wc2.1_2.5m_bio_3,45.404090881347656
nepal,Boreal,wc2.1_2.5m_bio_4,496.87425231933594
nepal,Boreal,wc2.1_2.5m_bio_5,21.506000518798828
nepal,Boreal,wc2.1_2.5m_bio_6,-3.0640000104904175
nepal,Boreal,wc2.1_2.5m_bio_7,24.570000648498535
nepal,Boreal,wc2.1_2.5m_bio_8,14.05299997329712
nepal,Boreal,wc2.1_2.5m_bio_9,6.09333348274231
nepal,Polar,wc2.1_2.5m_bio_1,0.7440768847098718
nepal,Polar,wc2.1_2.5m_bio_10,7.103794767306401
nepal,Polar,wc2.1_2.5m_bio_11,-6.2933846437014065
nepal,Polar,wc2.1_2.5m_bio_12,692.2307692307693
nepal,Polar,wc2.1_2.5m_bio_13,148.3846153846154
nepal,Polar,wc2.1_2.5m_bio_14,7.615384615384615
nepal,Polar,wc2.1_2.5m_bio_15,77.16531812227689
nepal,Polar,wc2.1_2.5m_bio_16,365.15384615384613
nepal,Polar,wc2.1_2.5m_bio_17,45.84615384615385
nepal,Polar,wc2.1_2.5m_bio_18,336.38461538461536
nepal,Polar,wc2.1_2.5m_bio_19,116.61538461538461
nepal,Polar,wc2.1_2.5m_bio_2,10.945743634150578
nepal,Polar,wc2.1_2.5m_bio_3,43.356794797457184
nepal,Polar,wc2.1_2.5m_bio_4,552.0942734938401
nepal,Polar,wc2.1_2.5m_bio_5,12.272000037706816
nepal,Polar,wc2.1_2.5m_bio_6,-13.099076931293194
nepal,Polar,wc2.1_2.5m_bio_7,25.371076877300556
nepal,Polar,wc2.1_2.5m_bio_8,6.764256353561695
nepal,Polar,wc2.1_2.5m_bio_9,0.3116923456008618
nepal,Temperate,wc2.1_2.5m_bio_1,20.052229046821594
nepal,Temperate,wc2.1_2.5m_bio_10,24.93930015563965
nepal,Temperate,wc2.1_2.5m_bio_11,13.026416781544686
nepal,Temperate,wc2.1_2.5m_bio_12,1652.65
nepal,Temperate,wc2.1_2.5m_bio_13,444.575
nepal,Temperate,wc2.1_2.5m_bio_14,7.4
nepal,Temperate,wc2.1_2.5m_bio_15,111.38315639495849
nepal,Temperate,wc2.1_2.5m_bio_16,1091.625
nepal,Temperate,wc2.1_2.5m_bio_17,46.6
nepal,Temperate,wc2.1_2.5m_bio_18,897.45
nepal,Temperate,wc2.1_2.5m_bio_19,63.1
nepal,Temperate,wc2.1_2.5m_bio_2,10.954408288002014
nepal,Temperate,wc2.1_2.5m_bio_3,44.42366695404053
nepal,Temperate,wc2.1_2.5m_bio_4,499.30303344726565
nepal,Temperate,wc2.1_2.5m_bio_5,30.939099836349488
nepal,Temperate,wc2.1_2.5m_bio_6,6.169100010208785
nepal,Temperate,wc2.1_2.5m_bio_7,24.7699996471405
nepal,Temperate,wc2.1_2.5m_bio_8,24.493416810035704
nepal,Temperate,wc2.1_2.5m_bio_9,13.983033394813537
netherlands,Temperate,wc2.1_2.5m_bio_1,9.540462970733643
netherlands,Temperate,wc2.1_2.5m_bio_10,16.296703497568767
netherlands,Temperate,wc2.1_2.5m_bio_11,3.016407423549228
netherlands,Temperate,wc2.1_2.5m_bio_12,799.6111111111111
netherlands,Temperate,wc2.1_2.5m_bio_13,82.88888888888889
netherlands,Temperate,wc2.1_2.5m_bio_14,45.611111111111114
netherlands,Temperate,wc2.1_2.5m_bio_15,17.841856691572403
netherlands,Temperate,wc2.1_2.5m_bio_16,237.66666666666666
netherlands,Temperate,wc2.1_2.5m_bio_17,159
netherlands,Temperate,wc2.1_2.5m_bio_18,205.77777777777777
netherlands,Temperate,wc2.1_2.5m_bio_19,194.94444444444446
netherlands,Temperate,wc2.1_2.5m_bio_2,7.57737037870619
netherlands,Temperate,wc2.1_2.5m_bio_3,34.410781966315376
netherlands,Temperate,wc2.1_2.5m_bio_4,546.1441887749565
netherlands,Temperate,wc2.1_2.5m_bio_5,21.90288872188992
netherlands,Temperate,wc2.1_2.5m_bio_6,-0.07888889054043426
netherlands,Temperate,wc2.1_2.5m_bio_7,21.981777826944988
netherlands,Temperate,wc2.1_2.5m_bio_8,7.772592544555664
netherlands,Temperate,wc2.1_2.5m_bio_9,5.459555546442668
new_caledonia,Equatorial,wc2.1_2.5m_bio_1,22.47230453491211
new_caledonia,Equatorial,wc2.1_2.5m_bio_10,25.274163818359376
new_caledonia,Equatorial,wc2.1_2.5m_bio_11,19.557601547241212
new_caledonia,Equatorial,wc2.1_2.5m_bio_12,1701.2
new_caledonia,Equatorial,wc2.1_2.5m_bio_13,254.2
new_caledonia,Equatorial,wc2.1_2.5m_bio_14,61.4
new_caledonia,Equatorial,wc2.1_2.5m_bio_15,45.0202522277832
new_caledonia,Equatorial,wc2.1_2.5m_bio_16,687
new_caledonia,Equatorial,wc2.1_2.5m_bio_17,228.6
new_caledonia,Equatorial,wc2.1_2.5m_bio_18,684.8
new_caledonia,Equatorial,wc2.1_2.5m_bio_19,309.8
new_caledonia,Equatorial,wc2.1_2.5m_bio_2,7.763754558563233
new_caledonia,Equatorial,wc2.1_2.5m_bio_3,55.62032241821289
new_caledonia,Equatorial,wc2.1_2.5m_bio_4,235.3348175048828
new_caledonia,Equatorial,wc2.1_2.5m_bio_5,29.033899307250977
new_caledonia,Equatorial,wc2.1_2.5m_bio_6,15.087787055969239
new_caledonia,Equatorial,wc2.1_2.5m_bio_7,13.946112251281738
new_caledonia,Equatorial,wc2.1_2.5m_bio_8,25.138297271728515
new_caledonia,Equatorial,wc2.1_2.5m_bio_9,20.269289779663087
new_caledonia,Temperate,wc2.1_2.5m_bio_1,18.447500228881836
new_caledonia,Temperate,wc2.1_2.5m_bio_10,21.600000381469727
new_caledonia,Temperate,wc2.1_2.5m_bio_11,15.289999961853027
new_caledonia,Temperate,wc2.1_2.5m_bio_12,2343
new_caledonia,Temperate,wc2.1_2.5m_bio_13,288
new_caledonia,Temperate,wc2.1_2.5m_bio_14,101
new_caledonia,Temperate,wc2.1_2.5m_bio_15,27.061050415039062
new_caledonia,Temperate,wc2.1_2.5m_bio_16,784
new_caledonia,Temperate,wc2.1_2.5m_bio_17,385
new_caledonia,Temperate,wc2.1_2.5m_bio_18,784
new_caledonia,Temperate,wc2.1_2.5m_bio_19,444
new_caledonia,Temperate,wc2.1_2.5m_bio_2,7.608333110809326
new_caledonia,Temperate,wc2.1_2.5m_bio_3,52.341312408447266
new_caledonia,Temperate,wc2.1_2.5m_bio_4,257.2807312011719
new_caledonia,Temperate,wc2.1_2.5m_bio_5,25.68000030517578
new_caledonia,Temperate,wc2.1_2.5m_bio_6,11.144000053405762
new_caledonia,Temperate,wc2.1_2.5m_bio_7,14.53600025177002
new_caledonia,Temperate,wc2.1_2.5m_bio_8,21.600000381469727
new_caledonia,Temperate,wc2.1_2.5m_bio_9,16.141332626342773
new_zealand,Arid,wc2.1_2.5m_bio_1,9.0193328857421875
new_zealand,Arid,wc2.1_2.5m_bio_10,14.637999534606934
new_zealand,Arid,wc2.1_2.5m_bio_11,2.865333318710327
new_zealand,Arid,wc2.1_2.5m_bio_12,1132
new_zealand,Arid,wc2.1_2.5m_bio_13,140
new_zealand,Arid,wc2.1_2.5m_bio_14,75
new_zealand,Arid,wc2.1_2.5m_bio_15,19.312374114990234
new_zealand,Arid,wc2.1_2.5m_bio_16,347
new_zealand,Arid,wc2.1_2.5m_bio_17,235
new_zealand,Arid,wc2.1_2.5m_bio_18,255
new_zealand,Arid,wc2.1_2.5m_bio_19,328
new_zealand,Arid,wc2.1_2.5m_bio_2,12.251999855041504
new_zealand,Arid,wc2.1_2.5m_bio_3,49.25229263305664
new_zealand,Arid,wc2.1_2.5m_bio_4,476.2470397949219
new_zealand,Arid,wc2.1_2.5m_bio_5,22.195999145507812
new_zealand,Arid,wc2.1_2.5m_bio_6,-2.680000066757202
new_zealand,Arid,wc2.1_2.5m_bio_7,24.875999450683594
new_zealand,Arid,wc2.1_2.5m_bio_8,3.3559999465942383
new_zealand,Arid,wc2.1_2.5m_bio_9,6.803333282470703
new_zealand,Polar,wc2.1_2.5m_bio_1,5.416249990463257
new_zealand,Polar,wc2.1_2.5m_bio_10,10.739221890767416
new_zealand,Polar,wc2.1_2.5m_bio_11,-0.2661111503839493
new_zealand,Polar,wc2.1_2.5m_bio_12,2760.1666666666665
new_zealand,Polar,wc2.1_2.5m_bio_13,357.5
new_zealand,Polar,wc2.1_2.5m_bio_14,140
new_zealand,Polar,wc2.1_2.5m_bio_15,27.76107947031657
new_zealand,Polar,wc2.1_2.5m_bio_16,925.3333333333334
new_zealand,Polar,wc2.1_2.5m_bio_17,514.5
new_zealand,Polar,wc2.1_2.5m_bio_18,670.1666666666666
new_zealand,Polar,wc2.1_2.5m_bio_19,556.8333333333334
new_zealand,Polar,wc2.1_2.5m_bio_2,9.106277624766031
new_zealand,Polar,wc2.1_2.5m_bio_3,42.884887059529625
new_zealand,Polar,wc2.1_2.5m_bio_4,446.6880137125651
new_zealand,Polar,wc2.1_2.5m_bio_5,17.0426664352417
new_zealand,Polar,wc2.1_2.5m_bio_6,-4.165333350499471
new_zealand,Polar,wc2.1_2.5m_bio_7,21.20799986521403
new_zealand,Polar,wc2.1_2.5m_bio_8,6.757333278656006
new_zealand,Polar,wc2.1_2.5m_bio_9,3.3130000084638596
new_zealand,Temperate,wc2.1_2.5m_bio_1,10.64833519050667
new_zealand,Temperate,wc2.1_2.5m_bio_10,15.13711741163924
new_zealand,Temperate,wc2.1_2.5m_bio_11,5.986474904928121
new_zealand,Temperate,wc2.1_2.5m_bio_12,1621.6036036036037
new_zealand,Temperate,wc2.1_2.5m_bio_13,188
new_zealand,Temperate,wc2.1_2.5m_bio_14,91.65765765765765
new_zealand,Temperate,wc2.1_2.5m_bio_15,21.11384710535273
new_zealand,Temperate,wc2.1_2.5m_bio_16,504.5315315315315
new_zealand,Temperate,wc2.1_2.5m_bio_17,317.1171171171171
new_zealand,Temperate,wc2.1_2.5m_bio_18,366.95495495495493
new_zealand,Temperate,wc2.1_2.5m_bio_19,420.65765765765764
new_zealand,Temperate,wc2.1_2.5m_bio_2,9.378159991255751
new_zealand,Temperate,wc2.1_2.5m_bio_3,47.73542916237771
new_zealand,Temperate,wc2.1_2.5m_bio_4,371.8363628215618
new_zealand,Temperate,wc2.1_2.5m_bio_5,20.97517437118668
new_zealand,Temperate,wc2.1_2.5m_bio_6,1.3704754280950036
new_zealand,Temperate,wc2.1_2.5m_bio_7,19.604698868485183
new_zealand,Temperate,wc2.1_2.5m_bio_8,8.671949252351984
new_zealand,Temperate,wc2.1_2.5m_bio_9,12.357464948216
nicaragua,Equatorial,wc2.1_2.5m_bio_1,25.035003746880424
nicaragua,Equatorial,wc2.1_2.5m_bio_10,26.087214872572158
nicaragua,Equatorial,wc2.1_2.5m_bio_11,23.865762795342338
nicaragua,Equatorial,wc2.1_2.5m_bio_12,2139.088888888889
nicaragua,Equatorial,wc2.1_2.5m_bio_13,364.31111111111113
nicaragua,Equatorial,wc2.1_2.5m_bio_14,32.2
nicaragua,Equatorial,wc2.1_2.5m_bio_15,68.7898956298828
nicaragua,Equatorial,wc2.1_2.5m_bio_16,957.4444444444445
nicaragua,Equatorial,wc2.1_2.5m_bio_17,124.68888888888888
nicaragua,Equatorial,wc2.1_2.5m_bio_18,471.8666666666667
nicaragua,Equatorial,wc2.1_2.5m_bio_19,315.5777777777778
nicaragua,Equatorial,wc2.1_2.5m_bio_2,7.845711082882351
nicaragua,Equatorial,wc2.1_2.5m_bio_3,71.05496588812935
nicaragua,Equatorial,wc2.1_2.5m_bio_4,89.9888905843099
nicaragua,Equatorial,wc2.1_2.5m_bio_5,30.68257785373264
nicaragua,Equatorial,wc2.1_2.5m_bio_6,19.645689010620117
nicaragua,Equatorial,wc2.1_2.5m_bio_7,11.036888843112521
nicaragua,Equatorial,wc2.1_2.5m_bio_8,25.19788144429525
nicaragua,Equatorial,wc2.1_2.5m_bio_9,25.048562961154513
niger,Arid,wc2.1_2.5m_bio_1,27.255760992726973
niger,Arid,wc2.1_2.5m_bio_10,32.694866776762176
niger,Arid,wc2.1_2.5m_bio_11,20.245536811298532
niger,Arid,wc2.1_2.5m_bio_12,140.0893300248139
niger,Arid,wc2.1_2.5m_bio_13,53.645161290322584
niger,Arid,wc2.1_2.5m_bio_14,0.0024813895781637717
niger,Arid,wc2.1_2.5m_bio_15,127.1700788266014
niger,Arid,wc2.1_2.5m_bio_16,114.3498759305211
niger,Arid,wc2.1_2.5m_bio_17,0.05955334987593052
niger,Arid,wc2.1_2.5m_bio_18,28.364764267990076
niger,Arid,wc2.1_2.5m_bio_19,0.14392059553349876
niger,Arid,wc2.1_2.5m_bio_2,14.792534321768407
niger,Arid,wc2.1_2.5m_bio_3,50.528882748435805
niger,Arid,wc2.1_2.5m_bio_4,512.074217349069
niger,Arid,wc2.1_2.5m_bio_5,40.71686352334602
niger,Arid,wc2.1_2.5m_bio_6,11.220833735785472
niger,Arid,wc2.1_2.5m_bio_7,29.496029733132488
niger,Arid,wc2.1_2.5m_bio_8,30.868838681772388
niger,Arid,wc2.1_2.5m_bio_9,21.889740333367815
nigeria,Arid,wc2.1_2.5m_bio_1,27.615223824977875
nigeria,Arid,wc2.1_2.5m_bio_10,31.607083350419998
nigeria,Arid,wc2.1_2.5m_bio_11,23.774177134037018
nigeria,Arid,wc2.1_2.5m_bio_12,540.28125
nigeria,Arid,wc2.1_2.5m_bio_13,183.078125
nigeria,Arid,wc2.1_2.5m_bio_14,0.03125
nigeria,Arid,wc2.1_2.5m_bio_15,142.0599764585495
nigeria,Arid,wc2.1_2.5m_bio_16,422.046875
nigeria,Arid,wc2.1_2.5m_bio_17,0.265625
nigeria,Arid,wc2.1_2.5m_bio_18,86.359375
nigeria,Arid,wc2.1_2.5m_bio_19,0.515625
nigeria,Arid,wc2.1_2.5m_bio_2,14.55200007557869
nigeria,Arid,wc2.1_2.5m_bio_3,55.8103432059288
nigeria,Arid,wc2.1_2.5m_bio_4,311.2643895149231
nigeria,Arid,wc2.1_2.5m_bio_5,40.030624747276306
nigeria,Arid,wc2.1_2.5m_bio_6,13.961812391877174
nigeria,Arid,wc2.1_2.5m_bio_7,26.068812251091003
nigeria,Arid,wc2.1_2.5m_bio_8,27.184208422899246
nigeria,Arid,wc2.1_2.5m_bio_9,24.916729241609573
nigeria,Equatorial,wc2.1_2.5m_bio_1,26.367263793945312
nigeria,Equatorial,wc2.1_2.5m_bio_10,28.840445397263867
nigeria,Equatorial,wc2.1_2.5m_bio_11,24.571018243240097
nigeria,Equatorial,wc2.1_2.5m_bio_12,1328.9830508474577
nigeria,Equatorial,wc2.1_2.5m_bio_13,272.0042372881356
nigeria,Equatorial,wc2.1_2.5m_bio_14,4.5423728813559325
nigeria,Equatorial,wc2.1_2.5m_bio_15,94.19665705147436
nigeria,Equatorial,wc2.1_2.5m_bio_16,707.8516949152543
nigeria,Equatorial,wc2.1_2.5m_bio_17,23.83050847457627
nigeria,Equatorial,wc2.1_2.5m_bio_18,187.52966101694915
nigeria,Equatorial,wc2.1_2.5m_bio_19,498.89830508474574
nigeria,Equatorial,wc2.1_2.5m_bio_2,11.001903307639946
nigeria,Equatorial,wc2.1_2.5m_bio_3,62.27393792039257
nigeria,Equatorial,wc2.1_2.5m_bio_4,174.94200603032516
nigeria,Equatorial,wc2.1_2.5m_bio_5,35.57184748730417
nigeria,Equatorial,wc2.1_2.5m_bio_6,17.556801335286284
nigeria,Equatorial,wc2.1_2.5m_bio_7,18.01504613585391
nigeria,Equatorial,wc2.1_2.5m_bio_8,25.01403806977353
nigeria,Equatorial,wc2.1_2.5m_bio_9,25.670366416543217
north_korea,Boreal,wc2.1_2.5m_bio_1,5.653657148902615
north_korea,Boreal,wc2.1_2.5m_bio_10,18.769173622131348
north_korea,Boreal,wc2.1_2.5m_bio_11,-8.785961836576462
north_korea,Boreal,wc2.1_2.5m_bio_12,960.1458333333334
north_korea,Boreal,wc2.1_2.5m_bio_13,249.39583333333334
north_korea,Boreal,wc2.1_2.5m_bio_14,12.333333333333334
north_korea,Boreal,wc2.1_2.5m_bio_15,97.803701877594
north_korea,Boreal,wc2.1_2.5m_bio_16,588.4791666666666
north_korea,Boreal,wc2.1_2.5m_bio_17,44.5
north_korea,Boreal,wc2.1_2.5m_bio_18,582.5208333333334
north_korea,Boreal,wc2.1_2.5m_bio_19,44.833333333333336
north_korea,Boreal,wc2.1_2.5m_bio_2,11.234276135762533
north_korea,Boreal,wc2.1_2.5m_bio_3,27.07464615503947
north_korea,Boreal,wc2.1_2.5m_bio_4,1114.4391352335613
north_korea,Boreal,wc2.1_2.5m_bio_5,24.47304169336955
north_korea,Boreal,wc2.1_2.5m_bio_6,-16.94866669178009
north_korea,Boreal,wc2.1_2.5m_bio_7,41.42170842488607
north_korea,Boreal,wc2.1_2.5m_bio_8,18.568062663078308
north_korea,Boreal,wc2.1_2.5m_bio_9,-8.708274339636167
norway,Boreal,wc2.1_2.5m_bio_1,1.3429398809125588
norway,Boreal,wc2.1_2.5m_bio_10,10.774682567130387
norway,Boreal,wc2.1_2.5m_bio_11,-6.872777899735653
norway,Boreal,wc2.1_2.5m_bio_12,992.9004524886877
norway,Boreal,wc2.1_2.5m_bio_13,121.4841628959276
norway,Boreal,wc2.1_2.5m_bio_14,47.081447963800905
norway,Boreal,wc2.1_2.5m_bio_15,30.02215756981621
norway,Boreal,wc2.1_2.5m_bio_16,335.0904977375566
norway,Boreal,wc2.1_2.5m_bio_17,158.79638009049773
norway,Boreal,wc2.1_2.5m_bio_18,251.63348416289594
norway,Boreal,wc2.1_2.5m_bio_19,255.8868778280543
norway,Boreal,wc2.1_2.5m_bio_2,6.692811385538783
norway,Boreal,wc2.1_2.5m_bio_3,24.972044327679804
norway,Boreal,wc2.1_2.5m_bio_4,723.7491583500513
norway,Boreal,wc2.1_2.5m_bio_5,16.083789363705733
norway,Boreal,wc2.1_2.5m_bio_6,-10.607141929514269
norway,Boreal,wc2.1_2.5m_bio_7,26.69093126840721
norway,Boreal,wc2.1_2.5m_bio_8,5.753263979981657
norway,Boreal,wc2.1_2.5m_bio_9,-0.7663141362162568
norway,Polar,wc2.1_2.5m_bio_1,-7.394654121001562
norway,Polar,wc2.1_2.5m_bio_10,1.5851332645863294
norway,Polar,wc2.1_2.5m_bio_11,-14.920220765613374
norway,Polar,wc2.1_2.5m_bio_12,536.2761904761904
norway,Polar,wc2.1_2.5m_bio_13,61.285714285714285
norway,Polar,wc2.1_2.5m_bio_14,24.00952380952381
norway,Polar,wc2.1_2.5m_bio_15,27.151044173467728
norway,Polar,wc2.1_2.5m_bio_16,171.92380952380952
norway,Polar,wc2.1_2.5m_bio_17,84.33333333333333
norway,Polar,wc2.1_2.5m_bio_18,113.97142857142858
norway,Polar,wc2.1_2.5m_bio_19,157.27619047619046
norway,Polar,wc2.1_2.5m_bio_2,4.736017919722057
norway,Polar,wc2.1_2.5m_bio_3,20.659213111514138
norway,Polar,wc2.1_2.5m_bio_4,694.287158203125
norway,Polar,wc2.1_2.5m_bio_5,4.293118964490437
norway,Polar,wc2.1_2.5m_bio_6,-18.58234949566069
norway,Polar,wc2.1_2.5m_bio_7,22.875468353998095
norway,Polar,wc2.1_2.5m_bio_8,-10.96676440160899
norway,Polar,wc2.1_2.5m_bio_9,-3.3136514782018605
norway,Temperate,wc2.1_2.5m_bio_1,6.430749314171927
norway,Temperate,wc2.1_2.5m_bio_10,12.81925596509661
norway,Temperate,wc2.1_2.5m_bio_11,0.7252311344657626
norway,Temperate,wc2.1_2.5m_bio_12,1908.2857142857142
norway,Temperate,wc2.1_2.5m_bio_13,230.42857142857142
norway,Temperate,wc2.1_2.5m_bio_14,84
norway,Temperate,wc2.1_2.5m_bio_15,33.05757318224226
norway,Temperate,wc2.1_2.5m_bio_16,662.9285714285714
norway,Temperate,wc2.1_2.5m_bio_17,280.5
norway,Temperate,wc2.1_2.5m_bio_18,361.64285714285717
norway,Temperate,wc2.1_2.5m_bio_19,556.7857142857143
norway,Temperate,wc2.1_2.5m_bio_2,5.038292476109096
norway,Temperate,wc2.1_2.5m_bio_3,27.389324596949987
norway,Temperate,wc2.1_2.5m_bio_4,503.1277770996094
norway,Temperate,wc2.1_2.5m_bio_5,16.521015848432267
norway,Temperate,wc2.1_2.5m_bio_6,-1.8188399917313032
norway,Temperate,wc2.1_2.5m_bio_7,18.339855875287736
norway,Temperate,wc2.1_2.5m_bio_8,5.2260993208204
norway,Temperate,wc2.1_2.5m_bio_9,8.483484983444214
oman,Arid,wc2.1_2.5m_bio_1,27.206679282932107
oman,Arid,wc2.1_2.5m_bio_10,32.96451547605182
oman,Arid,wc2.1_2.5m_bio_11,20.4610902016316
oman,Arid,wc2.1_2.5m_bio_12,123.07339449541284
oman,Arid,wc2.1_2.5m_bio_13,26.477064220183486
oman,Arid,wc2.1_2.5m_bio_14,1.201834862385321
oman,Arid,wc2.1_2.5m_bio_15,75.69834301449836
oman,Arid,wc2.1_2.5m_bio_16,64.30275229357798
oman,Arid,wc2.1_2.5m_bio_17,7.715596330275229
oman,Arid,wc2.1_2.5m_bio_18,20.577981651376145
oman,Arid,wc2.1_2.5m_bio_19,46.091743119266056
oman,Arid,wc2.1_2.5m_bio_2,13.060833808478959
oman,Arid,wc2.1_2.5m_bio_3,48.122345740642025
oman,Arid,wc2.1_2.5m_bio_4,509.624968082533
oman,Arid,wc2.1_2.5m_bio_5,40.34916212799352
oman,Arid,wc2.1_2.5m_bio_6,13.147388889155257
oman,Arid,wc2.1_2.5m_bio_7,27.201773162281842
oman,Arid,wc2.1_2.5m_bio_8,24.376562503499724
oman,Arid,wc2.1_2.5m_bio_9,30.167281964503296
pakistan,Arid,wc2.1_2.5m_bio_1,23.60923654914359
pakistan,Arid,wc2.1_2.5m_bio_10,31.914802427036097
pakistan,Arid,wc2.1_2.5m_bio_11,13.542688418393848
pakistan,Arid,wc2.1_2.5m_bio_12,220.911877394636
pakistan,Arid,wc2.1_2.5m_bio_13,59.662835249042146
pakistan,Arid,wc2.1_2.5m_bio_14,2.521072796934866
pakistan,Arid,wc2.1_2.5m_bio_15,97.31229244246794
pakistan,Arid,wc2.1_2.5m_bio_16,129.78544061302682
pakistan,Arid,wc2.1_2.5m_bio_17,12.980842911877394
pakistan,Arid,wc2.1_2.5m_bio_18,87.44444444444444
pakistan,Arid,wc2.1_2.5m_bio_19,44.78544061302682
pakistan,Arid,wc2.1_2.5m_bio_2,14.781863201623676
pakistan,Arid,wc2.1_2.5m_bio_3,41.892189405887066
pakistan,Arid,wc2.1_2.5m_bio_4,753.1859188152913
pakistan,Arid,wc2.1_2.5m_bio_5,40.08597560312556
pakistan,Arid,wc2.1_2.5m_bio_6,4.6470030082882134
pakistan,Arid,wc2.1_2.5m_bio_7,35.43897254622302
pakistan,Arid,wc2.1_2.5m_bio_8,25.961370003177745
pakistan,Arid,wc2.1_2.5m_bio_9,21.542997226861246
pakistan,Boreal,wc2.1_2.5m_bio_1,5.073583334684372
pakistan,Boreal,wc2.1_2.5m_bio_10,15.296777486801147
pakistan,Boreal,wc2.1_2.5m_bio_11,-5.549444608390331
pakistan,Boreal,wc2.1_2.5m_bio_12,698.75
pakistan,Boreal,wc2.1_2.5m_bio_13,102.58333333333333
pakistan,Boreal,wc2.1_2.5m_bio_14,16.666666666666668
pakistan,Boreal,wc2.1_2.5m_bio_15,47.822230656941734
pakistan,Boreal,wc2.1_2.5m_bio_16,268.75
pakistan,Boreal,wc2.1_2.5m_bio_17,81.75
pakistan,Boreal,wc2.1_2.5m_bio_18,192.83333333333334
pakistan,Boreal,wc2.1_2.5m_bio_19,153.25
pakistan,Boreal,wc2.1_2.5m_bio_2,10.581166744232178
pakistan,Boreal,wc2.1_2.5m_bio_3,31.976139386494953
pakistan,Boreal,wc2.1_2.5m_bio_4,852.4634653727213
pakistan,Boreal,wc2.1_2.5m_bio_5,21.577999750773113
pakistan,Boreal,wc2.1_2.5m_bio_6,-11.581666817267736
pakistan,Boreal,wc2.1_2.5m_bio_7,33.159666220347084
pakistan,Boreal,wc2.1_2.5m_bio_8,4.859499961137772
pakistan,Boreal,wc2.1_2.5m_bio_9,4.1802777126431465
pakistan,Polar,wc2.1_2.5m_bio_1,-1.6185666898886362
pakistan,Polar,wc2.1_2.5m_bio_10,9.708844344814619
pakistan,Polar,wc2.1_2.5m_bio_11,-13.35820011695226
pakistan,Polar,wc2.1_2.5m_bio_12,292.76666666666665
pakistan,Polar,wc2.1_2.5m_bio_13,45.8
pakistan,Polar,wc2.1_2.5m_bio_14,8.1
pakistan,Polar,wc2.1_2.5m_bio_15,48.47127888997396
pakistan,Polar,wc2.1_2.5m_bio_16,120.46666666666667
pakistan,Polar,wc2.1_2.5m_bio_17,37.666666666666664
pakistan,Polar,wc2.1_2.5m_bio_18,67.53333333333333
pakistan,Polar,wc2.1_2.5m_bio_19,68.93333333333334
pakistan,Polar,wc2.1_2.5m_bio_2,11.127911154429118
pakistan,Polar,wc2.1_2.5m_bio_3,30.00438175201416
pakistan,Polar,wc2.1_2.5m_bio_4,945.9224853515625
pakistan,Polar,wc2.1_2.5m_bio_5,17.07133313814799
pakistan,Polar,wc2.1_2.5m_bio_6,-20.019733397165933
pakistan,Polar,wc2.1_2.5m_bio_7,37.09106636047363
pakistan,Polar,wc2.1_2.5m_bio_8,-2.1042000224192936
pakistan,Polar,wc2.1_2.5m_bio_9,-3.636444378892581
pakistan,Temperate,wc2.1_2.5m_bio_1,19.446691703796386
pakistan,Temperate,wc2.1_2.5m_bio_10,27.95483331680298
pakistan,Temperate,wc2.1_2.5m_bio_11,9.563900017738343
pakistan,Temperate,wc2.1_2.5m_bio_12,848.15
pakistan,Temperate,wc2.1_2.5m_bio_13,184.2
pakistan,Temperate,wc2.1_2.5m_bio_14,14.6
pakistan,Temperate,wc2.1_2.5m_bio_15,78.30093326568604
pakistan,Temperate,wc2.1_2.5m_bio_16,430.1
pakistan,Temperate,wc2.1_2.5m_bio_17,68.35
pakistan,Temperate,wc2.1_2.5m_bio_18,325.7
pakistan,Temperate,wc2.1_2.5m_bio_19,151.2
pakistan,Temperate,wc2.1_2.5m_bio_2,12.92578330039978
pakistan,Temperate,wc2.1_2.5m_bio_3,38.054887008666995
pakistan,Temperate,wc2.1_2.5m_bio_4,754.2575439453125
pakistan,Temperate,wc2.1_2.5m_bio_5,35.995599842071535
pakistan,Temperate,wc2.1_2.5m_bio_6,2.038200007379055
pakistan,Temperate,wc2.1_2.5m_bio_7,33.957399654388425
pakistan,Temperate,wc2.1_2.5m_bio_8,23.223566555976866
pakistan,Temperate,wc2.1_2.5m_bio_9,15.533100128173828
palestine,Arid,wc2.1_2.5m_bio_1,20.15333366394043
palestine,Arid,wc2.1_2.5m_bio_10,26.395999908447266
palestine,Arid,wc2.1_2.5m_bio_11,13.414000511169434
palestine,Arid,wc2.1_2.5m_bio_12,216
palestine,Arid,wc2.1_2.5m_bio_13,51
palestine,Arid,wc2.1_2.5m_bio_14,0
palestine,Arid,wc2.1_2.5m_bio_15,107.46501159667969
palestine,Arid,wc2.1_2.5m_bio_16,138
palestine,Arid,wc2.1_2.5m_bio_17,0
palestine,Arid,wc2.1_2.5m_bio_18,0
palestine,Arid,wc2.1_2.5m_bio_19,134
palestine,Arid,wc2.1_2.5m_bio_2,12.128000259399414
palestine,Arid,wc2.1_2.5m_bio_3,47.434295654296875
palestine,Arid,wc2.1_2.5m_bio_4,532.5548095703125
palestine,Arid,wc2.1_2.5m_bio_5,32.97200012207031
palestine,Arid,wc2.1_2.5m_bio_6,7.404000282287598
palestine,Arid,wc2.1_2.5m_bio_7,25.56800079345703
palestine,Arid,wc2.1_2.5m_bio_8,15.026666641235352
palestine,Arid,wc2.1_2.5m_bio_9,26.143333435058594
palestine,Temperate,wc2.1_2.5m_bio_1,17.18975067138672
palestine,Temperate,wc2.1_2.5m_bio_10,23.762999534606934
palestine,Temperate,wc2.1_2.5m_bio_11,9.6616668701171875
palestine,Temperate,wc2.1_2.5m_bio_12,477.5
palestine,Temperate,wc2.1_2.5m_bio_13,119
palestine,Temperate,wc2.1_2.5m_bio_14,0
palestine,Temperate,wc2.1_2.5m_bio_15,111.2214241027832
palestine,Temperate,wc2.1_2.5m_bio_16,310.5
palestine,Temperate,wc2.1_2.5m_bio_17,0
palestine,Temperate,wc2.1_2.5m_bio_18,0
palestine,Temperate,wc2.1_2.5m_bio_19,310.5
palestine,Temperate,wc2.1_2.5m_bio_2,9.83650016784668
palestine,Temperate,wc2.1_2.5m_bio_3,40.104774475097656
palestine,Temperate,wc2.1_2.5m_bio_4,588.50445556640625
palestine,Temperate,wc2.1_2.5m_bio_5,29.706000328063965
palestine,Temperate,wc2.1_2.5m_bio_6,5.187999963760376
palestine,Temperate,wc2.1_2.5m_bio_7,24.51799964904785
palestine,Temperate,wc2.1_2.5m_bio_8,9.6616668701171875
palestine,Temperate,wc2.1_2.5m_bio_9,23.62600040435791
panama,Equatorial,wc2.1_2.5m_bio_1,24.81863952636719
panama,Equatorial,wc2.1_2.5m_bio_10,25.59691764831543
panama,Equatorial,wc2.1_2.5m_bio_11,24.20365550994873
panama,Equatorial,wc2.1_2.5m_bio_12,2631.6
panama,Equatorial,wc2.1_2.5m_bio_13,408.32
panama,Equatorial,wc2.1_2.5m_bio_14,29.96
panama,Equatorial,wc2.1_2.5m_bio_15,58.98008979797363
panama,Equatorial,wc2.1_2.5m_bio_16,1045.56
panama,Equatorial,wc2.1_2.5m_bio_17,159.44
panama,Equatorial,wc2.1_2.5m_bio_18,422.76
panama,Equatorial,wc2.1_2.5m_bio_19,866.4
panama,Equatorial,wc2.1_2.5m_bio_2,7.839670486450196
panama,Equatorial,wc2.1_2.5m_bio_3,79.14998901367187
panama,Equatorial,wc2.1_2.5m_bio_4,56.591343002319334
panama,Equatorial,wc2.1_2.5m_bio_5,30.04688003540039
panama,Equatorial,wc2.1_2.5m_bio_6,20.104180145263673
panama,Equatorial,wc2.1_2.5m_bio_7,9.94269989013672
panama,Equatorial,wc2.1_2.5m_bio_8,24.33898208618164
panama,Equatorial,wc2.1_2.5m_bio_9,25.072725524902342
papua_new_guinea,Equatorial,wc2.1_2.5m_bio_1,24.796784680987162
papua_new_guinea,Equatorial,wc2.1_2.5m_bio_10,25.421017752753365
papua_new_guinea,Equatorial,wc2.1_2.5m_bio_11,23.94518040096949
papua_new_guinea,Equatorial,wc2.1_2.5m_bio_12,3028.253968253968
papua_new_guinea,Equatorial,wc2.1_2.5m_bio_13,363.92063492063494
papua_new_guinea,Equatorial,wc2.1_2.5m_bio_14,154.21428571428572
papua_new_guinea,Equatorial,wc2.1_2.5m_bio_15,29.80664144243513
papua_new_guinea,Equatorial,wc2.1_2.5m_bio_16,1008.6507936507936
papua_new_guinea,Equatorial,wc2.1_2.5m_bio_17,519.5
papua_new_guinea,Equatorial,wc2.1_2.5m_bio_18,849.9047619047619
papua_new_guinea,Equatorial,wc2.1_2.5m_bio_19,605.5396825396825
papua_new_guinea,Equatorial,wc2.1_2.5m_bio_2,8.704272020430793
papua_new_guinea,Equatorial,wc2.1_2.5m_bio_3,82.69094291565911
papua_new_guinea,Equatorial,wc2.1_2.5m_bio_4,62.265027848501056
papua_new_guinea,Equatorial,wc2.1_2.5m_bio_5,30.257809003194172
papua_new_guinea,Equatorial,wc2.1_2.5m_bio_6,19.721008346194314
papua_new_guinea,Equatorial,wc2.1_2.5m_bio_7,10.53680065699986
papua_new_guinea,Equatorial,wc2.1_2.5m_bio_8,25.09219337645031
papua_new_guinea,Equatorial,wc2.1_2.5m_bio_9,24.310687874990798
papua_new_guinea,Temperate,wc2.1_2.5m_bio_1,16.70235706510998
papua_new_guinea,Temperate,wc2.1_2.5m_bio_10,17.20895240420387
papua_new_guinea,Temperate,wc2.1_2.5m_bio_11,16.043333189828054
papua_new_guinea,Temperate,wc2.1_2.5m_bio_12,2780.4761904761904
papua_new_guinea,Temperate,wc2.1_2.5m_bio_13,317.8095238095238
papua_new_guinea,Temperate,wc2.1_2.5m_bio_14,145.14285714285714
papua_new_guinea,Temperate,wc2.1_2.5m_bio_15,26.463099479675293
papua_new_guinea,Temperate,wc2.1_2.5m_bio_16,883.3809523809524
papua_new_guinea,Temperate,wc2.1_2.5m_bio_17,467.14285714285717
papua_new_guinea,Temperate,wc2.1_2.5m_bio_18,859.5714285714286
papua_new_guinea,Temperate,wc2.1_2.5m_bio_19,476.6190476190476
papua_new_guinea,Temperate,wc2.1_2.5m_bio_2,10.872714178902763
papua_new_guinea,Temperate,wc2.1_2.5m_bio_3,88.88993145170666
papua_new_guinea,Temperate,wc2.1_2.5m_bio_4,48.66907219659714
papua_new_guinea,Temperate,wc2.1_2.5m_bio_5,22.798476355416433
papua_new_guinea,Temperate,wc2.1_2.5m_bio_6,10.555047671000162
papua_new_guinea,Temperate,wc2.1_2.5m_bio_7,12.24342863900321
papua_new_guinea,Temperate,wc2.1_2.5m_bio_8,17.12907941000802
papua_new_guinea,Temperate,wc2.1_2.5m_bio_9,16.07872990199498
paraguay,Arid,wc2.1_2.5m_bio_1,24.430005160245027
paraguay,Arid,wc2.1_2.5m_bio_10,28.134606101296164
paraguay,Arid,wc2.1_2.5m_bio_11,19.682000015721176
paraguay,Arid,wc2.1_2.5m_bio_12,569.5151515151515
paraguay,Arid,wc2.1_2.5m_bio_13,87.60606060606061
paraguay,Arid,wc2.1_2.5m_bio_14,6.363636363636363
paraguay,Arid,wc2.1_2.5m_bio_15,66.46886270696467
paraguay,Arid,wc2.1_2.5m_bio_16,250.45454545454547
paraguay,Arid,wc2.1_2.5m_bio_17,29.484848484848484
paraguay,Arid,wc2.1_2.5m_bio_18,240.96969696969697
paraguay,Arid,wc2.1_2.5m_bio_19,50.45454545454545
paraguay,Arid,wc2.1_2.5m_bio_2,13.274999994220156
paraguay,Arid,wc2.1_2.5m_bio_3,58.198518348462656
paraguay,Arid,wc2.1_2.5m_bio_4,353.95073815548056
paraguay,Arid,wc2.1_2.5m_bio_5,35.03151494806463
paraguay,Arid,wc2.1_2.5m_bio_6,12.17066663684267
paraguay,Arid,wc2.1_2.5m_bio_7,22.86084828232274
paraguay,Arid,wc2.1_2.5m_bio_8,27.868121176054984
paraguay,Arid,wc2.1_2.5m_bio_9,20.715757485592004
paraguay,Equatorial,wc2.1_2.5m_bio_1,24.41087770462036
paraguay,Equatorial,wc2.1_2.5m_bio_10,27.92018896738688
paraguay,Equatorial,wc2.1_2.5m_bio_11,20.205744330088297
paraguay,Equatorial,wc2.1_2.5m_bio_12,1044.7
paraguay,Equatorial,wc2.1_2.5m_bio_13,137.45
paraguay,Equatorial,wc2.1_2.5m_bio_14,27.633333333333333
paraguay,Equatorial,wc2.1_2.5m_bio_15,46.288559436798096
paraguay,Equatorial,wc2.1_2.5m_bio_16,387.45
paraguay,Equatorial,wc2.1_2.5m_bio_17,110.68333333333334
paraguay,Equatorial,wc2.1_2.5m_bio_18,365.45
paraguay,Equatorial,wc2.1_2.5m_bio_19,125.85
paraguay,Equatorial,wc2.1_2.5m_bio_2,12.432011063893636
paraguay,Equatorial,wc2.1_2.5m_bio_3,58.59404830932617
paraguay,Equatorial,wc2.1_2.5m_bio_4,321.7142484029134
paraguay,Equatorial,wc2.1_2.5m_bio_5,34.10779991149902
paraguay,Equatorial,wc2.1_2.5m_bio_6,12.87446665763855
paraguay,Equatorial,wc2.1_2.5m_bio_7,21.23333320617676
paraguay,Equatorial,wc2.1_2.5m_bio_8,27.50998872121175
paraguay,Equatorial,wc2.1_2.5m_bio_9,20.61566670735677
paraguay,Temperate,wc2.1_2.5m_bio_1,21.974944472312927
paraguay,Temperate,wc2.1_2.5m_bio_10,26.31641658147176
paraguay,Temperate,wc2.1_2.5m_bio_11,17.336041629314423
paraguay,Temperate,wc2.1_2.5m_bio_12,1462.4166666666667
paraguay,Temperate,wc2.1_2.5m_bio_13,170.33333333333334
paraguay,Temperate,wc2.1_2.5m_bio_14,66.41666666666667
paraguay,Temperate,wc2.1_2.5m_bio_15,27.881742517153423
paraguay,Temperate,wc2.1_2.5m_bio_16,460.4166666666667
paraguay,Temperate,wc2.1_2.5m_bio_17,237.27083333333334
paraguay,Temperate,wc2.1_2.5m_bio_18,409
paraguay,Temperate,wc2.1_2.5m_bio_19,239.60416666666666
paraguay,Temperate,wc2.1_2.5m_bio_2,11.647194425264994
paraguay,Temperate,wc2.1_2.5m_bio_3,53.88015421231588
paraguay,Temperate,wc2.1_2.5m_bio_4,371.21459515889484
paraguay,Temperate,wc2.1_2.5m_bio_5,32.478583335876465
paraguay,Temperate,wc2.1_2.5m_bio_6,10.867666721343994
paraguay,Temperate,wc2.1_2.5m_bio_7,21.61091661453247
paraguay,Temperate,wc2.1_2.5m_bio_8,24.527111132939655
paraguay,Temperate,wc2.1_2.5m_bio_9,17.594902733961742
peru,Arid,wc2.1_2.5m_bio_1,18.269744944572448
peru,Arid,wc2.1_2.5m_bio_10,20.40722167491913
peru,Arid,wc2.1_2.5m_bio_11,16.23241233030955
peru,Arid,wc2.1_2.5m_bio_12,129.73333333333332
peru,Arid,wc2.1_2.5m_bio_13,42.983333333333334
peru,Arid,wc2.1_2.5m_bio_14,0.95
peru,Arid,wc2.1_2.5m_bio_15,110.17212295532227
peru,Arid,wc2.1_2.5m_bio_16,92.63333333333334
peru,Arid,wc2.1_2.5m_bio_17,3.6333333333333333
peru,Arid,wc2.1_2.5m_bio_18,83.83333333333333
peru,Arid,wc2.1_2.5m_bio_19,4.8
peru,Arid,wc2.1_2.5m_bio_2,11.63521265188853
peru,Arid,wc2.1_2.5m_bio_3,71.59623247782389
peru,Arid,wc2.1_2.5m_bio_4,172.04926306406657
peru,Arid,wc2.1_2.5m_bio_5,26.361491680145264
peru,Arid,wc2.1_2.5m_bio_6,10.11154207115372
peru,Arid,wc2.1_2.5m_bio_7,16.249949598312377
peru,Arid,wc2.1_2.5m_bio_8,19.874190004666648
peru,Arid,wc2.1_2.5m_bio_9,17.352436264355976
peru,Equatorial,wc2.1_2.5m_bio_1,25.429175356069507
peru,Equatorial,wc2.1_2.5m_bio_10,25.92303344360085
peru,Equatorial,wc2.1_2.5m_bio_11,24.72048623697206
peru,Equatorial,wc2.1_2.5m_bio_12,2391.484716157205
peru,Equatorial,wc2.1_2.5m_bio_13,284.89956331877727
peru,Equatorial,wc2.1_2.5m_bio_14,112.63755458515284
peru,Equatorial,wc2.1_2.5m_bio_15,31.94659362401504
peru,Equatorial,wc2.1_2.5m_bio_16,802.2096069868995
peru,Equatorial,wc2.1_2.5m_bio_17,376.44541484716154
peru,Equatorial,wc2.1_2.5m_bio_18,641.7903930131005
peru,Equatorial,wc2.1_2.5m_bio_19,428.3930131004367
peru,Equatorial,wc2.1_2.5m_bio_2,10.317541484749473
peru,Equatorial,wc2.1_2.5m_bio_3,83.41101357405883
peru,Equatorial,wc2.1_2.5m_bio_4,51.0012452654443
peru,Equatorial,wc2.1_2.5m_bio_5,31.420174677819663
peru,Equatorial,wc2.1_2.5m_bio_6,19.01355461053973
peru,Equatorial,wc2.1_2.5m_bio_7,12.406620067279933
peru,Equatorial,wc2.1_2.5m_bio_8,25.557080081456615
peru,Equatorial,wc2.1_2.5m_bio_9,24.945342059739293
peru,Polar,wc2.1_2.5m_bio_1,6.6016463187005785
peru,Polar,wc2.1_2.5m_bio_10,7.795325954755147
peru,Polar,wc2.1_2.5m_bio_11,4.747407411336382
peru,Polar,wc2.1_2.5m_bio_12,757.9777777777778
peru,Polar,wc2.1_2.5m_bio_13,153.96666666666667
peru,Polar,wc2.1_2.5m_bio_14,5.844444444444444
peru,Polar,wc2.1_2.5m_bio_15,89.94345902336968
peru,Polar,wc2.1_2.5m_bio_16,426.74444444444447
peru,Polar,wc2.1_2.5m_bio_17,25.766666666666666
peru,Polar,wc2.1_2.5m_bio_18,333.1111111111111
peru,Polar,wc2.1_2.5m_bio_19,25.855555555555554
peru,Polar,wc2.1_2.5m_bio_2,15.01264074113634
peru,Polar,wc2.1_2.5m_bio_3,74.82793045043945
peru,Polar,wc2.1_2.5m_bio_4,127.25574467976888
peru,Polar,wc2.1_2.5m_bio_5,15.466711107889811
peru,Polar,wc2.1_2.5m_bio_6,-4.758177781436179
peru,Polar,wc2.1_2.5m_bio_7,20.224888780381946
peru,Polar,wc2.1_2.5m_bio_8,7.624281493822734
peru,Polar,wc2.1_2.5m_bio_9,4.782118540471937
peru,Temperate,wc2.1_2.5m_bio_1,16.380210109378982
peru,Temperate,wc2.1_2.5m_bio_10,17.00663771836654
peru,Temperate,wc2.1_2.5m_bio_11,15.57762308742689
peru,Temperate,wc2.1_2.5m_bio_12,1092.7826086956522
peru,Temperate,wc2.1_2.5m_bio_13,167.17391304347825
peru,Temperate,wc2.1_2.5m_bio_14,31.52173913043478
peru,Temperate,wc2.1_2.5m_bio_15,54.13245329649552
peru,Temperate,wc2.1_2.5m_bio_16,454.82608695652175
peru,Temperate,wc2.1_2.5m_bio_17,110.15217391304348
peru,Temperate,wc2.1_2.5m_bio_18,314.7608695652174
peru,Temperate,wc2.1_2.5m_bio_19,119.91304347826087
peru,Temperate,wc2.1_2.5m_bio_2,12.305289890455162
peru,Temperate,wc2.1_2.5m_bio_3,82.31423552139945
peru,Temperate,wc2.1_2.5m_bio_4,59.557978795922324
peru,Temperate,wc2.1_2.5m_bio_5,23.52113047890041
peru,Temperate,wc2.1_2.5m_bio_6,8.493739188365314
peru,Temperate,wc2.1_2.5m_bio_7,15.027391247127367
peru,Temperate,wc2.1_2.5m_bio_8,16.586405671161152
peru,Temperate,wc2.1_2.5m_bio_9,15.613898484603219
philippines,Equatorial,wc2.1_2.5m_bio_1,25.770643148529395
philippines,Equatorial,wc2.1_2.5m_bio_10,26.864881301194096
philippines,Equatorial,wc2.1_2.5m_bio_11,24.519803593667707
philippines,Equatorial,wc2.1_2.5m_bio_12,2498.5280898876404
philippines,Equatorial,wc2.1_2.5m_bio_13,381.6741573033708
philippines,Equatorial,wc2.1_2.5m_bio_14,80.21348314606742
philippines,Equatorial,wc2.1_2.5m_bio_15,50.706566607014516
philippines,Equatorial,wc2.1_2.5m_bio_16,1022.370786516854
philippines,Equatorial,wc2.1_2.5m_bio_17,275.85393258426967
philippines,Equatorial,wc2.1_2.5m_bio_18,547.5505617977528
philippines,Equatorial,wc2.1_2.5m_bio_19,475.5056179775281
philippines,Equatorial,wc2.1_2.5m_bio_2,8.141555920075835
philippines,Equatorial,wc2.1_2.5m_bio_3,72.13460060719693
philippines,Equatorial,wc2.1_2.5m_bio_4,95.58316417222612
philippines,Equatorial,wc2.1_2.5m_bio_5,31.65049227168051
philippines,Equatorial,wc2.1_2.5m_bio_6,20.286432576983163
philippines,Equatorial,wc2.1_2.5m_bio_7,11.364059694697348
philippines,Equatorial,wc2.1_2.5m_bio_8,25.60676013217883
philippines,Equatorial,wc2.1_2.5m_bio_9,25.350005417727353
philippines,Temperate,wc2.1_2.5m_bio_1,15.519166946411133
philippines,Temperate,wc2.1_2.5m_bio_10,16.84600067138672
philippines,Temperate,wc2.1_2.5m_bio_11,13.77733325958252
philippines,Temperate,wc2.1_2.5m_bio_12,2876
philippines,Temperate,wc2.1_2.5m_bio_13,557
philippines,Temperate,wc2.1_2.5m_bio_14,31
philippines,Temperate,wc2.1_2.5m_bio_15,70.12203216552734
philippines,Temperate,wc2.1_2.5m_bio_16,1365
philippines,Temperate,wc2.1_2.5m_bio_17,141
philippines,Temperate,wc2.1_2.5m_bio_18,763
philippines,Temperate,wc2.1_2.5m_bio_19,161
philippines,Temperate,wc2.1_2.5m_bio_2,8.585000038146973
philippines,Temperate,wc2.1_2.5m_bio_3,65.45440673828125
philippines,Temperate,wc2.1_2.5m_bio_4,120.33210754394531
philippines,Temperate,wc2.1_2.5m_bio_5,21.63599967956543
philippines,Temperate,wc2.1_2.5m_bio_6,8.520000457763672
philippines,Temperate,wc2.1_2.5m_bio_7,13.115999221801758
philippines,Temperate,wc2.1_2.5m_bio_8,16.06333351135254
philippines,Temperate,wc2.1_2.5m_bio_9,14.332666397094727
poland,Boreal,wc2.1_2.5m_bio_1,7.72484442392985
poland,Boreal,wc2.1_2.5m_bio_10,16.92310676574707
poland,Boreal,wc2.1_2.5m_bio_11,-1.6997555552919705
poland,Boreal,wc2.1_2.5m_bio_12,592.34
poland,Boreal,wc2.1_2.5m_bio_13,81.28666666666666
poland,Boreal,wc2.1_2.5m_bio_14,26.69333333333333
poland,Boreal,wc2.1_2.5m_bio_15,36.201596145629885
poland,Boreal,wc2.1_2.5m_bio_16,224.62
poland,Boreal,wc2.1_2.5m_bio_17,90.58666666666667
poland,Boreal,wc2.1_2.5m_bio_18,224.41333333333333
poland,Boreal,wc2.1_2.5m_bio_19,100.02
poland,Boreal,wc2.1_2.5m_bio_2,8.216604477564493
poland,Boreal,wc2.1_2.5m_bio_3,29.13609125773112
poland,Boreal,wc2.1_2.5m_bio_4,757.7918367513021
poland,Boreal,wc2.1_2.5m_bio_5,22.909093310038248
poland,Boreal,wc2.1_2.5m_bio_6,-5.285973339080811
poland,Boreal,wc2.1_2.5m_bio_7,28.19506675720215
poland,Boreal,wc2.1_2.5m_bio_8,16.887875652313234
poland,Boreal,wc2.1_2.5m_bio_9,-0.24140444537624717
poland,Temperate,wc2.1_2.5m_bio_1,8.656833362579345
poland,Temperate,wc2.1_2.5m_bio_10,17.356133524576823
poland,Temperate,wc2.1_2.5m_bio_11,0.032311111440261206
poland,Temperate,wc2.1_2.5m_bio_12,570.4
poland,Temperate,wc2.1_2.5m_bio_13,76.26666666666667
poland,Temperate,wc2.1_2.5m_bio_14,29.8
poland,Temperate,wc2.1_2.5m_bio_15,28.93708267211914
poland,Temperate,wc2.1_2.5m_bio_16,200.26666666666668
poland,Temperate,wc2.1_2.5m_bio_17,101.46666666666667
poland,Temperate,wc2.1_2.5m_bio_18,200.26666666666668
poland,Temperate,wc2.1_2.5m_bio_19,111.8
poland,Temperate,wc2.1_2.5m_bio_2,7.791133308410645
poland,Temperate,wc2.1_2.5m_bio_3,29.604398854573567
poland,Temperate,wc2.1_2.5m_bio_4,705.9927490234375
poland,Temperate,wc2.1_2.5m_bio_5,23.020000330607097
poland,Temperate,wc2.1_2.5m_bio_6,-3.2832000096639
poland,Temperate,wc2.1_2.5m_bio_7,26.303200403849285
poland,Temperate,wc2.1_2.5m_bio_8,17.356133524576823
poland,Temperate,wc2.1_2.5m_bio_9,1.7484444459279378
portugal,Temperate,wc2.1_2.5m_bio_1,15.17197287359903
portugal,Temperate,wc2.1_2.5m_bio_10,21.23249240254247
portugal,Temperate,wc2.1_2.5m_bio_11,9.775856783223707
portugal,Temperate,wc2.1_2.5m_bio_12,877.6744186046511
portugal,Temperate,wc2.1_2.5m_bio_13,132.62790697674419
portugal,Temperate,wc2.1_2.5m_bio_14,11.209302325581396
portugal,Temperate,wc2.1_2.5m_bio_15,58.06226455333621
portugal,Temperate,wc2.1_2.5m_bio_16,369.3488372093023
portugal,Temperate,wc2.1_2.5m_bio_17,57.53488372093023
portugal,Temperate,wc2.1_2.5m_bio_18,67.44186046511628
portugal,Temperate,wc2.1_2.5m_bio_19,355.4651162790698
portugal,Temperate,wc2.1_2.5m_bio_2,9.537668971128243
portugal,Temperate,wc2.1_2.5m_bio_3,42.03286947206009
portugal,Temperate,wc2.1_2.5m_bio_4,469.1427566173465
portugal,Temperate,wc2.1_2.5m_bio_5,28.109439672425736
portugal,Temperate,wc2.1_2.5m_bio_6,5.418801812931549
portugal,Temperate,wc2.1_2.5m_bio_7,22.6906378102857
portugal,Temperate,wc2.1_2.5m_bio_8,10.479391319807185
portugal,Temperate,wc2.1_2.5m_bio_9,20.983379497084506
puerto_rico,Equatorial,wc2.1_2.5m_bio_1,23.88338851928711
puerto_rico,Equatorial,wc2.1_2.5m_bio_10,25.384222666422527
puerto_rico,Equatorial,wc2.1_2.5m_bio_11,22.110889434814453
puerto_rico,Equatorial,wc2.1_2.5m_bio_12,1981.6666666666667
puerto_rico,Equatorial,wc2.1_2.5m_bio_13,251
puerto_rico,Equatorial,wc2.1_2.5m_bio_14,73.33333333333333
puerto_rico,Equatorial,wc2.1_2.5m_bio_15,37.04023869832357
puerto_rico,Equatorial,wc2.1_2.5m_bio_16,713.6666666666666
puerto_rico,Equatorial,wc2.1_2.5m_bio_17,260.3333333333333
puerto_rico,Equatorial,wc2.1_2.5m_bio_18,622.3333333333334
puerto_rico,Equatorial,wc2.1_2.5m_bio_19,260.3333333333333
puerto_rico,Equatorial,wc2.1_2.5m_bio_2,9.874333381652832
puerto_rico,Equatorial,wc2.1_2.5m_bio_3,72.59429677327473
puerto_rico,Equatorial,wc2.1_2.5m_bio_4,138.5305430094401
puerto_rico,Equatorial,wc2.1_2.5m_bio_5,30.299999872843426
puerto_rico,Equatorial,wc2.1_2.5m_bio_6,16.75599988301595
puerto_rico,Equatorial,wc2.1_2.5m_bio_7,13.543999989827475
puerto_rico,Equatorial,wc2.1_2.5m_bio_8,25.011333465576172
puerto_rico,Equatorial,wc2.1_2.5m_bio_9,22.110889434814453
qatar,Arid,wc2.1_2.5m_bio_1,26.658777872721355
qatar,Arid,wc2.1_2.5m_bio_10,34.39199956258138
qatar,Arid,wc2.1_2.5m_bio_11,17.83222198486328
qatar,Arid,wc2.1_2.5m_bio_12,82
qatar,Arid,wc2.1_2.5m_bio_13,26
qatar,Arid,wc2.1_2.5m_bio_14,0
qatar,Arid,wc2.1_2.5m_bio_15,106.5301005045573
qatar,Arid,wc2.1_2.5m_bio_16,55
qatar,Arid,wc2.1_2.5m_bio_17,1
qatar,Arid,wc2.1_2.5m_bio_18,1
qatar,Arid,wc2.1_2.5m_bio_19,39.666666666666664
qatar,Arid,wc2.1_2.5m_bio_2,11.270888646443685
qatar,Arid,wc2.1_2.5m_bio_3,38.90130742390951
qatar,Arid,wc2.1_2.5m_bio_4,685.6888834635416
qatar,Arid,wc2.1_2.5m_bio_5,41.09333292643229
qatar,Arid,wc2.1_2.5m_bio_6,12.120000203450521
qatar,Arid,wc2.1_2.5m_bio_7,28.97333272298177
qatar,Arid,wc2.1_2.5m_bio_8,18.47422218322754
qatar,Arid,wc2.1_2.5m_bio_9,34.00311024983724
republic_of_macedonia,Arid,wc2.1_2.5m_bio_1,12.010000228881836
republic_of_macedonia,Arid,wc2.1_2.5m_bio_10,22.120999336242676
republic_of_macedonia,Arid,wc2.1_2.5m_bio_11,1.6956666111946106
republic_of_macedonia,Arid,wc2.1_2.5m_bio_12,462
republic_of_macedonia,Arid,wc2.1_2.5m_bio_13,51
republic_of_macedonia,Arid,wc2.1_2.5m_bio_14,27.5
republic_of_macedonia,Arid,wc2.1_2.5m_bio_15,19.378705978393555
republic_of_macedonia,Arid,wc2.1_2.5m_bio_16,139
republic_of_macedonia,Arid,wc2.1_2.5m_bio_17,93
republic_of_macedonia,Arid,wc2.1_2.5m_bio_18,113
republic_of_macedonia,Arid,wc2.1_2.5m_bio_19,100
republic_of_macedonia,Arid,wc2.1_2.5m_bio_2,12.284332752227783
republic_of_macedonia,Arid,wc2.1_2.5m_bio_3,35.506103515625
republic_of_macedonia,Arid,wc2.1_2.5m_bio_4,826.0584716796875
republic_of_macedonia,Arid,wc2.1_2.5m_bio_5,30.79199981689453
republic_of_macedonia,Arid,wc2.1_2.5m_bio_6,-3.8279999494552612
republic_of_macedonia,Arid,wc2.1_2.5m_bio_7,34.619998931884766
republic_of_macedonia,Arid,wc2.1_2.5m_bio_8,11.36566686630249
republic_of_macedonia,Arid,wc2.1_2.5m_bio_9,12.687333583831787
republic_of_macedonia,Boreal,wc2.1_2.5m_bio_1,9.039305528004965
republic_of_macedonia,Boreal,wc2.1_2.5m_bio_10,18.015889008839924
republic_of_macedonia,Boreal,wc2.1_2.5m_bio_11,0.021333282192548115
republic_of_macedonia,Boreal,wc2.1_2.5m_bio_12,687
republic_of_macedonia,Boreal,wc2.1_2.5m_bio_13,82
republic_of_macedonia,Boreal,wc2.1_2.5m_bio_14,38.333333333333336
republic_of_macedonia,Boreal,wc2.1_2.5m_bio_15,22.14841906229655
republic_of_macedonia,Boreal,wc2.1_2.5m_bio_16,220.33333333333334
republic_of_macedonia,Boreal,wc2.1_2.5m_bio_17,125.83333333333333
republic_of_macedonia,Boreal,wc2.1_2.5m_bio_18,141.33333333333334
republic_of_macedonia,Boreal,wc2.1_2.5m_bio_19,173.83333333333334
republic_of_macedonia,Boreal,wc2.1_2.5m_bio_2,10.968055566151937
republic_of_macedonia,Boreal,wc2.1_2.5m_bio_3,35.6485169728597
republic_of_macedonia,Boreal,wc2.1_2.5m_bio_4,732.5279032389323
republic_of_macedonia,Boreal,wc2.1_2.5m_bio_5,25.700000127156574
republic_of_macedonia,Boreal,wc2.1_2.5m_bio_6,-5.041333357493083
republic_of_macedonia,Boreal,wc2.1_2.5m_bio_7,30.741333325703938
republic_of_macedonia,Boreal,wc2.1_2.5m_bio_8,8.615333311259747
republic_of_macedonia,Boreal,wc2.1_2.5m_bio_9,12.13755539059639
republic_of_macedonia,Temperate,wc2.1_2.5m_bio_1,9.042111237843832
republic_of_macedonia,Temperate,wc2.1_2.5m_bio_10,18.089777946472168
republic_of_macedonia,Temperate,wc2.1_2.5m_bio_11,0.0022222548723220825
republic_of_macedonia,Temperate,wc2.1_2.5m_bio_12,600.6666666666666
republic_of_macedonia,Temperate,wc2.1_2.5m_bio_13,67
republic_of_macedonia,Temperate,wc2.1_2.5m_bio_14,36.333333333333336
republic_of_macedonia,Temperate,wc2.1_2.5m_bio_15,18.63690694173177
republic_of_macedonia,Temperate,wc2.1_2.5m_bio_16,185.33333333333334
republic_of_macedonia,Temperate,wc2.1_2.5m_bio_17,118.33333333333333
republic_of_macedonia,Temperate,wc2.1_2.5m_bio_18,135
republic_of_macedonia,Temperate,wc2.1_2.5m_bio_19,140
republic_of_macedonia,Temperate,wc2.1_2.5m_bio_2,10.617777824401855
republic_of_macedonia,Temperate,wc2.1_2.5m_bio_3,34.86317443847656
republic_of_macedonia,Temperate,wc2.1_2.5m_bio_4,736.5776774088541
republic_of_macedonia,Temperate,wc2.1_2.5m_bio_5,25.645333607991535
republic_of_macedonia,Temperate,wc2.1_2.5m_bio_6,-4.762666543324788
republic_of_macedonia,Temperate,wc2.1_2.5m_bio_7,30.408000310262043
republic_of_macedonia,Temperate,wc2.1_2.5m_bio_8,10.138000011444092
republic_of_macedonia,Temperate,wc2.1_2.5m_bio_9,11.800444523493448
republic_of_the_congo,Equatorial,wc2.1_2.5m_bio_1,24.58790151422674
republic_of_the_congo,Equatorial,wc2.1_2.5m_bio_10,25.520945479653097
republic_of_the_congo,Equatorial,wc2.1_2.5m_bio_11,23.4849271774292
republic_of_the_congo,Equatorial,wc2.1_2.5m_bio_12,1642.6545454545455
republic_of_the_congo,Equatorial,wc2.1_2.5m_bio_13,243.8272727272727
republic_of_the_congo,Equatorial,wc2.1_2.5m_bio_14,28.063636363636363
republic_of_the_congo,Equatorial,wc2.1_2.5m_bio_15,53.43188923922452
republic_of_the_congo,Equatorial,wc2.1_2.5m_bio_16,622.6
republic_of_the_congo,Equatorial,wc2.1_2.5m_bio_17,124.56363636363636
republic_of_the_congo,Equatorial,wc2.1_2.5m_bio_18,528.4272727272727
republic_of_the_congo,Equatorial,wc2.1_2.5m_bio_19,205.9090909090909
republic_of_the_congo,Equatorial,wc2.1_2.5m_bio_2,9.44514847235246
republic_of_the_congo,Equatorial,wc2.1_2.5m_bio_3,77.45122413635254
republic_of_the_congo,Equatorial,wc2.1_2.5m_bio_4,83.9495299946178
republic_of_the_congo,Equatorial,wc2.1_2.5m_bio_5,30.77207272269509
republic_of_the_congo,Equatorial,wc2.1_2.5m_bio_6,18.55418179251931
republic_of_the_congo,Equatorial,wc2.1_2.5m_bio_7,12.21789093017578
republic_of_the_congo,Equatorial,wc2.1_2.5m_bio_8,24.628412107987838
republic_of_the_congo,Equatorial,wc2.1_2.5m_bio_9,23.699593890797008
romania,Arid,wc2.1_2.5m_bio_1,11.027333471510145
romania,Arid,wc2.1_2.5m_bio_10,21.67155583699544
romania,Arid,wc2.1_2.5m_bio_11,0.19829631017314064
romania,Arid,wc2.1_2.5m_bio_12,449.77777777777777
romania,Arid,wc2.1_2.5m_bio_13,58
romania,Arid,wc2.1_2.5m_bio_14,24
romania,Arid,wc2.1_2.5m_bio_15,25.244850370619034
romania,Arid,wc2.1_2.5m_bio_16,148.22222222222223
romania,Arid,wc2.1_2.5m_bio_17,81.22222222222223
romania,Arid,wc2.1_2.5m_bio_18,142.55555555555554
romania,Arid,wc2.1_2.5m_bio_19,81.55555555555556
romania,Arid,wc2.1_2.5m_bio_2,9.24614832136366
romania,Arid,wc2.1_2.5m_bio_3,28.686010996500652
romania,Arid,wc2.1_2.5m_bio_4,873.0210910373264
romania,Arid,wc2.1_2.5m_bio_5,28.10800043741862
romania,Arid,wc2.1_2.5m_bio_6,-4.047999964820014
romania,Arid,wc2.1_2.5m_bio_7,32.15600077311198
romania,Arid,wc2.1_2.5m_bio_8,19.849703894721138
romania,Arid,wc2.1_2.5m_bio_9,1.2916296472152073
romania,Boreal,wc2.1_2.5m_bio_1,8.254967830397867
romania,Boreal,wc2.1_2.5m_bio_10,18.01128788427873
romania,Boreal,wc2.1_2.5m_bio_11,-1.9302727224262939
romania,Boreal,wc2.1_2.5m_bio_12,638.3295454545455
romania,Boreal,wc2.1_2.5m_bio_13,92.79545454545455
romania,Boreal,wc2.1_2.5m_bio_14,30.306818181818183
romania,Boreal,wc2.1_2.5m_bio_15,39.714495398781516
romania,Boreal,wc2.1_2.5m_bio_16,250.125
romania,Boreal,wc2.1_2.5m_bio_17,97.48863636363636
romania,Boreal,wc2.1_2.5m_bio_18,241.35227272727272
romania,Boreal,wc2.1_2.5m_bio_19,102.67045454545455
romania,Boreal,wc2.1_2.5m_bio_2,9.812708339907907
romania,Boreal,wc2.1_2.5m_bio_3,31.609085234728727
romania,Boreal,wc2.1_2.5m_bio_4,812.0786035711116
romania,Boreal,wc2.1_2.5m_bio_5,24.444590893658724
romania,Boreal,wc2.1_2.5m_bio_6,-6.567863613367081
romania,Boreal,wc2.1_2.5m_bio_7,31.012454509735107
romania,Boreal,wc2.1_2.5m_bio_8,16.643681807951495
romania,Boreal,wc2.1_2.5m_bio_9,-0.5169469606004317
romania,Temperate,wc2.1_2.5m_bio_1,10.709985971450806
romania,Temperate,wc2.1_2.5m_bio_10,20.534666856129963
romania,Temperate,wc2.1_2.5m_bio_11,0.376555552201656
romania,Temperate,wc2.1_2.5m_bio_12,620.6666666666666
romania,Temperate,wc2.1_2.5m_bio_13,80.25
romania,Temperate,wc2.1_2.5m_bio_14,35
romania,Temperate,wc2.1_2.5m_bio_15,26.305885314941406
romania,Temperate,wc2.1_2.5m_bio_16,213.83333333333334
romania,Temperate,wc2.1_2.5m_bio_17,111.75
romania,Temperate,wc2.1_2.5m_bio_18,197.75
romania,Temperate,wc2.1_2.5m_bio_19,122.41666666666667
romania,Temperate,wc2.1_2.5m_bio_2,10.477805376052856
romania,Temperate,wc2.1_2.5m_bio_3,32.770660082499184
romania,Temperate,wc2.1_2.5m_bio_4,820.0413004557291
romania,Temperate,wc2.1_2.5m_bio_5,27.723666826883953
romania,Temperate,wc2.1_2.5m_bio_6,-4.25300000111262
romania,Temperate,wc2.1_2.5m_bio_7,31.97666645050049
romania,Temperate,wc2.1_2.5m_bio_8,18.637444496154785
romania,Temperate,wc2.1_2.5m_bio_9,2.0298333217700324
russia,Arid,wc2.1_2.5m_bio_1,6.7308852602390274
russia,Arid,wc2.1_2.5m_bio_10,21.146497652150583
russia,Arid,wc2.1_2.5m_bio_11,-8.0561038320386391
russia,Arid,wc2.1_2.5m_bio_12,342.3876811594203
russia,Arid,wc2.1_2.5m_bio_13,46.594202898550726
russia,Arid,wc2.1_2.5m_bio_14,17.452898550724637
russia,Arid,wc2.1_2.5m_bio_15,32.307902892430626
russia,Arid,wc2.1_2.5m_bio_16,120.93115942028986
russia,Arid,wc2.1_2.5m_bio_17,57.94565217391305
russia,Arid,wc2.1_2.5m_bio_18,117.5
russia,Arid,wc2.1_2.5m_bio_19,69.1340579710145
russia,Arid,wc2.1_2.5m_bio_2,10.240693239198215
russia,Arid,wc2.1_2.5m_bio_3,24.611439276432645
russia,Arid,wc2.1_2.5m_bio_4,1198.3949556212494
russia,Arid,wc2.1_2.5m_bio_5,28.723855042803116
russia,Arid,wc2.1_2.5m_bio_6,-13.166144913102945
russia,Arid,wc2.1_2.5m_bio_7,41.8899999908779
russia,Arid,wc2.1_2.5m_bio_8,19.397913061190344
russia,Arid,wc2.1_2.5m_bio_9,-4.0737729229815844
russia,Boreal,wc2.1_2.5m_bio_1,-5.440899596717855
russia,Boreal,wc2.1_2.5m_bio_10,13.046210356097404
russia,Boreal,wc2.1_2.5m_bio_11,-23.596781982831118
russia,Boreal,wc2.1_2.5m_bio_12,450.0837236533958
russia,Boreal,wc2.1_2.5m_bio_13,71.92174082747853
russia,Boreal,wc2.1_2.5m_bio_14,15.578844652615144
russia,Boreal,wc2.1_2.5m_bio_15,52.40484614543483
russia,Boreal,wc2.1_2.5m_bio_16,192.275956284153
russia,Boreal,wc2.1_2.5m_bio_17,53.21360265417643
russia,Boreal,wc2.1_2.5m_bio_18,189.27400468384076
russia,Boreal,wc2.1_2.5m_bio_19,64.26278298204528
russia,Boreal,wc2.1_2.5m_bio_2,10.275898328570069
russia,Boreal,wc2.1_2.5m_bio_3,20.483938059985498
russia,Boreal,wc2.1_2.5m_bio_4,1501.9240286750407
russia,Boreal,wc2.1_2.5m_bio_5,21.08082813010562
russia,Boreal,wc2.1_2.5m_bio_6,-29.66842739506218
russia,Boreal,wc2.1_2.5m_bio_7,50.74925553472967
russia,Boreal,wc2.1_2.5m_bio_8,12.246270500262
russia,Boreal,wc2.1_2.5m_bio_9,-18.468114280381236
russia,Polar,wc2.1_2.5m_bio_1,-13.188320971872301
russia,Polar,wc2.1_2.5m_bio_10,3.947080861831288
russia,Polar,wc2.1_2.5m_bio_11,-27.934829029726657
russia,Polar,wc2.1_2.5m_bio_12,281.76455479452056
russia,Polar,wc2.1_2.5m_bio_13,41.74400684931507
russia,Polar,wc2.1_2.5m_bio_14,12.653253424657533
russia,Polar,wc2.1_2.5m_bio_15,41.40741006968773
russia,Polar,wc2.1_2.5m_bio_16,111.57277397260275
russia,Polar,wc2.1_2.5m_bio_17,42.60958904109589
russia,Polar,wc2.1_2.5m_bio_18,106.21147260273973
russia,Polar,wc2.1_2.5m_bio_19,51.12071917808219
russia,Polar,wc2.1_2.5m_bio_2,6.541082978248596
russia,Polar,wc2.1_2.5m_bio_3,15.853961275048452
russia,Polar,wc2.1_2.5m_bio_4,1344.1461338409006
russia,Polar,wc2.1_2.5m_bio_5,9.140687982878672
russia,Polar,wc2.1_2.5m_bio_6,-32.4752932991067
russia,Polar,wc2.1_2.5m_bio_7,41.61598128080368
russia,Polar,wc2.1_2.5m_bio_8,3.0177929360232727
russia,Polar,wc2.1_2.5m_bio_9,-22.866485585700975
russia,Temperate,wc2.1_2.5m_bio_1,11.485201615553637
russia,Temperate,wc2.1_2.5m_bio_10,21.322184049166164
russia,Temperate,wc2.1_2.5m_bio_11,1.7169557311213934
russia,Temperate,wc2.1_2.5m_bio_12,972.9230769230769
russia,Temperate,wc2.1_2.5m_bio_13,122.23076923076923
russia,Temperate,wc2.1_2.5m_bio_14,62.76923076923077
russia,Temperate,wc2.1_2.5m_bio_15,22.820948820847732
russia,Temperate,wc2.1_2.5m_bio_16,326.9230769230769
russia,Temperate,wc2.1_2.5m_bio_17,197.07692307692307
russia,Temperate,wc2.1_2.5m_bio_18,218.23076923076923
russia,Temperate,wc2.1_2.5m_bio_19,294.84615384615387
russia,Temperate,wc2.1_2.5m_bio_2,9.103295949789194
russia,Temperate,wc2.1_2.5m_bio_3,30.101869876568134
russia,Temperate,wc2.1_2.5m_bio_4,799.1715322641226
russia,Temperate,wc2.1_2.5m_bio_5,27.520601419302132
russia,Temperate,wc2.1_2.5m_bio_6,-2.7093007197746863
russia,Temperate,wc2.1_2.5m_bio_7,30.22990182729868
russia,Temperate,wc2.1_2.5m_bio_8,3.3545571198830237
russia,Temperate,wc2.1_2.5m_bio_9,13.852118932283842
rwanda,Equatorial,wc2.1_2.5m_bio_1,19.723648071289062
rwanda,Equatorial,wc2.1_2.5m_bio_10,20.14874055650499
rwanda,Equatorial,wc2.1_2.5m_bio_11,19.457185321384006
rwanda,Equatorial,wc2.1_2.5m_bio_12,1084.3333333333333
rwanda,Equatorial,wc2.1_2.5m_bio_13,171.66666666666666
rwanda,Equatorial,wc2.1_2.5m_bio_14,10.222222222222221
rwanda,Equatorial,wc2.1_2.5m_bio_15,54.72212897406684
rwanda,Equatorial,wc2.1_2.5m_bio_16,414
rwanda,Equatorial,wc2.1_2.5m_bio_17,65.33333333333333
rwanda,Equatorial,wc2.1_2.5m_bio_18,209.11111111111111
rwanda,Equatorial,wc2.1_2.5m_bio_19,231.22222222222223
rwanda,Equatorial,wc2.1_2.5m_bio_2,10.730777952406141
rwanda,Equatorial,wc2.1_2.5m_bio_3,82.85392252604167
rwanda,Equatorial,wc2.1_2.5m_bio_4,33.398693296644424
rwanda,Equatorial,wc2.1_2.5m_bio_5,26.349333233303494
rwanda,Equatorial,wc2.1_2.5m_bio_6,13.387999958462185
rwanda,Equatorial,wc2.1_2.5m_bio_7,12.961333274841309
rwanda,Equatorial,wc2.1_2.5m_bio_8,19.694073994954426
rwanda,Equatorial,wc2.1_2.5m_bio_9,19.711185243394638
rwanda,Temperate,wc2.1_2.5m_bio_1,19.553667068481445
rwanda,Temperate,wc2.1_2.5m_bio_10,19.81599998474121
rwanda,Temperate,wc2.1_2.5m_bio_11,19.366666793823242
rwanda,Temperate,wc2.1_2.5m_bio_12,1228
rwanda,Temperate,wc2.1_2.5m_bio_13,193
rwanda,Temperate,wc2.1_2.5m_bio_14,16
rwanda,Temperate,wc2.1_2.5m_bio_15,50.03130340576172
rwanda,Temperate,wc2.1_2.5m_bio_16,472
rwanda,Temperate,wc2.1_2.5m_bio_17,94
rwanda,Temperate,wc2.1_2.5m_bio_18,264
rwanda,Temperate,wc2.1_2.5m_bio_19,374
rwanda,Temperate,wc2.1_2.5m_bio_2,10.866666793823242
rwanda,Temperate,wc2.1_2.5m_bio_3,86.54560852050781
rwanda,Temperate,wc2.1_2.5m_bio_4,25.146087646484375
rwanda,Temperate,wc2.1_2.5m_bio_5,26.031999588012695
rwanda,Temperate,wc2.1_2.5m_bio_6,13.47599983215332
rwanda,Temperate,wc2.1_2.5m_bio_7,12.555999755859375
rwanda,Temperate,wc2.1_2.5m_bio_8,19.527334213256836
rwanda,Temperate,wc2.1_2.5m_bio_9,19.597333908081055
saint_vincent_and_the_grenadines,Equatorial,wc2.1_2.5m_bio_1,24.936166763305664
saint_vincent_and_the_grenadines,Equatorial,wc2.1_2.5m_bio_10,25.715999603271484
saint_vincent_and_the_grenadines,Equatorial,wc2.1_2.5m_bio_11,23.785999298095703
saint_vincent_and_the_grenadines,Equatorial,wc2.1_2.5m_bio_12,2139
saint_vincent_and_the_grenadines,Equatorial,wc2.1_2.5m_bio_13,274
saint_vincent_and_the_grenadines,Equatorial,wc2.1_2.5m_bio_14,87
saint_vincent_and_the_grenadines,Equatorial,wc2.1_2.5m_bio_15,36.708587646484375
saint_vincent_and_the_grenadines,Equatorial,wc2.1_2.5m_bio_16,765
saint_vincent_and_the_grenadines,Equatorial,wc2.1_2.5m_bio_17,281
saint_vincent_and_the_grenadines,Equatorial,wc2.1_2.5m_bio_18,718
saint_vincent_and_the_grenadines,Equatorial,wc2.1_2.5m_bio_19,351
saint_vincent_and_the_grenadines,Equatorial,wc2.1_2.5m_bio_2,5.825000286102295
saint_vincent_and_the_grenadines,Equatorial,wc2.1_2.5m_bio_3,70.2484359741211
saint_vincent_and_the_grenadines,Equatorial,wc2.1_2.5m_bio_4,83.99588775634766
saint_vincent_and_the_grenadines,Equatorial,wc2.1_2.5m_bio_5,28.947999954223633
saint_vincent_and_the_grenadines,Equatorial,wc2.1_2.5m_bio_6,20.6560001373291
saint_vincent_and_the_grenadines,Equatorial,wc2.1_2.5m_bio_7,8.291999816894531
saint_vincent_and_the_grenadines,Equatorial,wc2.1_2.5m_bio_8,25.455333709716797
saint_vincent_and_the_grenadines,Equatorial,wc2.1_2.5m_bio_9,24.176000595092773
samoa,Equatorial,wc2.1_2.5m_bio_1,26.25303077697754
samoa,Equatorial,wc2.1_2.5m_bio_10,26.868181228637695
samoa,Equatorial,wc2.1_2.5m_bio_11,25.540151596069336
samoa,Equatorial,wc2.1_2.5m_bio_12,3046
samoa,Equatorial,wc2.1_2.5m_bio_13,441
samoa,Equatorial,wc2.1_2.5m_bio_14,142
samoa,Equatorial,wc2.1_2.5m_bio_15,40.132286071777344
samoa,Equatorial,wc2.1_2.5m_bio_16,1194
samoa,Equatorial,wc2.1_2.5m_bio_17,449
samoa,Equatorial,wc2.1_2.5m_bio_18,1030
samoa,Equatorial,wc2.1_2.5m_bio_19,468
samoa,Equatorial,wc2.1_2.5m_bio_2,5.867424011230469
samoa,Equatorial,wc2.1_2.5m_bio_3,79.73028564453125
samoa,Equatorial,wc2.1_2.5m_bio_4,54.289268493652344
samoa,Equatorial,wc2.1_2.5m_bio_5,29.959091186523438
samoa,Equatorial,wc2.1_2.5m_bio_6,22.600000381469727
samoa,Equatorial,wc2.1_2.5m_bio_7,7.359090805053711
samoa,Equatorial,wc2.1_2.5m_bio_8,26.77651596069336
samoa,Equatorial,wc2.1_2.5m_bio_9,25.595455169677734
saudi_arabia,Arid,wc2.1_2.5m_bio_1,25.776788421117022
saudi_arabia,Arid,wc2.1_2.5m_bio_10,33.75308509312821
saudi_arabia,Arid,wc2.1_2.5m_bio_11,16.682969061207807
saudi_arabia,Arid,wc2.1_2.5m_bio_12,103.75988286969253
saudi_arabia,Arid,wc2.1_2.5m_bio_13,26.922401171303076
saudi_arabia,Arid,wc2.1_2.5m_bio_14,0.6090775988286969
saudi_arabia,Arid,wc2.1_2.5m_bio_15,92.37166277660633
saudi_arabia,Arid,wc2.1_2.5m_bio_16,57.43777452415813
saudi_arabia,Arid,wc2.1_2.5m_bio_17,3.616398243045388
saudi_arabia,Arid,wc2.1_2.5m_bio_18,4.633967789165447
saudi_arabia,Arid,wc2.1_2.5m_bio_19,31.174231332357248
saudi_arabia,Arid,wc2.1_2.5m_bio_2,14.065921499997945
saudi_arabia,Arid,wc2.1_2.5m_bio_3,43.559802612483416
saudi_arabia,Arid,wc2.1_2.5m_bio_4,704.1888360711876
saudi_arabia,Arid,wc2.1_2.5m_bio_5,41.60650837229426
saudi_arabia,Arid,wc2.1_2.5m_bio_6,9.03595627872696
saudi_arabia,Arid,wc2.1_2.5m_bio_7,32.57055201607253
saudi_arabia,Arid,wc2.1_2.5m_bio_8,21.783244268436906
saudi_arabia,Arid,wc2.1_2.5m_bio_9,32.792780212916185
senegal,Arid,wc2.1_2.5m_bio_1,27.93411212064782
senegal,Arid,wc2.1_2.5m_bio_10,30.6798775342046
senegal,Arid,wc2.1_2.5m_bio_11,24.954857028260523
senegal,Arid,wc2.1_2.5m_bio_12,539.3673469387755
senegal,Arid,wc2.1_2.5m_bio_13,177.20408163265307
senegal,Arid,wc2.1_2.5m_bio_14,0
senegal,Arid,wc2.1_2.5m_bio_15,144.60065039809868
senegal,Arid,wc2.1_2.5m_bio_16,442.2040816326531
senegal,Arid,wc2.1_2.5m_bio_17,0.5714285714285714
senegal,Arid,wc2.1_2.5m_bio_18,90.71428571428571
senegal,Arid,wc2.1_2.5m_bio_19,2.4693877551020407
senegal,Arid,wc2.1_2.5m_bio_2,13.945721159175951
senegal,Arid,wc2.1_2.5m_bio_3,61.3920999643754
senegal,Arid,wc2.1_2.5m_bio_4,232.63733470683195
senegal,Arid,wc2.1_2.5m_bio_5,38.88269369942801
senegal,Arid,wc2.1_2.5m_bio_6,16.072979674047353
senegal,Arid,wc2.1_2.5m_bio_7,22.809714103231624
senegal,Arid,wc2.1_2.5m_bio_8,28.12078904132454
senegal,Arid,wc2.1_2.5m_bio_9,27.165809514571208
senegal,Equatorial,wc2.1_2.5m_bio_1,27.346005333794487
senegal,Equatorial,wc2.1_2.5m_bio_10,30.233015484280056
senegal,Equatorial,wc2.1_2.5m_bio_11,24.978213522169327
senegal,Equatorial,wc2.1_2.5m_bio_12,1015.7777777777778
senegal,Equatorial,wc2.1_2.5m_bio_13,312.72222222222223
senegal,Equatorial,wc2.1_2.5m_bio_14,0
senegal,Equatorial,wc2.1_2.5m_bio_15,134.64774407280817
senegal,Equatorial,wc2.1_2.5m_bio_16,787.3333333333334
senegal,Equatorial,wc2.1_2.5m_bio_17,0.3888888888888889
senegal,Equatorial,wc2.1_2.5m_bio_18,70.94444444444444
senegal,Equatorial,wc2.1_2.5m_bio_19,5
senegal,Equatorial,wc2.1_2.5m_bio_2,12.522624333699545
senegal,Equatorial,wc2.1_2.5m_bio_3,57.52159457736545
senegal,Equatorial,wc2.1_2.5m_bio_4,216.02566316392688
senegal,Equatorial,wc2.1_2.5m_bio_5,38.16140704684787
senegal,Equatorial,wc2.1_2.5m_bio_6,16.293206373850506
senegal,Equatorial,wc2.1_2.5m_bio_7,21.868200725979275
senegal,Equatorial,wc2.1_2.5m_bio_8,26.59253978729248
senegal,Equatorial,wc2.1_2.5m_bio_9,26.700839466518826
serbia,Boreal,wc2.1_2.5m_bio_1,8.301533365249634
serbia,Boreal,wc2.1_2.5m_bio_10,17.13093318939209
serbia,Boreal,wc2.1_2.5m_bio_11,-0.8597333043813705
serbia,Boreal,wc2.1_2.5m_bio_12,758.2
serbia,Boreal,wc2.1_2.5m_bio_13,87.7
serbia,Boreal,wc2.1_2.5m_bio_14,45.9
serbia,Boreal,wc2.1_2.5m_bio_15,19.54721517562866
serbia,Boreal,wc2.1_2.5m_bio_16,237.1
serbia,Boreal,wc2.1_2.5m_bio_17,146.8
serbia,Boreal,wc2.1_2.5m_bio_18,216.2
serbia,Boreal,wc2.1_2.5m_bio_19,154.2
serbia,Boreal,wc2.1_2.5m_bio_2,10.326866722106933
serbia,Boreal,wc2.1_2.5m_bio_3,34.84725837707519
serbia,Boreal,wc2.1_2.5m_bio_4,729.5980407714844
serbia,Boreal,wc2.1_2.5m_bio_5,24.060799980163573
serbia,Boreal,wc2.1_2.5m_bio_6,-5.5723999500274655
serbia,Boreal,wc2.1_2.5m_bio_7,29.63319969177246
serbia,Boreal,wc2.1_2.5m_bio_8,13.283466625213624
serbia,Boreal,wc2.1_2.5m_bio_9,0.26940001249313356
serbia,Temperate,wc2.1_2.5m_bio_1,10.853420530046735
serbia,Temperate,wc2.1_2.5m_bio_10,20.216222399757022
serbia,Temperate,wc2.1_2.5m_bio_11,1.0802539672170366
serbia,Temperate,wc2.1_2.5m_bio_12,652.3809523809524
serbia,Temperate,wc2.1_2.5m_bio_13,86.0952380952381
serbia,Temperate,wc2.1_2.5m_bio_14,37.61904761904762
serbia,Temperate,wc2.1_2.5m_bio_15,24.64694359188988
serbia,Temperate,wc2.1_2.5m_bio_16,217.85714285714286
serbia,Temperate,wc2.1_2.5m_bio_17,121
serbia,Temperate,wc2.1_2.5m_bio_18,206.23809523809524
serbia,Temperate,wc2.1_2.5m_bio_19,128.71428571428572
serbia,Temperate,wc2.1_2.5m_bio_2,10.36722215016683
serbia,Temperate,wc2.1_2.5m_bio_3,33.821634928385414
serbia,Temperate,wc2.1_2.5m_bio_4,776.9450305757068
serbia,Temperate,wc2.1_2.5m_bio_5,27.166095370338077
serbia,Temperate,wc2.1_2.5m_bio_6,-3.485714242571876
serbia,Temperate,wc2.1_2.5m_bio_7,30.651809601556685
serbia,Temperate,wc2.1_2.5m_bio_8,18.128412837073917
serbia,Temperate,wc2.1_2.5m_bio_9,2.6502222362018766
siachen_glacier,Polar,wc2.1_2.5m_bio_1,-8.909333229064941
siachen_glacier,Polar,wc2.1_2.5m_bio_10,3.0239999294281006
siachen_glacier,Polar,wc2.1_2.5m_bio_11,-21.398666381835938
siachen_glacier,Polar,wc2.1_2.5m_bio_12,105
siachen_glacier,Polar,wc2.1_2.5m_bio_13,24
siachen_glacier,Polar,wc2.1_2.5m_bio_14,2
siachen_glacier,Polar,wc2.1_2.5m_bio_15,77.38787078857422
siachen_glacier,Polar,wc2.1_2.5m_bio_16,59
siachen_glacier,Polar,wc2.1_2.5m_bio_17,9
siachen_glacier,Polar,wc2.1_2.5m_bio_18,55
siachen_glacier,Polar,wc2.1_2.5m_bio_19,12
siachen_glacier,Polar,wc2.1_2.5m_bio_2,10.727999687194824
siachen_glacier,Polar,wc2.1_2.5m_bio_3,28.20782470703125
siachen_glacier,Polar,wc2.1_2.5m_bio_4,998.577880859375
siachen_glacier,Polar,wc2.1_2.5m_bio_5,9.927999496459961
siachen_glacier,Polar,wc2.1_2.5m_bio_6,-28.104000091552734
siachen_glacier,Polar,wc2.1_2.5m_bio_7,38.03199768066406
siachen_glacier,Polar,wc2.1_2.5m_bio_8,2.9213333129882812
siachen_glacier,Polar,wc2.1_2.5m_bio_9,-20.408000946044922
sierra_leone,Equatorial,wc2.1_2.5m_bio_1,25.98386836051941
sierra_leone,Equatorial,wc2.1_2.5m_bio_10,27.450305620829266
sierra_leone,Equatorial,wc2.1_2.5m_bio_11,24.883111079533894
sierra_leone,Equatorial,wc2.1_2.5m_bio_12,2695.0416666666665
sierra_leone,Equatorial,wc2.1_2.5m_bio_13,533.25
sierra_leone,Equatorial,wc2.1_2.5m_bio_14,8.541666666666666
sierra_leone,Equatorial,wc2.1_2.5m_bio_15,84.09724362691243
sierra_leone,Equatorial,wc2.1_2.5m_bio_16,1426.0416666666667
sierra_leone,Equatorial,wc2.1_2.5m_bio_17,57.375
sierra_leone,Equatorial,wc2.1_2.5m_bio_18,365.7083333333333
sierra_leone,Equatorial,wc2.1_2.5m_bio_19,1300.8333333333333
sierra_leone,Equatorial,wc2.1_2.5m_bio_2,11.776097257932028
sierra_leone,Equatorial,wc2.1_2.5m_bio_3,68.94051345189412
sierra_leone,Equatorial,wc2.1_2.5m_bio_4,108.44744396209717
sierra_leone,Equatorial,wc2.1_2.5m_bio_5,34.932999769846596
sierra_leone,Equatorial,wc2.1_2.5m_bio_6,17.713500102361042
sierra_leone,Equatorial,wc2.1_2.5m_bio_7,17.219499588012695
sierra_leone,Equatorial,wc2.1_2.5m_bio_8,24.92372226715088
sierra_leone,Equatorial,wc2.1_2.5m_bio_9,25.78380552927653
slovakia,Boreal,wc2.1_2.5m_bio_1,7.440298616886139
slovakia,Boreal,wc2.1_2.5m_bio_10,16.592333396275837
slovakia,Boreal,wc2.1_2.5m_bio_11,-2.062500011951973
slovakia,Boreal,wc2.1_2.5m_bio_12,761.625
slovakia,Boreal,wc2.1_2.5m_bio_13,99.91666666666667
slovakia,Boreal,wc2.1_2.5m_bio_14,37.916666666666664
slovakia,Boreal,wc2.1_2.5m_bio_15,32.81953692436218
slovakia,Boreal,wc2.1_2.5m_bio_16,277.1666666666667
slovakia,Boreal,wc2.1_2.5m_bio_17,120.25
slovakia,Boreal,wc2.1_2.5m_bio_18,274.5416666666667
slovakia,Boreal,wc2.1_2.5m_bio_19,131
slovakia,Boreal,wc2.1_2.5m_bio_2,9.279430429140726
slovakia,Boreal,wc2.1_2.5m_bio_3,31.59685691197713
slovakia,Boreal,wc2.1_2.5m_bio_4,758.2222213745117
slovakia,Boreal,wc2.1_2.5m_bio_5,23.068333387374878
slovakia,Boreal,wc2.1_2.5m_bio_6,-6.266833335161209
slovakia,Boreal,wc2.1_2.5m_bio_7,29.335166692733765
slovakia,Boreal,wc2.1_2.5m_bio_8,15.877944588661194
slovakia,Boreal,wc2.1_2.5m_bio_9,-0.5086389007046819
slovakia,Temperate,wc2.1_2.5m_bio_1,10.059332847595215
slovakia,Temperate,wc2.1_2.5m_bio_10,19.428667068481445
slovakia,Temperate,wc2.1_2.5m_bio_11,0.40133336186408997
slovakia,Temperate,wc2.1_2.5m_bio_12,563
slovakia,Temperate,wc2.1_2.5m_bio_13,68
slovakia,Temperate,wc2.1_2.5m_bio_14,29
slovakia,Temperate,wc2.1_2.5m_bio_15,27.012819290161133
slovakia,Temperate,wc2.1_2.5m_bio_16,191
slovakia,Temperate,wc2.1_2.5m_bio_17,92
slovakia,Temperate,wc2.1_2.5m_bio_18,191
slovakia,Temperate,wc2.1_2.5m_bio_19,105
slovakia,Temperate,wc2.1_2.5m_bio_2,9.747333526611328
slovakia,Temperate,wc2.1_2.5m_bio_3,32.37886428833008
slovakia,Temperate,wc2.1_2.5m_bio_4,773.9024658203125
slovakia,Temperate,wc2.1_2.5m_bio_5,26.43199920654297
slovakia,Temperate,wc2.1_2.5m_bio_6,-3.671999931335449
slovakia,Temperate,wc2.1_2.5m_bio_7,30.104000091552734
slovakia,Temperate,wc2.1_2.5m_bio_8,19.428667068481445
slovakia,Temperate,wc2.1_2.5m_bio_9,1.9866666793823242
slovenia,Boreal,wc2.1_2.5m_bio_1,8.104333400726318
slovenia,Boreal,wc2.1_2.5m_bio_10,16.913866806030274
slovenia,Boreal,wc2.1_2.5m_bio_11,-0.7967999815940857
slovenia,Boreal,wc2.1_2.5m_bio_12,1514.8
slovenia,Boreal,wc2.1_2.5m_bio_13,174.4
slovenia,Boreal,wc2.1_2.5m_bio_14,72.2
slovenia,Boreal,wc2.1_2.5m_bio_15,26.269777297973633
slovenia,Boreal,wc2.1_2.5m_bio_16,482.6
slovenia,Boreal,wc2.1_2.5m_bio_17,256.2
slovenia,Boreal,wc2.1_2.5m_bio_18,439.6
slovenia,Boreal,wc2.1_2.5m_bio_19,268.6
slovenia,Boreal,wc2.1_2.5m_bio_2,9.66520004272461
slovenia,Boreal,wc2.1_2.5m_bio_3,33.55613784790039
slovenia,Boreal,wc2.1_2.5m_bio_4,719.905810546875
slovenia,Boreal,wc2.1_2.5m_bio_5,23.476800155639648
slovenia,Boreal,wc2.1_2.5m_bio_6,-5.316799926757812
slovenia,Boreal,wc2.1_2.5m_bio_7,28.793600463867186
slovenia,Boreal,wc2.1_2.5m_bio_8,13.836000156402587
slovenia,Boreal,wc2.1_2.5m_bio_9,0.5720000006258488
slovenia,Temperate,wc2.1_2.5m_bio_1,8.874733161926269
slovenia,Temperate,wc2.1_2.5m_bio_10,17.466266632080078
slovenia,Temperate,wc2.1_2.5m_bio_11,0.37040002048015597
slovenia,Temperate,wc2.1_2.5m_bio_12,1427.6
slovenia,Temperate,wc2.1_2.5m_bio_13,158.4
slovenia,Temperate,wc2.1_2.5m_bio_14,75.2
slovenia,Temperate,wc2.1_2.5m_bio_15,21.517414474487303
slovenia,Temperate,wc2.1_2.5m_bio_16,441.6
slovenia,Temperate,wc2.1_2.5m_bio_17,266
slovenia,Temperate,wc2.1_2.5m_bio_18,378.4
slovenia,Temperate,wc2.1_2.5m_bio_19,284.6
slovenia,Temperate,wc2.1_2.5m_bio_2,9.337866401672363
slovenia,Temperate,wc2.1_2.5m_bio_3,33.3442195892334
slovenia,Temperate,wc2.1_2.5m_bio_4,696.123486328125
slovenia,Temperate,wc2.1_2.5m_bio_5,24.082399749755858
slovenia,Temperate,wc2.1_2.5m_bio_6,-3.8903999745845796
slovenia,Temperate,wc2.1_2.5m_bio_7,27.972800064086915
slovenia,Temperate,wc2.1_2.5m_bio_8,9.497866439819337
slovenia,Temperate,wc2.1_2.5m_bio_9,1.5214666724205017
solomon_islands,Equatorial,wc2.1_2.5m_bio_1,26.100970458984374
solomon_islands,Equatorial,wc2.1_2.5m_bio_10,26.56000213623047
solomon_islands,Equatorial,wc2.1_2.5m_bio_11,25.49869155883789
solomon_islands,Equatorial,wc2.1_2.5m_bio_12,3274.5
solomon_islands,Equatorial,wc2.1_2.5m_bio_13,363.5
solomon_islands,Equatorial,wc2.1_2.5m_bio_14,218.9
solomon_islands,Equatorial,wc2.1_2.5m_bio_15,18.249516773223878
solomon_islands,Equatorial,wc2.1_2.5m_bio_16,1042.5
solomon_islands,Equatorial,wc2.1_2.5m_bio_17,700.9
solomon_islands,Equatorial,wc2.1_2.5m_bio_18,916.2
solomon_islands,Equatorial,wc2.1_2.5m_bio_19,773
solomon_islands,Equatorial,wc2.1_2.5m_bio_2,6.732897663116455
solomon_islands,Equatorial,wc2.1_2.5m_bio_3,83.569677734375
solomon_islands,Equatorial,wc2.1_2.5m_bio_4,44.1766773223877
solomon_islands,Equatorial,wc2.1_2.5m_bio_5,30.16902313232422
solomon_islands,Equatorial,wc2.1_2.5m_bio_6,22.104065132141113
solomon_islands,Equatorial,wc2.1_2.5m_bio_7,8.064958000183106
solomon_islands,Equatorial,wc2.1_2.5m_bio_8,26.463048934936523
solomon_islands,Equatorial,wc2.1_2.5m_bio_9,25.97966022491455
somalia,Arid,wc2.1_2.5m_bio_1,27.04120331568434
somalia,Arid,wc2.1_2.5m_bio_10,28.601680351408902
somalia,Arid,wc2.1_2.5m_bio_11,25.436124195326244
somalia,Arid,wc2.1_2.5m_bio_12,297.2913907284768
somalia,Arid,wc2.1_2.5m_bio_13,77.08609271523179
somalia,Arid,wc2.1_2.5m_bio_14,1.086092715231788
somalia,Arid,wc2.1_2.5m_bio_15,107.573990853417
somalia,Arid,wc2.1_2.5m_bio_16,150.81456953642385
somalia,Arid,wc2.1_2.5m_bio_17,10.251655629139073
somalia,Arid,wc2.1_2.5m_bio_18,110.19867549668874
somalia,Arid,wc2.1_2.5m_bio_19,30.6158940397351
somalia,Arid,wc2.1_2.5m_bio_2,10.942926991064818
somalia,Arid,wc2.1_2.5m_bio_3,72.07696182048873
somalia,Arid,wc2.1_2.5m_bio_4,131.4330267495667
somalia,Arid,wc2.1_2.5m_bio_5,35.08325622255439
somalia,Arid,wc2.1_2.5m_bio_6,19.888778250738486
somalia,Arid,wc2.1_2.5m_bio_7,15.194477978131628
somalia,Arid,wc2.1_2.5m_bio_8,27.807534451516258
somalia,Arid,wc2.1_2.5m_bio_9,27.146320785118256
somalia,Equatorial,wc2.1_2.5m_bio_1,26.943583488464355
somalia,Equatorial,wc2.1_2.5m_bio_10,28.208998680114746
somalia,Equatorial,wc2.1_2.5m_bio_11,25.555999755859375
somalia,Equatorial,wc2.1_2.5m_bio_12,526.5
somalia,Equatorial,wc2.1_2.5m_bio_13,129
somalia,Equatorial,wc2.1_2.5m_bio_14,1
somalia,Equatorial,wc2.1_2.5m_bio_15,88.32326889038086
somalia,Equatorial,wc2.1_2.5m_bio_16,299.5
somalia,Equatorial,wc2.1_2.5m_bio_17,14
somalia,Equatorial,wc2.1_2.5m_bio_18,98
somalia,Equatorial,wc2.1_2.5m_bio_19,142
somalia,Equatorial,wc2.1_2.5m_bio_2,8.126833438873291
somalia,Equatorial,wc2.1_2.5m_bio_3,71.86155319213867
somalia,Equatorial,wc2.1_2.5m_bio_4,106.47872924804688
somalia,Equatorial,wc2.1_2.5m_bio_5,32.965999603271484
somalia,Equatorial,wc2.1_2.5m_bio_6,21.707999229431152
somalia,Equatorial,wc2.1_2.5m_bio_7,11.258000373840332
somalia,Equatorial,wc2.1_2.5m_bio_8,27.223999977111816
somalia,Equatorial,wc2.1_2.5m_bio_9,27.84933376312256
somaliland,Arid,wc2.1_2.5m_bio_1,24.50622121218977
somaliland,Arid,wc2.1_2.5m_bio_10,27.246505704419366
somaliland,Arid,wc2.1_2.5m_bio_11,21.317068856337976
somaliland,Arid,wc2.1_2.5m_bio_12,192.70689655172413
somaliland,Arid,wc2.1_2.5m_bio_13,45.56896551724138
somaliland,Arid,wc2.1_2.5m_bio_14,1.4655172413793103
somaliland,Arid,wc2.1_2.5m_bio_15,88.01821050972774
somaliland,Arid,wc2.1_2.5m_bio_16,94.05172413793103
somaliland,Arid,wc2.1_2.5m_bio_17,8.724137931034482
somaliland,Arid,wc2.1_2.5m_bio_18,52.827586206896555
somaliland,Arid,wc2.1_2.5m_bio_19,12.258620689655173
somaliland,Arid,wc2.1_2.5m_bio_2,11.83129305675112
somaliland,Arid,wc2.1_2.5m_bio_3,63.67666487858213
somaliland,Arid,wc2.1_2.5m_bio_4,253.86924296411974
somaliland,Arid,wc2.1_2.5m_bio_5,33.364896675636025
somaliland,Arid,wc2.1_2.5m_bio_6,14.6339998985159
somaliland,Arid,wc2.1_2.5m_bio_7,18.730896637357514
somaliland,Arid,wc2.1_2.5m_bio_8,25.792540221378722
somaliland,Arid,wc2.1_2.5m_bio_9,22.511367863622205
south_africa,Arid,wc2.1_2.5m_bio_1,17.879023294191104
south_africa,Arid,wc2.1_2.5m_bio_10,23.319260611548437
south_africa,Arid,wc2.1_2.5m_bio_11,11.520840142224285
south_africa,Arid,wc2.1_2.5m_bio_12,386.65765765765764
south_africa,Arid,wc2.1_2.5m_bio_13,66.42342342342343
south_africa,Arid,wc2.1_2.5m_bio_14,7.816816816816817
south_africa,Arid,wc2.1_2.5m_bio_15,61.90174346786362
south_africa,Arid,wc2.1_2.5m_bio_16,180.92192192192192
south_africa,Arid,wc2.1_2.5m_bio_17,28.063063063063062
south_africa,Arid,wc2.1_2.5m_bio_18,161.76276276276278
south_africa,Arid,wc2.1_2.5m_bio_19,36.327327327327325
south_africa,Arid,wc2.1_2.5m_bio_2,15.60909524121442
south_africa,Arid,wc2.1_2.5m_bio_3,54.40188723498279
south_africa,Arid,wc2.1_2.5m_bio_4,485.4691983701231
south_africa,Arid,wc2.1_2.5m_bio_5,31.341239155949772
south_africa,Arid,wc2.1_2.5m_bio_6,2.484662660491281
south_africa,Arid,wc2.1_2.5m_bio_7,28.85657647851709
south_africa,Arid,wc2.1_2.5m_bio_8,21.50839969703743
south_africa,Arid,wc2.1_2.5m_bio_9,13.067277946987668
south_africa,Equatorial,wc2.1_2.5m_bio_1,22.013278007507324
south_africa,Equatorial,wc2.1_2.5m_bio_10,25.140443801879883
south_africa,Equatorial,wc2.1_2.5m_bio_11,18.613555908203125
south_africa,Equatorial,wc2.1_2.5m_bio_12,968.5
south_africa,Equatorial,wc2.1_2.5m_bio_13,141
south_africa,Equatorial,wc2.1_2.5m_bio_14,35.5
south_africa,Equatorial,wc2.1_2.5m_bio_15,43.59646224975586
south_africa,Equatorial,wc2.1_2.5m_bio_16,378.5
south_africa,Equatorial,wc2.1_2.5m_bio_17,115.5
south_africa,Equatorial,wc2.1_2.5m_bio_18,378.5
south_africa,Equatorial,wc2.1_2.5m_bio_19,115.5
south_africa,Equatorial,wc2.1_2.5m_bio_2,9.803333282470703
south_africa,Equatorial,wc2.1_2.5m_bio_3,55.906972885131836
south_africa,Equatorial,wc2.1_2.5m_bio_4,264.0652160644531
south_africa,Equatorial,wc2.1_2.5m_bio_5,30.04800033569336
south_africa,Equatorial,wc2.1_2.5m_bio_6,12.512666702270508
south_africa,Equatorial,wc2.1_2.5m_bio_7,17.53533363342285
south_africa,Equatorial,wc2.1_2.5m_bio_8,25.140443801879883
south_africa,Equatorial,wc2.1_2.5m_bio_9,18.613555908203125
south_africa,Temperate,wc2.1_2.5m_bio_1,16.212285740034922
south_africa,Temperate,wc2.1_2.5m_bio_10,20.180871077946254
south_africa,Temperate,wc2.1_2.5m_bio_11,11.350552243845803
south_africa,Temperate,wc2.1_2.5m_bio_12,770.0357142857143
south_africa,Temperate,wc2.1_2.5m_bio_13,124.22321428571429
south_africa,Temperate,wc2.1_2.5m_bio_14,13.214285714285714
south_africa,Temperate,wc2.1_2.5m_bio_15,65.01293686458042
south_africa,Temperate,wc2.1_2.5m_bio_16,347.38392857142856
south_africa,Temperate,wc2.1_2.5m_bio_17,49.44642857142857
south_africa,Temperate,wc2.1_2.5m_bio_18,328.88392857142856
south_africa,Temperate,wc2.1_2.5m_bio_19,62.75892857142857
south_africa,Temperate,wc2.1_2.5m_bio_2,13.212420642375946
south_africa,Temperate,wc2.1_2.5m_bio_3,56.791409492492676
south_africa,Temperate,wc2.1_2.5m_bio_4,364.0673565183367
south_africa,Temperate,wc2.1_2.5m_bio_5,26.344273839678085
south_africa,Temperate,wc2.1_2.5m_bio_6,2.9959484064976487
south_africa,Temperate,wc2.1_2.5m_bio_7,23.348325465406692
south_africa,Temperate,wc2.1_2.5m_bio_8,19.2268174801554
south_africa,Temperate,wc2.1_2.5m_bio_9,12.126176595687866
south_georgia_and_the_south_sandwich_islands,Polar,wc2.1_2.5m_bio_1,-0.27433331310749054
south_georgia_and_the_south_sandwich_islands,Polar,wc2.1_2.5m_bio_10,2.8553333282470703
south_georgia_and_the_south_sandwich_islands,Polar,wc2.1_2.5m_bio_11,-3.3983333110809326
south_georgia_and_the_south_sandwich_islands,Polar,wc2.1_2.5m_bio_12,1628.5
south_georgia_and_the_south_sandwich_islands,Polar,wc2.1_2.5m_bio_13,164.5
south_georgia_and_the_south_sandwich_islands,Polar,wc2.1_2.5m_bio_14,101
south_georgia_and_the_south_sandwich_islands,Polar,wc2.1_2.5m_bio_15,14.65990924835205
south_georgia_and_the_south_sandwich_islands,Polar,wc2.1_2.5m_bio_16,474
south_georgia_and_the_south_sandwich_islands,Polar,wc2.1_2.5m_bio_17,331.5
south_georgia_and_the_south_sandwich_islands,Polar,wc2.1_2.5m_bio_18,458
south_georgia_and_the_south_sandwich_islands,Polar,wc2.1_2.5m_bio_19,413
south_georgia_and_the_south_sandwich_islands,Polar,wc2.1_2.5m_bio_2,4.827000141143799
south_georgia_and_the_south_sandwich_islands,Polar,wc2.1_2.5m_bio_3,39.66847038269043
south_georgia_and_the_south_sandwich_islands,Polar,wc2.1_2.5m_bio_4,254.60195922851562
south_georgia_and_the_south_sandwich_islands,Polar,wc2.1_2.5m_bio_5,4.968000173568726
south_georgia_and_the_south_sandwich_islands,Polar,wc2.1_2.5m_bio_6,-7.199999809265137
south_georgia_and_the_south_sandwich_islands,Polar,wc2.1_2.5m_bio_7,12.167999744415283
south_georgia_and_the_south_sandwich_islands,Polar,wc2.1_2.5m_bio_8,1.4786666333675385
south_georgia_and_the_south_sandwich_islands,Polar,wc2.1_2.5m_bio_9,0.1446666717529297
south_korea,Boreal,wc2.1_2.5m_bio_1,10.371003529121136
south_korea,Boreal,wc2.1_2.5m_bio_10,22.055560144884833
south_korea,Boreal,wc2.1_2.5m_bio_11,-2.229422039769847
south_korea,Boreal,wc2.1_2.5m_bio_12,1283.3103448275863
south_korea,Boreal,wc2.1_2.5m_bio_13,298.1034482758621
south_korea,Boreal,wc2.1_2.5m_bio_14,26.482758620689655
south_korea,Boreal,wc2.1_2.5m_bio_15,84.26749485936658
south_korea,Boreal,wc2.1_2.5m_bio_16,716.2413793103449
south_korea,Boreal,wc2.1_2.5m_bio_17,92.17241379310344
south_korea,Boreal,wc2.1_2.5m_bio_18,703.448275862069
south_korea,Boreal,wc2.1_2.5m_bio_19,92.17241379310344
south_korea,Boreal,wc2.1_2.5m_bio_2,10.246405634386786
south_korea,Boreal,wc2.1_2.5m_bio_3,28.149589341262292
south_korea,Boreal,wc2.1_2.5m_bio_4,983.8635990537446
south_korea,Boreal,wc2.1_2.5m_bio_5,27.464978777129076
south_korea,Boreal,wc2.1_2.5m_bio_6,-8.946982021989493
south_korea,Boreal,wc2.1_2.5m_bio_7,36.411960733347925
south_korea,Boreal,wc2.1_2.5m_bio_8,21.742511420414367
south_korea,Boreal,wc2.1_2.5m_bio_9,-2.155422040871505
south_korea,Temperate,wc2.1_2.5m_bio_1,12.790083312988282
south_korea,Temperate,wc2.1_2.5m_bio_10,23.405200004577637
south_korea,Temperate,wc2.1_2.5m_bio_11,1.536133348941803
south_korea,Temperate,wc2.1_2.5m_bio_12,1323.3
south_korea,Temperate,wc2.1_2.5m_bio_13,257.5
south_korea,Temperate,wc2.1_2.5m_bio_14,27.4
south_korea,Temperate,wc2.1_2.5m_bio_15,72.80351409912109
south_korea,Temperate,wc2.1_2.5m_bio_16,678.3
south_korea,Temperate,wc2.1_2.5m_bio_17,106.3
south_korea,Temperate,wc2.1_2.5m_bio_18,658.5
south_korea,Temperate,wc2.1_2.5m_bio_19,106.6
south_korea,Temperate,wc2.1_2.5m_bio_2,9.615766525268555
south_korea,Temperate,wc2.1_2.5m_bio_3,28.68060169219971
south_korea,Temperate,wc2.1_2.5m_bio_4,890.3449768066406
south_korea,Temperate,wc2.1_2.5m_bio_5,28.801199913024902
south_korea,Temperate,wc2.1_2.5m_bio_6,-4.630400037765503
south_korea,Temperate,wc2.1_2.5m_bio_7,33.431600189208986
south_korea,Temperate,wc2.1_2.5m_bio_8,23.337400054931642
south_korea,Temperate,wc2.1_2.5m_bio_9,1.9807999849319458
south_sudan,Arid,wc2.1_2.5m_bio_1,27.00335693359375
south_sudan,Arid,wc2.1_2.5m_bio_10,29.300856726510183
south_sudan,Arid,wc2.1_2.5m_bio_11,25.1990476335798
south_sudan,Arid,wc2.1_2.5m_bio_12,681.1428571428571
south_sudan,Arid,wc2.1_2.5m_bio_13,134
south_sudan,Arid,wc2.1_2.5m_bio_14,6.571428571428571
south_sudan,Arid,wc2.1_2.5m_bio_15,85.07890973772321
south_sudan,Arid,wc2.1_2.5m_bio_16,352.42857142857144
south_sudan,Arid,wc2.1_2.5m_bio_17,35.57142857142857
south_sudan,Arid,wc2.1_2.5m_bio_18,88
south_sudan,Arid,wc2.1_2.5m_bio_19,102.71428571428571
south_sudan,Arid,wc2.1_2.5m_bio_2,14.426142828805107
south_sudan,Arid,wc2.1_2.5m_bio_3,69.80009841918945
south_sudan,Arid,wc2.1_2.5m_bio_4,164.2986286708287
south_sudan,Arid,wc2.1_2.5m_bio_5,37.9302853175572
south_sudan,Arid,wc2.1_2.5m_bio_6,16.76685755593436
south_sudan,Arid,wc2.1_2.5m_bio_7,21.163427897862025
south_sudan,Arid,wc2.1_2.5m_bio_8,26.534095219203405
south_sudan,Arid,wc2.1_2.5m_bio_9,26.001238141741073
south_sudan,Equatorial,wc2.1_2.5m_bio_1,26.82716927085955
south_sudan,Equatorial,wc2.1_2.5m_bio_10,28.82843991898999
south_sudan,Equatorial,wc2.1_2.5m_bio_11,25.367542886242425
south_sudan,Equatorial,wc2.1_2.5m_bio_12,974.2164948453608
south_sudan,Equatorial,wc2.1_2.5m_bio_13,181.63917525773195
south_sudan,Equatorial,wc2.1_2.5m_bio_14,3.0051546391752577
south_sudan,Equatorial,wc2.1_2.5m_bio_15,85.54262741324828
south_sudan,Equatorial,wc2.1_2.5m_bio_16,494.7319587628866
south_sudan,Equatorial,wc2.1_2.5m_bio_17,15.65979381443299
south_sudan,Equatorial,wc2.1_2.5m_bio_18,120.34020618556701
south_sudan,Equatorial,wc2.1_2.5m_bio_19,430.45360824742266
south_sudan,Equatorial,wc2.1_2.5m_bio_2,13.211836790301136
south_sudan,Equatorial,wc2.1_2.5m_bio_3,70.01783054391133
south_sudan,Equatorial,wc2.1_2.5m_bio_4,141.08145389360251
south_sudan,Equatorial,wc2.1_2.5m_bio_5,36.95156715825661
south_sudan,Equatorial,wc2.1_2.5m_bio_6,18.008061807180187
south_sudan,Equatorial,wc2.1_2.5m_bio_7,18.943505346160574
south_sudan,Equatorial,wc2.1_2.5m_bio_8,25.4230102362092
south_sudan,Equatorial,wc2.1_2.5m_bio_9,26.946127173826866
spain,Arid,wc2.1_2.5m_bio_1,13.591173016108
spain,Arid,wc2.1_2.5m_bio_10,22.23173550459055
spain,Arid,wc2.1_2.5m_bio_11,6.092746302485466
spain,Arid,wc2.1_2.5m_bio_12,447.13461538461536
spain,Arid,wc2.1_2.5m_bio_13,58.78846153846154
spain,Arid,wc2.1_2.5m_bio_14,13.211538461538462
spain,Arid,wc2.1_2.5m_bio_15,38.08907173230098
spain,Arid,wc2.1_2.5m_bio_16,156.875
spain,Arid,wc2.1_2.5m_bio_17,58.00961538461539
spain,Arid,wc2.1_2.5m_bio_18,66.57692307692308
spain,Arid,wc2.1_2.5m_bio_19,125.16346153846153
spain,Arid,wc2.1_2.5m_bio_2,12.272712744199312
spain,Arid,wc2.1_2.5m_bio_3,39.763809827657845
spain,Arid,wc2.1_2.5m_bio_4,663.8286666870117
spain,Arid,wc2.1_2.5m_bio_5,31.3847121825585
spain,Arid,wc2.1_2.5m_bio_6,0.5321706273378088
spain,Arid,wc2.1_2.5m_bio_7,30.852541575065025
spain,Arid,wc2.1_2.5m_bio_8,11.287916807027964
spain,Arid,wc2.1_2.5m_bio_9,20.12041583428016
spain,Temperate,wc2.1_2.5m_bio_1,12.972821537507784
spain,Temperate,wc2.1_2.5m_bio_10,20.325779372399005
spain,Temperate,wc2.1_2.5m_bio_11,6.609662590018653
spain,Temperate,wc2.1_2.5m_bio_12,792.6146788990826
spain,Temperate,wc2.1_2.5m_bio_13,106.01834862385321
spain,Temperate,wc2.1_2.5m_bio_14,24.091743119266056
spain,Temperate,wc2.1_2.5m_bio_15,43.26191134846538
spain,Temperate,wc2.1_2.5m_bio_16,292.6788990825688
spain,Temperate,wc2.1_2.5m_bio_17,93.5137614678899
spain,Temperate,wc2.1_2.5m_bio_18,102.79816513761467
spain,Temperate,wc2.1_2.5m_bio_19,265.60550458715596
spain,Temperate,wc2.1_2.5m_bio_2,10.490315568556479
spain,Temperate,wc2.1_2.5m_bio_3,40.050485383479966
spain,Temperate,wc2.1_2.5m_bio_4,563.9655886308863
spain,Temperate,wc2.1_2.5m_bio_5,28.04714106638497
spain,Temperate,wc2.1_2.5m_bio_6,1.7997476334316194
spain,Temperate,wc2.1_2.5m_bio_7,26.247393441856453
spain,Temperate,wc2.1_2.5m_bio_8,9.15504184372108
spain,Temperate,wc2.1_2.5m_bio_9,19.149132242990195
sri_lanka,Equatorial,wc2.1_2.5m_bio_1,26.87871941653165
sri_lanka,Equatorial,wc2.1_2.5m_bio_10,28.121121233159844
sri_lanka,Equatorial,wc2.1_2.5m_bio_11,25.296121077104047
sri_lanka,Equatorial,wc2.1_2.5m_bio_12,1860.3636363636363
sri_lanka,Equatorial,wc2.1_2.5m_bio_13,346.8636363636364
sri_lanka,Equatorial,wc2.1_2.5m_bio_14,40
sri_lanka,Equatorial,wc2.1_2.5m_bio_15,70.1462173461914
sri_lanka,Equatorial,wc2.1_2.5m_bio_16,868.4545454545455
sri_lanka,Equatorial,wc2.1_2.5m_bio_17,186.63636363636363
sri_lanka,Equatorial,wc2.1_2.5m_bio_18,343.6363636363636
sri_lanka,Equatorial,wc2.1_2.5m_bio_19,565.3636363636364
sri_lanka,Equatorial,wc2.1_2.5m_bio_2,7.488833319057118
sri_lanka,Equatorial,wc2.1_2.5m_bio_3,68.10957579179244
sri_lanka,Equatorial,wc2.1_2.5m_bio_4,118.10646230524236
sri_lanka,Equatorial,wc2.1_2.5m_bio_5,32.31836353648793
sri_lanka,Equatorial,wc2.1_2.5m_bio_6,21.29345451701771
sri_lanka,Equatorial,wc2.1_2.5m_bio_7,11.024909019470215
sri_lanka,Equatorial,wc2.1_2.5m_bio_8,25.94142419641668
sri_lanka,Equatorial,wc2.1_2.5m_bio_9,27.678636464205656
sudan,Arid,wc2.1_2.5m_bio_1,26.679472261807735
sudan,Arid,wc2.1_2.5m_bio_10,31.127247347976223
sudan,Arid,wc2.1_2.5m_bio_11,21.05173241168963
sudan,Arid,wc2.1_2.5m_bio_12,197.92255892255892
sudan,Arid,wc2.1_2.5m_bio_13,68.86195286195286
sudan,Arid,wc2.1_2.5m_bio_14,0.02861952861952862
sudan,Arid,wc2.1_2.5m_bio_15,133.89059463976207
sudan,Arid,wc2.1_2.5m_bio_16,155.78451178451178
sudan,Arid,wc2.1_2.5m_bio_17,0.18518518518518517
sudan,Arid,wc2.1_2.5m_bio_18,34.31481481481482
sudan,Arid,wc2.1_2.5m_bio_19,8.11952861952862
sudan,Arid,wc2.1_2.5m_bio_2,15.764113344327368
sudan,Arid,wc2.1_2.5m_bio_3,56.341346246224866
sudan,Arid,wc2.1_2.5m_bio_4,416.3804861768729
sudan,Arid,wc2.1_2.5m_bio_5,39.76429887893625
sudan,Arid,wc2.1_2.5m_bio_6,11.594118974826953
sudan,Arid,wc2.1_2.5m_bio_7,28.170179954682936
sudan,Arid,wc2.1_2.5m_bio_8,29.337449401316018
sudan,Arid,wc2.1_2.5m_bio_9,22.415432223567255
sudan,Equatorial,wc2.1_2.5m_bio_1,27.501990509033202
sudan,Equatorial,wc2.1_2.5m_bio_10,30.22881911141532
sudan,Equatorial,wc2.1_2.5m_bio_11,25.751542718069896
sudan,Equatorial,wc2.1_2.5m_bio_12,758.5714285714286
sudan,Equatorial,wc2.1_2.5m_bio_13,180.31428571428572
sudan,Equatorial,wc2.1_2.5m_bio_14,0
sudan,Equatorial,wc2.1_2.5m_bio_15,109.94325147356305
sudan,Equatorial,wc2.1_2.5m_bio_16,483.65714285714284
sudan,Equatorial,wc2.1_2.5m_bio_17,0.2857142857142857
sudan,Equatorial,wc2.1_2.5m_bio_18,77
sudan,Equatorial,wc2.1_2.5m_bio_19,326.34285714285716
sudan,Equatorial,wc2.1_2.5m_bio_2,14.26038099016462
sudan,Equatorial,wc2.1_2.5m_bio_3,65.38758087158203
sudan,Equatorial,wc2.1_2.5m_bio_4,183.60518711635044
sudan,Equatorial,wc2.1_2.5m_bio_5,38.86914291381836
sudan,Equatorial,wc2.1_2.5m_bio_6,17.02811426435198
sudan,Equatorial,wc2.1_2.5m_bio_7,21.841028649466377
sudan,Equatorial,wc2.1_2.5m_bio_8,25.988780757359095
sudan,Equatorial,wc2.1_2.5m_bio_9,26.647123990740095
suriname,Equatorial,wc2.1_2.5m_bio_1,26.136343508350606
suriname,Equatorial,wc2.1_2.5m_bio_10,27.011850162428253
suriname,Equatorial,wc2.1_2.5m_bio_11,25.461197327594366
suriname,Equatorial,wc2.1_2.5m_bio_12,2187.673469387755
suriname,Equatorial,wc2.1_2.5m_bio_13,350.55102040816325
suriname,Equatorial,wc2.1_2.5m_bio_14,63.734693877551024
suriname,Equatorial,wc2.1_2.5m_bio_15,49.60750361851284
suriname,Equatorial,wc2.1_2.5m_bio_16,910.4897959183673
suriname,Equatorial,wc2.1_2.5m_bio_17,233.6530612244898
suriname,Equatorial,wc2.1_2.5m_bio_18,234.91836734693877
suriname,Equatorial,wc2.1_2.5m_bio_19,525.1428571428571
suriname,Equatorial,wc2.1_2.5m_bio_2,8.833802738968206
suriname,Equatorial,wc2.1_2.5m_bio_3,79.00834593480947
suriname,Equatorial,wc2.1_2.5m_bio_4,62.64807424739916
suriname,Equatorial,wc2.1_2.5m_bio_5,32.45412215408014
suriname,Equatorial,wc2.1_2.5m_bio_6,21.275755084290797
suriname,Equatorial,wc2.1_2.5m_bio_7,11.178367069789342
suriname,Equatorial,wc2.1_2.5m_bio_8,25.918884199492787
suriname,Equatorial,wc2.1_2.5m_bio_9,27.011482822651764
sweden,Boreal,wc2.1_2.5m_bio_1,2.230591128839847
sweden,Boreal,wc2.1_2.5m_bio_10,12.880071651291203
sweden,Boreal,wc2.1_2.5m_bio_11,-7.5793589212604475
sweden,Boreal,wc2.1_2.5m_bio_12,651.222972972973
sweden,Boreal,wc2.1_2.5m_bio_13,85.16216216216216
sweden,Boreal,wc2.1_2.5m_bio_14,32.3277027027027
sweden,Boreal,wc2.1_2.5m_bio_15,31.293830716932142
sweden,Boreal,wc2.1_2.5m_bio_16,226.96283783783784
sweden,Boreal,wc2.1_2.5m_bio_17,107.44256756756756
sweden,Boreal,wc2.1_2.5m_bio_18,219.5168918918919
sweden,Boreal,wc2.1_2.5m_bio_19,130.3716216216216
sweden,Boreal,wc2.1_2.5m_bio_2,8.47685783779299
sweden,Boreal,wc2.1_2.5m_bio_3,27.04361037950258
sweden,Boreal,wc2.1_2.5m_bio_4,830.0639881443333
sweden,Boreal,wc2.1_2.5m_bio_5,19.255854216781824
sweden,Boreal,wc2.1_2.5m_bio_6,-12.242757856845856
sweden,Boreal,wc2.1_2.5m_bio_7,31.49861205590738
sweden,Boreal,wc2.1_2.5m_bio_8,11.33987031111846
sweden,Boreal,wc2.1_2.5m_bio_9,-3.5258677147857442
sweden,Polar,wc2.1_2.5m_bio_1,-2.9659583270549774
sweden,Polar,wc2.1_2.5m_bio_10,7.465166807174683
sweden,Polar,wc2.1_2.5m_bio_11,-11.519000053405762
sweden,Polar,wc2.1_2.5m_bio_12,707.5
sweden,Polar,wc2.1_2.5m_bio_13,95.5
sweden,Polar,wc2.1_2.5m_bio_14,39
sweden,Polar,wc2.1_2.5m_bio_15,27.923466682434082
sweden,Polar,wc2.1_2.5m_bio_16,241.25
sweden,Polar,wc2.1_2.5m_bio_17,125
sweden,Polar,wc2.1_2.5m_bio_18,237.25
sweden,Polar,wc2.1_2.5m_bio_19,165.75
sweden,Polar,wc2.1_2.5m_bio_2,6.912916660308838
sweden,Polar,wc2.1_2.5m_bio_3,23.57167673110962
sweden,Polar,wc2.1_2.5m_bio_4,786.2062835693359
sweden,Polar,wc2.1_2.5m_bio_5,13.183000087738037
sweden,Polar,wc2.1_2.5m_bio_6,-16.16100001335144
sweden,Polar,wc2.1_2.5m_bio_7,29.3439998626709
sweden,Polar,wc2.1_2.5m_bio_8,6.991500020027161
sweden,Polar,wc2.1_2.5m_bio_9,-5.230166673660278
sweden,Temperate,wc2.1_2.5m_bio_1,7.217816638946533
sweden,Temperate,wc2.1_2.5m_bio_10,15.584600162506103
sweden,Temperate,wc2.1_2.5m_bio_11,-0.22586668208241462
sweden,Temperate,wc2.1_2.5m_bio_12,638.3
sweden,Temperate,wc2.1_2.5m_bio_13,68.7
sweden,Temperate,wc2.1_2.5m_bio_14,35.9
sweden,Temperate,wc2.1_2.5m_bio_15,21.597965049743653
sweden,Temperate,wc2.1_2.5m_bio_16,197.2
sweden,Temperate,wc2.1_2.5m_bio_17,116.7
sweden,Temperate,wc2.1_2.5m_bio_18,168.6
sweden,Temperate,wc2.1_2.5m_bio_19,153.6
sweden,Temperate,wc2.1_2.5m_bio_2,6.968966722488403
sweden,Temperate,wc2.1_2.5m_bio_3,28.545736503601074
sweden,Temperate,wc2.1_2.5m_bio_4,650.6200378417968
sweden,Temperate,wc2.1_2.5m_bio_5,20.944000053405762
sweden,Temperate,wc2.1_2.5m_bio_6,-3.413600039482117
sweden,Temperate,wc2.1_2.5m_bio_7,24.357600212097168
sweden,Temperate,wc2.1_2.5m_bio_8,9.00659990310669
sweden,Temperate,wc2.1_2.5m_bio_9,4.092200005054474
switzerland,Boreal,wc2.1_2.5m_bio_1,4.264833231767018
switzerland,Boreal,wc2.1_2.5m_bio_10,11.676444292068481
switzerland,Boreal,wc2.1_2.5m_bio_11,-2.36599995692571
switzerland,Boreal,wc2.1_2.5m_bio_12,1421.1666666666667
switzerland,Boreal,wc2.1_2.5m_bio_13,149.66666666666666
switzerland,Boreal,wc2.1_2.5m_bio_14,85.83333333333333
switzerland,Boreal,wc2.1_2.5m_bio_15,17.227521896362305
switzerland,Boreal,wc2.1_2.5m_bio_16,430
switzerland,Boreal,wc2.1_2.5m_bio_17,279.3333333333333
switzerland,Boreal,wc2.1_2.5m_bio_18,426.1666666666667
switzerland,Boreal,wc2.1_2.5m_bio_19,292.8333333333333
switzerland,Boreal,wc2.1_2.5m_bio_2,7.756555477778117
switzerland,Boreal,wc2.1_2.5m_bio_3,32.90899626413981
switzerland,Boreal,wc2.1_2.5m_bio_4,585.6727396647135
switzerland,Boreal,wc2.1_2.5m_bio_5,16.995999813079834
switzerland,Boreal,wc2.1_2.5m_bio_6,-6.356666723887126
switzerland,Boreal,wc2.1_2.5m_bio_7,23.3526668548584
switzerland,Boreal,wc2.1_2.5m_bio_8,9.17900005976359
switzerland,Boreal,wc2.1_2.5m_bio_9,-0.8862222035725912
switzerland,Polar,wc2.1_2.5m_bio_1,1.241291731595993
switzerland,Polar,wc2.1_2.5m_bio_10,8.679166793823242
switzerland,Polar,wc2.1_2.5m_bio_11,-5.524833261966705
switzerland,Polar,wc2.1_2.5m_bio_12,1118.25
switzerland,Polar,wc2.1_2.5m_bio_13,121
switzerland,Polar,wc2.1_2.5m_bio_14,69.75
switzerland,Polar,wc2.1_2.5m_bio_15,18.26159632205963
switzerland,Polar,wc2.1_2.5m_bio_16,354
switzerland,Polar,wc2.1_2.5m_bio_17,225.25
switzerland,Polar,wc2.1_2.5m_bio_18,344.75
switzerland,Polar,wc2.1_2.5m_bio_19,232.25
switzerland,Polar,wc2.1_2.5m_bio_2,7.538583397865295
switzerland,Polar,wc2.1_2.5m_bio_3,31.792518138885498
switzerland,Polar,wc2.1_2.5m_bio_4,592.8984680175781
switzerland,Polar,wc2.1_2.5m_bio_5,13.89900016784668
switzerland,Polar,wc2.1_2.5m_bio_6,-9.600000023841858
switzerland,Polar,wc2.1_2.5m_bio_7,23.499000549316406
switzerland,Polar,wc2.1_2.5m_bio_8,6.055500149726868
switzerland,Polar,wc2.1_2.5m_bio_9,-1.9234999418258667
switzerland,Temperate,wc2.1_2.5m_bio_1,8.42064278466361
switzerland,Temperate,wc2.1_2.5m_bio_10,16.435238156999862
switzerland,Temperate,wc2.1_2.5m_bio_11,0.6968571330819812
switzerland,Temperate,wc2.1_2.5m_bio_12,1205.2857142857142
switzerland,Temperate,wc2.1_2.5m_bio_13,127.71428571428571
switzerland,Temperate,wc2.1_2.5m_bio_14,78
switzerland,Temperate,wc2.1_2.5m_bio_15,15.398498126438685
switzerland,Temperate,wc2.1_2.5m_bio_16,364
switzerland,Temperate,wc2.1_2.5m_bio_17,250.85714285714286
switzerland,Temperate,wc2.1_2.5m_bio_18,357.57142857142856
switzerland,Temperate,wc2.1_2.5m_bio_19,274.42857142857144
switzerland,Temperate,wc2.1_2.5m_bio_2,8.511666434151786
switzerland,Temperate,wc2.1_2.5m_bio_3,33.172591073172434
switzerland,Temperate,wc2.1_2.5m_bio_4,643.6429879324777
switzerland,Temperate,wc2.1_2.5m_bio_5,22.653714316231863
switzerland,Temperate,wc2.1_2.5m_bio_6,-2.9874285800116405
switzerland,Temperate,wc2.1_2.5m_bio_7,25.641142981392996
switzerland,Temperate,wc2.1_2.5m_bio_8,14.78504753112793
switzerland,Temperate,wc2.1_2.5m_bio_9,3.264571343149458
syria,Arid,wc2.1_2.5m_bio_1,18.120989142871295
syria,Arid,wc2.1_2.5m_bio_10,28.53749725466869
syria,Arid,wc2.1_2.5m_bio_11,7.235704914468234
syria,Arid,wc2.1_2.5m_bio_12,190.29508196721312
syria,Arid,wc2.1_2.5m_bio_13,35.49180327868852
syria,Arid,wc2.1_2.5m_bio_14,0.04918032786885246
syria,Arid,wc2.1_2.5m_bio_15,80.03200656077901
syria,Arid,wc2.1_2.5m_bio_16,96.60655737704919
syria,Arid,wc2.1_2.5m_bio_17,0.8360655737704918
syria,Arid,wc2.1_2.5m_bio_18,1.0655737704918034
syria,Arid,wc2.1_2.5m_bio_19,94.81967213114754
syria,Arid,wc2.1_2.5m_bio_2,14.118677655204397
syria,Arid,wc2.1_2.5m_bio_3,38.6713014196177
syria,Arid,wc2.1_2.5m_bio_4,873.0293599113089
syria,Arid,wc2.1_2.5m_bio_5,37.711934543046794
syria,Arid,wc2.1_2.5m_bio_6,1.1018360668762786
syria,Arid,wc2.1_2.5m_bio_7,36.610098666832094
syria,Arid,wc2.1_2.5m_bio_8,8.158338773446005
syria,Arid,wc2.1_2.5m_bio_9,28.426743179071146
syria,Temperate,wc2.1_2.5m_bio_1,17.18179178237915
syria,Temperate,wc2.1_2.5m_bio_10,26.87738911310832
syria,Temperate,wc2.1_2.5m_bio_11,7.014777779579163
syria,Temperate,wc2.1_2.5m_bio_12,583.1666666666666
syria,Temperate,wc2.1_2.5m_bio_13,117.16666666666667
syria,Temperate,wc2.1_2.5m_bio_14,0.5833333333333334
syria,Temperate,wc2.1_2.5m_bio_15,88.0658613840739
syria,Temperate,wc2.1_2.5m_bio_16,319.8333333333333
syria,Temperate,wc2.1_2.5m_bio_17,5.583333333333333
syria,Temperate,wc2.1_2.5m_bio_18,7
syria,Temperate,wc2.1_2.5m_bio_19,319.8333333333333
syria,Temperate,wc2.1_2.5m_bio_2,12.300361076990763
syria,Temperate,wc2.1_2.5m_bio_3,36.7378953297933
syria,Temperate,wc2.1_2.5m_bio_4,818.5097910563151
syria,Temperate,wc2.1_2.5m_bio_5,35.25066630045573
syria,Temperate,wc2.1_2.5m_bio_6,1.7253333354989688
syria,Temperate,wc2.1_2.5m_bio_7,33.5253332455953
syria,Temperate,wc2.1_2.5m_bio_8,7.014777779579163
syria,Temperate,wc2.1_2.5m_bio_9,26.76883347829183
taiwan,Equatorial,wc2.1_2.5m_bio_1,23.301867485046387
taiwan,Equatorial,wc2.1_2.5m_bio_10,26.954625129699707
taiwan,Equatorial,wc2.1_2.5m_bio_11,18.507222175598145
taiwan,Equatorial,wc2.1_2.5m_bio_12,2519
taiwan,Equatorial,wc2.1_2.5m_bio_13,603
taiwan,Equatorial,wc2.1_2.5m_bio_14,23
taiwan,Equatorial,wc2.1_2.5m_bio_15,103.39307403564453
taiwan,Equatorial,wc2.1_2.5m_bio_16,1579.5
taiwan,Equatorial,wc2.1_2.5m_bio_17,84
taiwan,Equatorial,wc2.1_2.5m_bio_18,1579.5
taiwan,Equatorial,wc2.1_2.5m_bio_19,92
taiwan,Equatorial,wc2.1_2.5m_bio_2,5.926903009414673
taiwan,Equatorial,wc2.1_2.5m_bio_3,38.043922424316406
taiwan,Equatorial,wc2.1_2.5m_bio_4,347.86231994628906
taiwan,Equatorial,wc2.1_2.5m_bio_5,30.11224937438965
taiwan,Equatorial,wc2.1_2.5m_bio_6,14.571333408355713
taiwan,Equatorial,wc2.1_2.5m_bio_7,15.540915966033936
taiwan,Equatorial,wc2.1_2.5m_bio_8,26.954625129699707
taiwan,Equatorial,wc2.1_2.5m_bio_9,19.65066623687744
taiwan,Temperate,wc2.1_2.5m_bio_1,18.75257570093328
taiwan,Temperate,wc2.1_2.5m_bio_10,23.09903049468994
taiwan,Temperate,wc2.1_2.5m_bio_11,13.523272687738592
taiwan,Temperate,wc2.1_2.5m_bio_12,2580.4545454545455
taiwan,Temperate,wc2.1_2.5m_bio_13,468.1818181818182
taiwan,Temperate,wc2.1_2.5m_bio_14,51.36363636363637
taiwan,Temperate,wc2.1_2.5m_bio_15,73.20245517383923
taiwan,Temperate,wc2.1_2.5m_bio_16,1259.5454545454545
taiwan,Temperate,wc2.1_2.5m_bio_17,179.1818181818182
taiwan,Temperate,wc2.1_2.5m_bio_18,1230.8181818181818
taiwan,Temperate,wc2.1_2.5m_bio_19,221.72727272727272
taiwan,Temperate,wc2.1_2.5m_bio_2,6.134121071208607
taiwan,Temperate,wc2.1_2.5m_bio_3,36.11965907703746
taiwan,Temperate,wc2.1_2.5m_bio_4,392.63669378107244
taiwan,Temperate,wc2.1_2.5m_bio_5,26.61490925875577
taiwan,Temperate,wc2.1_2.5m_bio_6,9.575272809375416
taiwan,Temperate,wc2.1_2.5m_bio_7,17.039636438543145
taiwan,Temperate,wc2.1_2.5m_bio_8,22.85642450506037
taiwan,Temperate,wc2.1_2.5m_bio_9,15.057151490991766
tajikistan,Arid,wc2.1_2.5m_bio_1,9.879458393435925
tajikistan,Arid,wc2.1_2.5m_bio_10,21.66716694831848
tajikistan,Arid,wc2.1_2.5m_bio_11,-2.217458315193653
tajikistan,Arid,wc2.1_2.5m_bio_12,329.3125
tajikistan,Arid,wc2.1_2.5m_bio_13,66.4375
tajikistan,Arid,wc2.1_2.5m_bio_14,2.0625
tajikistan,Arid,wc2.1_2.5m_bio_15,70.7492880821228
tajikistan,Arid,wc2.1_2.5m_bio_16,168.375
tajikistan,Arid,wc2.1_2.5m_bio_17,11.125
tajikistan,Arid,wc2.1_2.5m_bio_18,22.5
tajikistan,Arid,wc2.1_2.5m_bio_19,104.625
tajikistan,Arid,wc2.1_2.5m_bio_2,12.492624968290329
tajikistan,Arid,wc2.1_2.5m_bio_3,32.09058368206024
tajikistan,Arid,wc2.1_2.5m_bio_4,965.3471946716309
tajikistan,Arid,wc2.1_2.5m_bio_5,30.62250006198883
tajikistan,Arid,wc2.1_2.5m_bio_6,-8.129000067710876
tajikistan,Arid,wc2.1_2.5m_bio_7,38.75150001049042
tajikistan,Arid,wc2.1_2.5m_bio_8,8.027250081300735
tajikistan,Arid,wc2.1_2.5m_bio_9,15.114124953746796
tajikistan,Boreal,wc2.1_2.5m_bio_1,5.893791635831197
tajikistan,Boreal,wc2.1_2.5m_bio_10,16.701722184816997
tajikistan,Boreal,wc2.1_2.5m_bio_11,-4.941222257912159
tajikistan,Boreal,wc2.1_2.5m_bio_12,632.5833333333334
tajikistan,Boreal,wc2.1_2.5m_bio_13,106.16666666666667
tajikistan,Boreal,wc2.1_2.5m_bio_14,9
tajikistan,Boreal,wc2.1_2.5m_bio_15,59.694868405659996
tajikistan,Boreal,wc2.1_2.5m_bio_16,292.5833333333333
tajikistan,Boreal,wc2.1_2.5m_bio_17,42.833333333333336
tajikistan,Boreal,wc2.1_2.5m_bio_18,65
tajikistan,Boreal,wc2.1_2.5m_bio_19,183.41666666666666
tajikistan,Boreal,wc2.1_2.5m_bio_2,9.538527806599935
tajikistan,Boreal,wc2.1_2.5m_bio_3,28.047178268432617
tajikistan,Boreal,wc2.1_2.5m_bio_4,884.7754720052084
tajikistan,Boreal,wc2.1_2.5m_bio_5,24.05800000826518
tajikistan,Boreal,wc2.1_2.5m_bio_6,-9.627666791280111
tajikistan,Boreal,wc2.1_2.5m_bio_7,33.68566687901815
tajikistan,Boreal,wc2.1_2.5m_bio_8,4.8655001521110535
tajikistan,Boreal,wc2.1_2.5m_bio_9,14.833111008008322
tajikistan,Polar,wc2.1_2.5m_bio_1,-2.5989506481974214
tajikistan,Polar,wc2.1_2.5m_bio_10,8.623925950792101
tajikistan,Polar,wc2.1_2.5m_bio_11,-14.113358056103742
tajikistan,Polar,wc2.1_2.5m_bio_12,464.44444444444446
tajikistan,Polar,wc2.1_2.5m_bio_13,67.07407407407408
tajikistan,Polar,wc2.1_2.5m_bio_14,12.296296296296296
tajikistan,Polar,wc2.1_2.5m_bio_15,45.05265871683756
tajikistan,Polar,wc2.1_2.5m_bio_16,189
tajikistan,Polar,wc2.1_2.5m_bio_17,51.851851851851855
tajikistan,Polar,wc2.1_2.5m_bio_18,60.48148148148148
tajikistan,Polar,wc2.1_2.5m_bio_19,125.22222222222223
tajikistan,Polar,wc2.1_2.5m_bio_2,11.354444468462908
tajikistan,Polar,wc2.1_2.5m_bio_3,30.29822893495913
tajikistan,Polar,wc2.1_2.5m_bio_4,944.5405680338541
tajikistan,Polar,wc2.1_2.5m_bio_5,16.816000055383753
tajikistan,Polar,wc2.1_2.5m_bio_6,-20.570666595741553
tajikistan,Polar,wc2.1_2.5m_bio_7,37.3866668983742
tajikistan,Polar,wc2.1_2.5m_bio_8,-3.9326914093560643
tajikistan,Polar,wc2.1_2.5m_bio_9,7.041506210962932
tajikistan,Temperate,wc2.1_2.5m_bio_1,14.809999465942383
tajikistan,Temperate,wc2.1_2.5m_bio_10,26.643333435058594
tajikistan,Temperate,wc2.1_2.5m_bio_11,2.6123334169387817
tajikistan,Temperate,wc2.1_2.5m_bio_12,657
tajikistan,Temperate,wc2.1_2.5m_bio_13,136
tajikistan,Temperate,wc2.1_2.5m_bio_14,2
tajikistan,Temperate,wc2.1_2.5m_bio_15,85.26543045043945
tajikistan,Temperate,wc2.1_2.5m_bio_16,345.5
tajikistan,Temperate,wc2.1_2.5m_bio_17,12
tajikistan,Temperate,wc2.1_2.5m_bio_18,19.5
tajikistan,Temperate,wc2.1_2.5m_bio_19,227.5
tajikistan,Temperate,wc2.1_2.5m_bio_2,12.538000106811523
tajikistan,Temperate,wc2.1_2.5m_bio_3,32.15279769897461
tajikistan,Temperate,wc2.1_2.5m_bio_4,961.9886779785156
tajikistan,Temperate,wc2.1_2.5m_bio_5,35.70800018310547
tajikistan,Temperate,wc2.1_2.5m_bio_6,-3.197999954223633
tajikistan,Temperate,wc2.1_2.5m_bio_7,38.9060001373291
tajikistan,Temperate,wc2.1_2.5m_bio_8,9.141666650772095
tajikistan,Temperate,wc2.1_2.5m_bio_9,25.30666732788086
tanzania,Arid,wc2.1_2.5m_bio_1,21.74736796684985
tanzania,Arid,wc2.1_2.5m_bio_10,23.303396260963297
tanzania,Arid,wc2.1_2.5m_bio_11,19.585698109752727
tanzania,Arid,wc2.1_2.5m_bio_12,625.188679245283
tanzania,Arid,wc2.1_2.5m_bio_13,131.49056603773585
tanzania,Arid,wc2.1_2.5m_bio_14,2.0754716981132075
tanzania,Arid,wc2.1_2.5m_bio_15,96.53903594106998
tanzania,Arid,wc2.1_2.5m_bio_16,343.2830188679245
tanzania,Arid,wc2.1_2.5m_bio_17,8
tanzania,Arid,wc2.1_2.5m_bio_18,233.41509433962264
tanzania,Arid,wc2.1_2.5m_bio_19,9.622641509433961
tanzania,Arid,wc2.1_2.5m_bio_2,11.467213756633255
tanzania,Arid,wc2.1_2.5m_bio_3,69.38575917369914
tanzania,Arid,wc2.1_2.5m_bio_4,153.45183332911077
tanzania,Arid,wc2.1_2.5m_bio_5,29.79667915488189
tanzania,Arid,wc2.1_2.5m_bio_6,13.266188693496415
tanzania,Arid,wc2.1_2.5m_bio_7,16.53049044339162
tanzania,Arid,wc2.1_2.5m_bio_8,22.786151022281288
tanzania,Arid,wc2.1_2.5m_bio_9,19.715861626391142
tanzania,Equatorial,wc2.1_2.5m_bio_1,22.947490875377405
tanzania,Equatorial,wc2.1_2.5m_bio_10,24.302775158111707
tanzania,Equatorial,wc2.1_2.5m_bio_11,21.296936851401515
tanzania,Equatorial,wc2.1_2.5m_bio_12,1034.4454148471616
tanzania,Equatorial,wc2.1_2.5m_bio_13,206.89082969432314
tanzania,Equatorial,wc2.1_2.5m_bio_14,6.436681222707423
tanzania,Equatorial,wc2.1_2.5m_bio_15,87.84264850200003
tanzania,Equatorial,wc2.1_2.5m_bio_16,531.6768558951965
tanzania,Equatorial,wc2.1_2.5m_bio_17,26.74235807860262
tanzania,Equatorial,wc2.1_2.5m_bio_18,282.68122270742356
tanzania,Equatorial,wc2.1_2.5m_bio_19,39.68995633187773
tanzania,Equatorial,wc2.1_2.5m_bio_2,10.254891035338156
tanzania,Equatorial,wc2.1_2.5m_bio_3,68.51787745379985
tanzania,Equatorial,wc2.1_2.5m_bio_4,124.20247973312978
tanzania,Equatorial,wc2.1_2.5m_bio_5,30.062036214437025
tanzania,Equatorial,wc2.1_2.5m_bio_6,15.044549671323018
tanzania,Equatorial,wc2.1_2.5m_bio_7,15.017486547278525
tanzania,Equatorial,wc2.1_2.5m_bio_8,23.501258571075038
tanzania,Equatorial,wc2.1_2.5m_bio_9,21.41751668755144
tanzania,Temperate,wc2.1_2.5m_bio_1,18.76726420720418
tanzania,Temperate,wc2.1_2.5m_bio_10,20.394694288571674
tanzania,Temperate,wc2.1_2.5m_bio_11,16.467416683832806
tanzania,Temperate,wc2.1_2.5m_bio_12,1067
tanzania,Temperate,wc2.1_2.5m_bio_13,224.20833333333334
tanzania,Temperate,wc2.1_2.5m_bio_14,1.9166666666666667
tanzania,Temperate,wc2.1_2.5m_bio_15,100.46250184377034
tanzania,Temperate,wc2.1_2.5m_bio_16,600.9583333333334
tanzania,Temperate,wc2.1_2.5m_bio_17,10.125
tanzania,Temperate,wc2.1_2.5m_bio_18,336.375
tanzania,Temperate,wc2.1_2.5m_bio_19,13.916666666666666
tanzania,Temperate,wc2.1_2.5m_bio_2,11.197861075401306
tanzania,Temperate,wc2.1_2.5m_bio_3,65.79458856582642
tanzania,Temperate,wc2.1_2.5m_bio_4,162.74187024434408
tanzania,Temperate,wc2.1_2.5m_bio_5,26.88383348782857
tanzania,Temperate,wc2.1_2.5m_bio_6,9.880500117937723
tanzania,Temperate,wc2.1_2.5m_bio_7,17.003333290417988
tanzania,Temperate,wc2.1_2.5m_bio_8,19.705472191174824
tanzania,Temperate,wc2.1_2.5m_bio_9,16.697388887405396
thailand,Equatorial,wc2.1_2.5m_bio_1,26.14720120733184
thailand,Equatorial,wc2.1_2.5m_bio_10,28.226405171300634
thailand,Equatorial,wc2.1_2.5m_bio_11,23.491262623340408
thailand,Equatorial,wc2.1_2.5m_bio_12,1409.1329479768785
thailand,Equatorial,wc2.1_2.5m_bio_13,274.6820809248555
thailand,Equatorial,wc2.1_2.5m_bio_14,7.780346820809249
thailand,Equatorial,wc2.1_2.5m_bio_15,81.79236265414023
thailand,Equatorial,wc2.1_2.5m_bio_16,708.0520231213873
thailand,Equatorial,wc2.1_2.5m_bio_17,40.676300578034684
thailand,Equatorial,wc2.1_2.5m_bio_18,367.73988439306356
thailand,Equatorial,wc2.1_2.5m_bio_19,113.71676300578035
thailand,Equatorial,wc2.1_2.5m_bio_2,10.293172982386771
thailand,Equatorial,wc2.1_2.5m_bio_3,58.13020845093479
thailand,Equatorial,wc2.1_2.5m_bio_4,191.8080828231194
thailand,Equatorial,wc2.1_2.5m_bio_5,34.66746197959591
thailand,Equatorial,wc2.1_2.5m_bio_6,16.55913953284997
thailand,Equatorial,wc2.1_2.5m_bio_7,18.10832243020824
thailand,Equatorial,wc2.1_2.5m_bio_8,26.61686374686357
thailand,Equatorial,wc2.1_2.5m_bio_9,23.815061183334088
the_bahamas,Equatorial,wc2.1_2.5m_bio_1,25.368229548136394
the_bahamas,Equatorial,wc2.1_2.5m_bio_10,28.210222244262695
the_bahamas,Equatorial,wc2.1_2.5m_bio_11,22.280712763468426
the_bahamas,Equatorial,wc2.1_2.5m_bio_12,1063.6666666666667
the_bahamas,Equatorial,wc2.1_2.5m_bio_13,174.66666666666666
the_bahamas,Equatorial,wc2.1_2.5m_bio_14,31
the_bahamas,Equatorial,wc2.1_2.5m_bio_15,54.528769175211586
the_bahamas,Equatorial,wc2.1_2.5m_bio_16,420.3333333333333
the_bahamas,Equatorial,wc2.1_2.5m_bio_17,116.33333333333333
the_bahamas,Equatorial,wc2.1_2.5m_bio_18,348.6666666666667
the_bahamas,Equatorial,wc2.1_2.5m_bio_19,139.66666666666666
the_bahamas,Equatorial,wc2.1_2.5m_bio_2,7.384125232696533
the_bahamas,Equatorial,wc2.1_2.5m_bio_3,51.01191965738932
the_bahamas,Equatorial,wc2.1_2.5m_bio_4,244.02748107910156
the_bahamas,Equatorial,wc2.1_2.5m_bio_5,32.21483357747396
the_bahamas,Equatorial,wc2.1_2.5m_bio_6,17.781999588012695
the_bahamas,Equatorial,wc2.1_2.5m_bio_7,14.432833989461264
the_bahamas,Equatorial,wc2.1_2.5m_bio_8,27.23091697692871
the_bahamas,Equatorial,wc2.1_2.5m_bio_9,22.78387959798177
togo,Equatorial,wc2.1_2.5m_bio_1,26.54636107550727
togo,Equatorial,wc2.1_2.5m_bio_10,28.522148026360405
togo,Equatorial,wc2.1_2.5m_bio_11,24.666555616590713
togo,Equatorial,wc2.1_2.5m_bio_12,1216.1666666666667
togo,Equatorial,wc2.1_2.5m_bio_13,223.22222222222223
togo,Equatorial,wc2.1_2.5m_bio_14,7.666666666666667
togo,Equatorial,wc2.1_2.5m_bio_15,78.01767094930013
togo,Equatorial,wc2.1_2.5m_bio_16,602.8888888888889
togo,Equatorial,wc2.1_2.5m_bio_17,37.5
togo,Equatorial,wc2.1_2.5m_bio_18,195.94444444444446
togo,Equatorial,wc2.1_2.5m_bio_19,572.3888888888889
togo,Equatorial,wc2.1_2.5m_bio_2,10.495833423402575
togo,Equatorial,wc2.1_2.5m_bio_3,68.80400064256456
togo,Equatorial,wc2.1_2.5m_bio_4,151.6807043287489
togo,Equatorial,wc2.1_2.5m_bio_5,35.15022246042887
togo,Equatorial,wc2.1_2.5m_bio_6,19.76799964904785
togo,Equatorial,wc2.1_2.5m_bio_7,15.382222811381022
togo,Equatorial,wc2.1_2.5m_bio_8,25.041592491997612
togo,Equatorial,wc2.1_2.5m_bio_9,26.973888927035862
trinidad_and_tobago,Equatorial,wc2.1_2.5m_bio_1,24.94158363342285
trinidad_and_tobago,Equatorial,wc2.1_2.5m_bio_10,25.463333129882812
trinidad_and_tobago,Equatorial,wc2.1_2.5m_bio_11,24.071999549865723
trinidad_and_tobago,Equatorial,wc2.1_2.5m_bio_12,2027
trinidad_and_tobago,Equatorial,wc2.1_2.5m_bio_13,257
trinidad_and_tobago,Equatorial,wc2.1_2.5m_bio_14,66.5
trinidad_and_tobago,Equatorial,wc2.1_2.5m_bio_15,41.255056381225586
trinidad_and_tobago,Equatorial,wc2.1_2.5m_bio_16,716
trinidad_and_tobago,Equatorial,wc2.1_2.5m_bio_17,224
trinidad_and_tobago,Equatorial,wc2.1_2.5m_bio_18,649
trinidad_and_tobago,Equatorial,wc2.1_2.5m_bio_19,396
trinidad_and_tobago,Equatorial,wc2.1_2.5m_bio_2,7.49049973487854
trinidad_and_tobago,Equatorial,wc2.1_2.5m_bio_3,79.31831741333008
trinidad_and_tobago,Equatorial,wc2.1_2.5m_bio_4,61.392141342163086
trinidad_and_tobago,Equatorial,wc2.1_2.5m_bio_5,29.43400001525879
trinidad_and_tobago,Equatorial,wc2.1_2.5m_bio_6,19.99000072479248
trinidad_and_tobago,Equatorial,wc2.1_2.5m_bio_7,9.443999290466309
trinidad_and_tobago,Equatorial,wc2.1_2.5m_bio_8,25.06166648864746
trinidad_and_tobago,Equatorial,wc2.1_2.5m_bio_9,24.533000946044922
tunisia,Arid,wc2.1_2.5m_bio_1,20.155895493247293
tunisia,Arid,wc2.1_2.5m_bio_10,28.96529024297541
tunisia,Arid,wc2.1_2.5m_bio_11,11.544960637526078
tunisia,Arid,wc2.1_2.5m_bio_12,193.27272727272728
tunisia,Arid,wc2.1_2.5m_bio_13,28.654545454545456
tunisia,Arid,wc2.1_2.5m_bio_14,1.7818181818181817
tunisia,Arid,wc2.1_2.5m_bio_15,54.50333168723366
tunisia,Arid,wc2.1_2.5m_bio_16,74.07272727272728
tunisia,Arid,wc2.1_2.5m_bio_17,12.89090909090909
tunisia,Arid,wc2.1_2.5m_bio_18,18.818181818181817
tunisia,Arid,wc2.1_2.5m_bio_19,66.34545454545454
tunisia,Arid,wc2.1_2.5m_bio_2,12.437158593264494
tunisia,Arid,wc2.1_2.5m_bio_3,38.96141232577237
tunisia,Arid,wc2.1_2.5m_bio_4,712.1233309659091
tunisia,Arid,wc2.1_2.5m_bio_5,37.1013784235174
tunisia,Arid,wc2.1_2.5m_bio_6,5.228754568099975
tunisia,Arid,wc2.1_2.5m_bio_7,31.872623963789508
tunisia,Arid,wc2.1_2.5m_bio_8,14.23335605101152
tunisia,Arid,wc2.1_2.5m_bio_9,28.87572812167081
tunisia,Temperate,wc2.1_2.5m_bio_1,17.668124834696453
tunisia,Temperate,wc2.1_2.5m_bio_10,25.421250343322754
tunisia,Temperate,wc2.1_2.5m_bio_11,10.801888783772787
tunisia,Temperate,wc2.1_2.5m_bio_12,648
tunisia,Temperate,wc2.1_2.5m_bio_13,97.66666666666667
tunisia,Temperate,wc2.1_2.5m_bio_14,5.166666666666667
tunisia,Temperate,wc2.1_2.5m_bio_15,59.94553248087565
tunisia,Temperate,wc2.1_2.5m_bio_16,276
tunisia,Temperate,wc2.1_2.5m_bio_17,28.166666666666668
tunisia,Temperate,wc2.1_2.5m_bio_18,48.5
tunisia,Temperate,wc2.1_2.5m_bio_19,272.6666666666667
tunisia,Temperate,wc2.1_2.5m_bio_2,10.594500223795572
tunisia,Temperate,wc2.1_2.5m_bio_3,39.244516372680664
tunisia,Temperate,wc2.1_2.5m_bio_4,608.08892822265625
tunisia,Temperate,wc2.1_2.5m_bio_5,32.84466711680094
tunisia,Temperate,wc2.1_2.5m_bio_6,5.920666495958964
tunisia,Temperate,wc2.1_2.5m_bio_7,26.92400074005127
tunisia,Temperate,wc2.1_2.5m_bio_8,11.49222215016683
tunisia,Temperate,wc2.1_2.5m_bio_9,25.214721997578938
turkey,Arid,wc2.1_2.5m_bio_1,10.343574495876537
turkey,Arid,wc2.1_2.5m_bio_10,19.968776399949018
turkey,Arid,wc2.1_2.5m_bio_11,0.29887844232075356
turkey,Arid,wc2.1_2.5m_bio_12,444.0352941176471
turkey,Arid,wc2.1_2.5m_bio_13,60.71764705882353
turkey,Arid,wc2.1_2.5m_bio_14,8.811764705882354
turkey,Arid,wc2.1_2.5m_bio_15,47.36137266720043
turkey,Arid,wc2.1_2.5m_bio_16,163.2941176470588
turkey,Arid,wc2.1_2.5m_bio_17,35.129411764705885
turkey,Arid,wc2.1_2.5m_bio_18,53.51764705882353
turkey,Arid,wc2.1_2.5m_bio_19,148.54117647058823
turkey,Arid,wc2.1_2.5m_bio_2,12.196615673513973
turkey,Arid,wc2.1_2.5m_bio_3,35.96582513697007
turkey,Arid,wc2.1_2.5m_bio_4,800.4035285500919
turkey,Arid,wc2.1_2.5m_bio_5,28.858305942311006
turkey,Arid,wc2.1_2.5m_bio_6,-5.056141164723565
turkey,Arid,wc2.1_2.5m_bio_7,33.91444724587833
turkey,Arid,wc2.1_2.5m_bio_8,6.479976465596872
turkey,Arid,wc2.1_2.5m_bio_9,19.70723918466007
turkey,Boreal,wc2.1_2.5m_bio_1,7.870719784292682
turkey,Boreal,wc2.1_2.5m_bio_10,18.267235583272473
turkey,Boreal,wc2.1_2.5m_bio_11,-2.9967758688144386
turkey,Boreal,wc2.1_2.5m_bio_12,628.6034482758621
turkey,Boreal,wc2.1_2.5m_bio_13,89.60344827586206
turkey,Boreal,wc2.1_2.5m_bio_14,16.646551724137932
turkey,Boreal,wc2.1_2.5m_bio_15,47.16797065734863
turkey,Boreal,wc2.1_2.5m_bio_16,239.05172413793105
turkey,Boreal,wc2.1_2.5m_bio_17,58.48275862068966
turkey,Boreal,wc2.1_2.5m_bio_18,69.62068965517241
turkey,Boreal,wc2.1_2.5m_bio_19,190.19827586206895
turkey,Boreal,wc2.1_2.5m_bio_2,11.002209745604416
turkey,Boreal,wc2.1_2.5m_bio_3,31.64952827322072
turkey,Boreal,wc2.1_2.5m_bio_4,871.1609218202789
turkey,Boreal,wc2.1_2.5m_bio_5,26.79482759278396
turkey,Boreal,wc2.1_2.5m_bio_6,-8.189724109809974
turkey,Boreal,wc2.1_2.5m_bio_7,34.98455165994579
turkey,Boreal,wc2.1_2.5m_bio_8,5.569563206485954
turkey,Boreal,wc2.1_2.5m_bio_9,16.536408037974915
turkey,Temperate,wc2.1_2.5m_bio_1,14.182340470755973
turkey,Temperate,wc2.1_2.5m_bio_10,23.546292328253024
turkey,Temperate,wc2.1_2.5m_bio_11,5.085483094541038
turkey,Temperate,wc2.1_2.5m_bio_12,659.1544715447154
turkey,Temperate,wc2.1_2.5m_bio_13,111.99186991869918
turkey,Temperate,wc2.1_2.5m_bio_14,11.325203252032521
turkey,Temperate,wc2.1_2.5m_bio_15,62.60675678408243
turkey,Temperate,wc2.1_2.5m_bio_16,298.3252032520325
turkey,Temperate,wc2.1_2.5m_bio_17,43.54471544715447
turkey,Temperate,wc2.1_2.5m_bio_18,48.853658536585364
turkey,Temperate,wc2.1_2.5m_bio_19,291.8130081300813
turkey,Temperate,wc2.1_2.5m_bio_2,11.015272442887468
turkey,Temperate,wc2.1_2.5m_bio_3,35.4001634799368
turkey,Temperate,wc2.1_2.5m_bio_4,758.1869189254637
turkey,Temperate,wc2.1_2.5m_bio_5,31.333514314356858
turkey,Temperate,wc2.1_2.5m_bio_6,0.19404220101007116
turkey,Temperate,wc2.1_2.5m_bio_7,31.139472232601506
turkey,Temperate,wc2.1_2.5m_bio_8,5.982162090820995
turkey,Temperate,wc2.1_2.5m_bio_9,23.365370804701396
turkish_republic_of_northern_cyprus,Arid,wc2.1_2.5m_bio_1,19.551332473754883
turkish_republic_of_northern_cyprus,Arid,wc2.1_2.5m_bio_10,27.81999969482422
turkish_republic_of_northern_cyprus,Arid,wc2.1_2.5m_bio_11,11.703332901000977
turkish_republic_of_northern_cyprus,Arid,wc2.1_2.5m_bio_12,392
turkish_republic_of_northern_cyprus,Arid,wc2.1_2.5m_bio_13,96
turkish_republic_of_northern_cyprus,Arid,wc2.1_2.5m_bio_14,1
turkish_republic_of_northern_cyprus,Arid,wc2.1_2.5m_bio_15,90.61139678955078
turkish_republic_of_northern_cyprus,Arid,wc2.1_2.5m_bio_16,220
turkish_republic_of_northern_cyprus,Arid,wc2.1_2.5m_bio_17,8
turkish_republic_of_northern_cyprus,Arid,wc2.1_2.5m_bio_18,9
turkish_republic_of_northern_cyprus,Arid,wc2.1_2.5m_bio_19,220
turkish_republic_of_northern_cyprus,Arid,wc2.1_2.5m_bio_2,12.739999771118164
turkish_republic_of_northern_cyprus,Arid,wc2.1_2.5m_bio_3,42.05730438232422
turkish_republic_of_northern_cyprus,Arid,wc2.1_2.5m_bio_4,671.43670654296875
turkish_republic_of_northern_cyprus,Arid,wc2.1_2.5m_bio_5,35.94000244140625
turkish_republic_of_northern_cyprus,Arid,wc2.1_2.5m_bio_6,5.6479997634887695
turkish_republic_of_northern_cyprus,Arid,wc2.1_2.5m_bio_7,30.292003631591797
turkish_republic_of_northern_cyprus,Arid,wc2.1_2.5m_bio_8,11.703332901000977
turkish_republic_of_northern_cyprus,Arid,wc2.1_2.5m_bio_9,27.6299991607666
turkish_republic_of_northern_cyprus,Temperate,wc2.1_2.5m_bio_1,19.50983238220215
turkish_republic_of_northern_cyprus,Temperate,wc2.1_2.5m_bio_10,28.461334228515625
turkish_republic_of_northern_cyprus,Temperate,wc2.1_2.5m_bio_11,11.153999328613281
turkish_republic_of_northern_cyprus,Temperate,wc2.1_2.5m_bio_12,365
turkish_republic_of_northern_cyprus,Temperate,wc2.1_2.5m_bio_13,75
turkish_republic_of_northern_cyprus,Temperate,wc2.1_2.5m_bio_14,2
turkish_republic_of_northern_cyprus,Temperate,wc2.1_2.5m_bio_15,85.62982940673828
turkish_republic_of_northern_cyprus,Temperate,wc2.1_2.5m_bio_16,201
turkish_republic_of_northern_cyprus,Temperate,wc2.1_2.5m_bio_17,9
turkish_republic_of_northern_cyprus,Temperate,wc2.1_2.5m_bio_18,10
turkish_republic_of_northern_cyprus,Temperate,wc2.1_2.5m_bio_19,175
turkish_republic_of_northern_cyprus,Temperate,wc2.1_2.5m_bio_2,12.803667068481445
turkish_republic_of_northern_cyprus,Temperate,wc2.1_2.5m_bio_3,40.553863525390625
turkish_republic_of_northern_cyprus,Temperate,wc2.1_2.5m_bio_4,719.109619140625
turkish_republic_of_northern_cyprus,Temperate,wc2.1_2.5m_bio_5,37.06800079345703
turkish_republic_of_northern_cyprus,Temperate,wc2.1_2.5m_bio_6,5.495999813079834
turkish_republic_of_northern_cyprus,Temperate,wc2.1_2.5m_bio_7,31.57200050354004
turkish_republic_of_northern_cyprus,Temperate,wc2.1_2.5m_bio_8,11.27400016784668
turkish_republic_of_northern_cyprus,Temperate,wc2.1_2.5m_bio_9,28.062667846679688
turkmenistan,Arid,wc2.1_2.5m_bio_1,15.586676187465846
turkmenistan,Arid,wc2.1_2.5m_bio_10,29.143702897383143
turkmenistan,Arid,wc2.1_2.5m_bio_11,2.233392055527611
turkmenistan,Arid,wc2.1_2.5m_bio_12,157.78756476683938
turkmenistan,Arid,wc2.1_2.5m_bio_13,29.310880829015545
turkmenistan,Arid,wc2.1_2.5m_bio_14,1.544041450777202
turkmenistan,Arid,wc2.1_2.5m_bio_15,66.49302997490285
turkmenistan,Arid,wc2.1_2.5m_bio_16,74.74611398963731
turkmenistan,Arid,wc2.1_2.5m_bio_17,6.756476683937824
turkmenistan,Arid,wc2.1_2.5m_bio_18,8.005181347150259
turkmenistan,Arid,wc2.1_2.5m_bio_19,58.90673575129534
turkmenistan,Arid,wc2.1_2.5m_bio_2,12.916575120520715
turkmenistan,Arid,wc2.1_2.5m_bio_3,30.99270338345068
turkmenistan,Arid,wc2.1_2.5m_bio_4,1089.0405516945636
turkmenistan,Arid,wc2.1_2.5m_bio_5,38.06656987679437
turkmenistan,Arid,wc2.1_2.5m_bio_6,-3.6230051796304283
turkmenistan,Arid,wc2.1_2.5m_bio_7,41.68957511625142
turkmenistan,Arid,wc2.1_2.5m_bio_8,9.851222802937958
turkmenistan,Arid,wc2.1_2.5m_bio_9,28.07765460632008
turkmenistan,Temperate,wc2.1_2.5m_bio_1,14.951916694641113
turkmenistan,Temperate,wc2.1_2.5m_bio_10,27.80466651916504
turkmenistan,Temperate,wc2.1_2.5m_bio_11,2.6519999504089355
turkmenistan,Temperate,wc2.1_2.5m_bio_12,331.5
turkmenistan,Temperate,wc2.1_2.5m_bio_13,79
turkmenistan,Temperate,wc2.1_2.5m_bio_14,0
turkmenistan,Temperate,wc2.1_2.5m_bio_15,96.34474563598633
turkmenistan,Temperate,wc2.1_2.5m_bio_16,188.5
turkmenistan,Temperate,wc2.1_2.5m_bio_17,2
turkmenistan,Temperate,wc2.1_2.5m_bio_18,2
turkmenistan,Temperate,wc2.1_2.5m_bio_19,154.5
turkmenistan,Temperate,wc2.1_2.5m_bio_2,14.961833000183105
turkmenistan,Temperate,wc2.1_2.5m_bio_3,35.45108985900879
turkmenistan,Temperate,wc2.1_2.5m_bio_4,1017.9386901855469
turkmenistan,Temperate,wc2.1_2.5m_bio_5,38.07200050354004
turkmenistan,Temperate,wc2.1_2.5m_bio_6,-4.139999866485596
turkmenistan,Temperate,wc2.1_2.5m_bio_7,42.21199989318848
turkmenistan,Temperate,wc2.1_2.5m_bio_8,3.789666771888733
turkmenistan,Temperate,wc2.1_2.5m_bio_9,27.80466651916504
uganda,Arid,wc2.1_2.5m_bio_1,22.933834075927734
uganda,Arid,wc2.1_2.5m_bio_10,23.96266746520996
uganda,Arid,wc2.1_2.5m_bio_11,21.996000289916992
uganda,Arid,wc2.1_2.5m_bio_12,610
uganda,Arid,wc2.1_2.5m_bio_13,96
uganda,Arid,wc2.1_2.5m_bio_14,9
uganda,Arid,wc2.1_2.5m_bio_15,56.39631652832031
uganda,Arid,wc2.1_2.5m_bio_16,240
uganda,Arid,wc2.1_2.5m_bio_17,51
uganda,Arid,wc2.1_2.5m_bio_18,83
uganda,Arid,wc2.1_2.5m_bio_19,224
uganda,Arid,wc2.1_2.5m_bio_2,11.986332893371582
uganda,Arid,wc2.1_2.5m_bio_3,82.641571044921875
uganda,Arid,wc2.1_2.5m_bio_4,76.8250732421875
uganda,Arid,wc2.1_2.5m_bio_5,30.75200080871582
uganda,Arid,wc2.1_2.5m_bio_6,16.248001098632812
uganda,Arid,wc2.1_2.5m_bio_7,14.503999710083008
uganda,Arid,wc2.1_2.5m_bio_8,22.181333541870117
uganda,Arid,wc2.1_2.5m_bio_9,23.566667556762695
uganda,Equatorial,wc2.1_2.5m_bio_1,22.67311108418
uganda,Equatorial,wc2.1_2.5m_bio_10,23.705367552928436
uganda,Equatorial,wc2.1_2.5m_bio_11,21.735760713234924
uganda,Equatorial,wc2.1_2.5m_bio_12,1190.0897435897436
uganda,Equatorial,wc2.1_2.5m_bio_13,174.60256410256412
uganda,Equatorial,wc2.1_2.5m_bio_14,29.73076923076923
uganda,Equatorial,wc2.1_2.5m_bio_15,48.510382432204025
uganda,Equatorial,wc2.1_2.5m_bio_16,454.29487179487177
uganda,Equatorial,wc2.1_2.5m_bio_17,123.07692307692308
uganda,Equatorial,wc2.1_2.5m_bio_18,200.60256410256412
uganda,Equatorial,wc2.1_2.5m_bio_19,314.8333333333333
uganda,Equatorial,wc2.1_2.5m_bio_2,11.098427320138002
uganda,Equatorial,wc2.1_2.5m_bio_3,80.22436650594075
uganda,Equatorial,wc2.1_2.5m_bio_4,79.48271399277907
uganda,Equatorial,wc2.1_2.5m_bio_5,30.172564090826572
uganda,Equatorial,wc2.1_2.5m_bio_6,16.211076968755478
uganda,Equatorial,wc2.1_2.5m_bio_7,13.96148713429769
uganda,Equatorial,wc2.1_2.5m_bio_8,22.232393289223694
uganda,Equatorial,wc2.1_2.5m_bio_9,23.114384504464958
uganda,Temperate,wc2.1_2.5m_bio_1,16.845333099365234
uganda,Temperate,wc2.1_2.5m_bio_10,17.476999759674072
uganda,Temperate,wc2.1_2.5m_bio_11,16.167333602905273
uganda,Temperate,wc2.1_2.5m_bio_12,1223
uganda,Temperate,wc2.1_2.5m_bio_13,171.5
uganda,Temperate,wc2.1_2.5m_bio_14,23.5
uganda,Temperate,wc2.1_2.5m_bio_15,46.95262336730957
uganda,Temperate,wc2.1_2.5m_bio_16,426
uganda,Temperate,wc2.1_2.5m_bio_17,111
uganda,Temperate,wc2.1_2.5m_bio_18,233.5
uganda,Temperate,wc2.1_2.5m_bio_19,287
uganda,Temperate,wc2.1_2.5m_bio_2,11.967666625976562
uganda,Temperate,wc2.1_2.5m_bio_3,84.7142448425293
uganda,Temperate,wc2.1_2.5m_bio_4,54.09024524688721
uganda,Temperate,wc2.1_2.5m_bio_5,24.312000274658203
uganda,Temperate,wc2.1_2.5m_bio_6,10.104000091552734
uganda,Temperate,wc2.1_2.5m_bio_7,14.20799970626831
uganda,Temperate,wc2.1_2.5m_bio_8,16.629666328430176
uganda,Temperate,wc2.1_2.5m_bio_9,17.02933359146118
ukraine,Arid,wc2.1_2.5m_bio_1,9.73062603648116
ukraine,Arid,wc2.1_2.5m_bio_10,20.907918604408824
ukraine,Arid,wc2.1_2.5m_bio_11,-1.4008455316467983
ukraine,Arid,wc2.1_2.5m_bio_12,440.8292682926829
ukraine,Arid,wc2.1_2.5m_bio_13,52.390243902439025
ukraine,Arid,wc2.1_2.5m_bio_14,25.21951219512195
ukraine,Arid,wc2.1_2.5m_bio_15,21.55675311204864
ukraine,Arid,wc2.1_2.5m_bio_16,142.09756097560975
ukraine,Arid,wc2.1_2.5m_bio_17,88.85365853658537
ukraine,Arid,wc2.1_2.5m_bio_18,137.609756097561
ukraine,Arid,wc2.1_2.5m_bio_19,102.04878048780488
ukraine,Arid,wc2.1_2.5m_bio_2,9.157463422635706
ukraine,Arid,wc2.1_2.5m_bio_3,27.63803570444991
ukraine,Arid,wc2.1_2.5m_bio_4,910.967143733327
ukraine,Arid,wc2.1_2.5m_bio_5,27.576682765309403
ukraine,Arid,wc2.1_2.5m_bio_6,-5.484195116089611
ukraine,Arid,wc2.1_2.5m_bio_7,33.06087782324814
ukraine,Arid,wc2.1_2.5m_bio_8,19.07113805631312
ukraine,Arid,wc2.1_2.5m_bio_9,2.3024552787949397
ukraine,Boreal,wc2.1_2.5m_bio_1,7.485789979376444
ukraine,Boreal,wc2.1_2.5m_bio_10,18.31287533674783
ukraine,Boreal,wc2.1_2.5m_bio_11,-3.8396287308475836
ukraine,Boreal,wc2.1_2.5m_bio_12,602.1341463414634
ukraine,Boreal,wc2.1_2.5m_bio_13,80.76422764227642
ukraine,Boreal,wc2.1_2.5m_bio_14,32.203252032520325
ukraine,Boreal,wc2.1_2.5m_bio_15,30.62710160356227
ukraine,Boreal,wc2.1_2.5m_bio_16,217.7520325203252
ukraine,Boreal,wc2.1_2.5m_bio_17,106.9349593495935
ukraine,Boreal,wc2.1_2.5m_bio_18,215.70731707317074
ukraine,Boreal,wc2.1_2.5m_bio_19,122.69918699186992
ukraine,Boreal,wc2.1_2.5m_bio_2,8.74133060036636
ukraine,Boreal,wc2.1_2.5m_bio_3,27.081475622285673
ukraine,Boreal,wc2.1_2.5m_bio_4,906.7666568911172
ukraine,Boreal,wc2.1_2.5m_bio_5,24.40530076841029
ukraine,Boreal,wc2.1_2.5m_bio_6,-7.952650446232742
ukraine,Boreal,wc2.1_2.5m_bio_7,32.3579512262732
ukraine,Boreal,wc2.1_2.5m_bio_8,17.610162610930157
ukraine,Boreal,wc2.1_2.5m_bio_9,0.03334147111338571
united_arab_emirates,Arid,wc2.1_2.5m_bio_1,27.99098661671514
united_arab_emirates,Arid,wc2.1_2.5m_bio_10,35.34953822260318
united_arab_emirates,Arid,wc2.1_2.5m_bio_11,19.57718459419582
united_arab_emirates,Arid,wc2.1_2.5m_bio_12,89.95652173913044
united_arab_emirates,Arid,wc2.1_2.5m_bio_13,27.17391304347826
united_arab_emirates,Arid,wc2.1_2.5m_bio_14,0.6521739130434783
united_arab_emirates,Arid,wc2.1_2.5m_bio_15,103.53541531770125
united_arab_emirates,Arid,wc2.1_2.5m_bio_16,60.04347826086956
united_arab_emirates,Arid,wc2.1_2.5m_bio_17,3.782608695652174
united_arab_emirates,Arid,wc2.1_2.5m_bio_18,4.782608695652174
united_arab_emirates,Arid,wc2.1_2.5m_bio_19,42.69565217391305
united_arab_emirates,Arid,wc2.1_2.5m_bio_2,13.45781890205715
united_arab_emirates,Arid,wc2.1_2.5m_bio_3,44.51908609141474
united_arab_emirates,Arid,wc2.1_2.5m_bio_4,647.5942276664402
united_arab_emirates,Arid,wc2.1_2.5m_bio_5,42.693369160527766
united_arab_emirates,Arid,wc2.1_2.5m_bio_6,12.490173878877059
united_arab_emirates,Arid,wc2.1_2.5m_bio_7,30.20319548897121
united_arab_emirates,Arid,wc2.1_2.5m_bio_8,22.99454357313073
united_arab_emirates,Arid,wc2.1_2.5m_bio_9,33.87182791336723
united_kingdom,Temperate,wc2.1_2.5m_bio_1,8.622168609590242
united_kingdom,Temperate,wc2.1_2.5m_bio_10,14.109039913524281
united_kingdom,Temperate,wc2.1_2.5m_bio_11,3.761243515055288
united_kingdom,Temperate,wc2.1_2.5m_bio_12,1101.9166666666667
united_kingdom,Temperate,wc2.1_2.5m_bio_13,123.76515151515152
united_kingdom,Temperate,wc2.1_2.5m_bio_14,61.57575757575758
united_kingdom,Temperate,wc2.1_2.5m_bio_15,21.656856760834202
united_kingdom,Temperate,wc2.1_2.5m_bio_16,356.5530303030303
united_kingdom,Temperate,wc2.1_2.5m_bio_17,198.61363636363637
united_kingdom,Temperate,wc2.1_2.5m_bio_18,227.9469696969697
united_kingdom,Temperate,wc2.1_2.5m_bio_19,319.3484848484849
united_kingdom,Temperate,wc2.1_2.5m_bio_2,6.900826208519213
united_kingdom,Temperate,wc2.1_2.5m_bio_3,37.667372587955356
united_kingdom,Temperate,wc2.1_2.5m_bio_4,429.05801553437203
united_kingdom,Temperate,wc2.1_2.5m_bio_5,19.00989669019526
united_kingdom,Temperate,wc2.1_2.5m_bio_6,0.707573838651914
united_kingdom,Temperate,wc2.1_2.5m_bio_7,18.302322886206888
united_kingdom,Temperate,wc2.1_2.5m_bio_8,5.589818558006575
united_kingdom,Temperate,wc2.1_2.5m_bio_9,9.07658141670805
united_states_virgin_islands,Equatorial,wc2.1_2.5m_bio_1,26.431499481201172
united_states_virgin_islands,Equatorial,wc2.1_2.5m_bio_10,27.82466697692871
united_states_virgin_islands,Equatorial,wc2.1_2.5m_bio_11,24.917999267578125
united_states_virgin_islands,Equatorial,wc2.1_2.5m_bio_12,1077
united_states_virgin_islands,Equatorial,wc2.1_2.5m_bio_13,147
united_states_virgin_islands,Equatorial,wc2.1_2.5m_bio_14,41
united_states_virgin_islands,Equatorial,wc2.1_2.5m_bio_15,41.222686767578125
united_states_virgin_islands,Equatorial,wc2.1_2.5m_bio_16,416
united_states_virgin_islands,Equatorial,wc2.1_2.5m_bio_17,141
united_states_virgin_islands,Equatorial,wc2.1_2.5m_bio_18,245
united_states_virgin_islands,Equatorial,wc2.1_2.5m_bio_19,201
united_states_virgin_islands,Equatorial,wc2.1_2.5m_bio_2,7.263000011444092
united_states_virgin_islands,Equatorial,wc2.1_2.5m_bio_3,69.89029693603516
united_states_virgin_islands,Equatorial,wc2.1_2.5m_bio_4,123.12106323242188
united_states_virgin_islands,Equatorial,wc2.1_2.5m_bio_5,31.440000534057617
united_states_virgin_islands,Equatorial,wc2.1_2.5m_bio_6,21.04800033569336
united_states_virgin_islands,Equatorial,wc2.1_2.5m_bio_7,10.392000198364258
united_states_virgin_islands,Equatorial,wc2.1_2.5m_bio_8,27.023334503173828
united_states_virgin_islands,Equatorial,wc2.1_2.5m_bio_9,24.937332153320312
uruguay,Temperate,wc2.1_2.5m_bio_1,17.488006453583207
uruguay,Temperate,wc2.1_2.5m_bio_10,23.192278627036274
uruguay,Temperate,wc2.1_2.5m_bio_11,11.813014541847119
uruguay,Temperate,wc2.1_2.5m_bio_12,1264.231884057971
uruguay,Temperate,wc2.1_2.5m_bio_13,128.30434782608697
uruguay,Temperate,wc2.1_2.5m_bio_14,83.82608695652173
uruguay,Temperate,wc2.1_2.5m_bio_15,12.970648226530656
uruguay,Temperate,wc2.1_2.5m_bio_16,358.2028985507246
uruguay,Temperate,wc2.1_2.5m_bio_17,271.1159420289855
uruguay,Temperate,wc2.1_2.5m_bio_18,331.4347826086956
uruguay,Temperate,wc2.1_2.5m_bio_19,286.27536231884056
uruguay,Temperate,wc2.1_2.5m_bio_2,11.319138989932295
uruguay,Temperate,wc2.1_2.5m_bio_3,46.80701794831649
uruguay,Temperate,wc2.1_2.5m_bio_4,465.9739331231601
uruguay,Temperate,wc2.1_2.5m_bio_5,30.34698312178902
uruguay,Temperate,wc2.1_2.5m_bio_6,6.196989957837091
uruguay,Temperate,wc2.1_2.5m_bio_7,24.149993233058762
uruguay,Temperate,wc2.1_2.5m_bio_8,19.125969485960145
uruguay,Temperate,wc2.1_2.5m_bio_9,15.559409030969592
uzbekistan,Arid,wc2.1_2.5m_bio_1,12.724950862068662
uzbekistan,Arid,wc2.1_2.5m_bio_10,27.19574185189484
uzbekistan,Arid,wc2.1_2.5m_bio_11,-1.7154913211316731
uzbekistan,Arid,wc2.1_2.5m_bio_12,158.39884393063585
uzbekistan,Arid,wc2.1_2.5m_bio_13,26.728323699421967
uzbekistan,Arid,wc2.1_2.5m_bio_14,2.115606936416185
uzbekistan,Arid,wc2.1_2.5m_bio_15,58.1276739815067
uzbekistan,Arid,wc2.1_2.5m_bio_16,70.02312138728324
uzbekistan,Arid,wc2.1_2.5m_bio_17,8.77456647398844
uzbekistan,Arid,wc2.1_2.5m_bio_18,12.190751445086706
uzbekistan,Arid,wc2.1_2.5m_bio_19,52.566473988439306
uzbekistan,Arid,wc2.1_2.5m_bio_2,12.05966668873164
uzbekistan,Arid,wc2.1_2.5m_bio_3,27.93908804965157
uzbekistan,Arid,wc2.1_2.5m_bio_4,1172.3985024160042
uzbekistan,Arid,wc2.1_2.5m_bio_5,35.917040411447516
uzbekistan,Arid,wc2.1_2.5m_bio_6,-7.485341012477875
uzbekistan,Arid,wc2.1_2.5m_bio_7,43.402381345715824
uzbekistan,Arid,wc2.1_2.5m_bio_8,9.763780337537645
uzbekistan,Arid,wc2.1_2.5m_bio_9,25.448894059726957
uzbekistan,Boreal,wc2.1_2.5m_bio_1,5.288187460973859
uzbekistan,Boreal,wc2.1_2.5m_bio_10,16.23533320426941
uzbekistan,Boreal,wc2.1_2.5m_bio_11,-5.319916658103466
uzbekistan,Boreal,wc2.1_2.5m_bio_12,574.375
uzbekistan,Boreal,wc2.1_2.5m_bio_13,93.375
uzbekistan,Boreal,wc2.1_2.5m_bio_14,11.5
uzbekistan,Boreal,wc2.1_2.5m_bio_15,56.548630237579346
uzbekistan,Boreal,wc2.1_2.5m_bio_16,243.5
uzbekistan,Boreal,wc2.1_2.5m_bio_17,48.25
uzbekistan,Boreal,wc2.1_2.5m_bio_18,56.5
uzbekistan,Boreal,wc2.1_2.5m_bio_19,171.125
uzbekistan,Boreal,wc2.1_2.5m_bio_2,10.741541743278503
uzbekistan,Boreal,wc2.1_2.5m_bio_3,30.459004163742065
uzbekistan,Boreal,wc2.1_2.5m_bio_4,885.2011032104492
uzbekistan,Boreal,wc2.1_2.5m_bio_5,24.316999673843384
uzbekistan,Boreal,wc2.1_2.5m_bio_6,-10.824500143527985
uzbekistan,Boreal,wc2.1_2.5m_bio_7,35.141499757766724
uzbekistan,Boreal,wc2.1_2.5m_bio_8,1.4222500175237656
uzbekistan,Boreal,wc2.1_2.5m_bio_9,15.062749981880188
uzbekistan,Temperate,wc2.1_2.5m_bio_1,14.11447444328895
uzbekistan,Temperate,wc2.1_2.5m_bio_10,26.150307728694035
uzbekistan,Temperate,wc2.1_2.5m_bio_11,2.330871804402425
uzbekistan,Temperate,wc2.1_2.5m_bio_12,373.9230769230769
uzbekistan,Temperate,wc2.1_2.5m_bio_13,69.38461538461539
uzbekistan,Temperate,wc2.1_2.5m_bio_14,1.2307692307692308
uzbekistan,Temperate,wc2.1_2.5m_bio_15,75.12219649094801
uzbekistan,Temperate,wc2.1_2.5m_bio_16,177
uzbekistan,Temperate,wc2.1_2.5m_bio_17,8.461538461538462
uzbekistan,Temperate,wc2.1_2.5m_bio_18,11.23076923076923
uzbekistan,Temperate,wc2.1_2.5m_bio_19,149.23076923076923
uzbekistan,Temperate,wc2.1_2.5m_bio_2,12.846025760357197
uzbekistan,Temperate,wc2.1_2.5m_bio_3,33.321827521690956
uzbekistan,Temperate,wc2.1_2.5m_bio_4,957.797607421875
uzbekistan,Temperate,wc2.1_2.5m_bio_5,35.366769350492035
uzbekistan,Temperate,wc2.1_2.5m_bio_6,-3.1658461460700402
uzbekistan,Temperate,wc2.1_2.5m_bio_7,38.532615661621094
uzbekistan,Temperate,wc2.1_2.5m_bio_8,7.37743590428279
uzbekistan,Temperate,wc2.1_2.5m_bio_9,24.522051150982197
vanuatu,Equatorial,wc2.1_2.5m_bio_1,24.24298159281413
vanuatu,Equatorial,wc2.1_2.5m_bio_10,25.72859255472819
vanuatu,Equatorial,wc2.1_2.5m_bio_11,22.633111317952473
vanuatu,Equatorial,wc2.1_2.5m_bio_12,2958.6666666666665
vanuatu,Equatorial,wc2.1_2.5m_bio_13,358
vanuatu,Equatorial,wc2.1_2.5m_bio_14,154
vanuatu,Equatorial,wc2.1_2.5m_bio_15,28.676028569539387
vanuatu,Equatorial,wc2.1_2.5m_bio_16,1033.3333333333333
vanuatu,Equatorial,wc2.1_2.5m_bio_17,511.6666666666667
vanuatu,Equatorial,wc2.1_2.5m_bio_18,1033.3333333333333
vanuatu,Equatorial,wc2.1_2.5m_bio_19,511.6666666666667
vanuatu,Equatorial,wc2.1_2.5m_bio_2,6.971222082773845
vanuatu,Equatorial,wc2.1_2.5m_bio_3,67.55399831136067
vanuatu,Equatorial,wc2.1_2.5m_bio_4,126.29579416910808
vanuatu,Equatorial,wc2.1_2.5m_bio_5,29.30666669209798
vanuatu,Equatorial,wc2.1_2.5m_bio_6,18.973777770996094
vanuatu,Equatorial,wc2.1_2.5m_bio_7,10.332888921101889
vanuatu,Equatorial,wc2.1_2.5m_bio_8,25.72859255472819
vanuatu,Equatorial,wc2.1_2.5m_bio_9,22.633111317952473
venezuela,Arid,wc2.1_2.5m_bio_1,25.926083246866863
venezuela,Arid,wc2.1_2.5m_bio_10,26.71999994913737
venezuela,Arid,wc2.1_2.5m_bio_11,24.880777676900227
venezuela,Arid,wc2.1_2.5m_bio_12,749
venezuela,Arid,wc2.1_2.5m_bio_13,124.16666666666667
venezuela,Arid,wc2.1_2.5m_bio_14,13.5
venezuela,Arid,wc2.1_2.5m_bio_15,56.87371826171875
venezuela,Arid,wc2.1_2.5m_bio_16,311.8333333333333
venezuela,Arid,wc2.1_2.5m_bio_17,49.166666666666664
venezuela,Arid,wc2.1_2.5m_bio_18,250.16666666666666
venezuela,Arid,wc2.1_2.5m_bio_19,79.33333333333333
venezuela,Arid,wc2.1_2.5m_bio_2,8.923500061035156
venezuela,Arid,wc2.1_2.5m_bio_3,77.57797876993816
venezuela,Arid,wc2.1_2.5m_bio_4,76.71575037638347
venezuela,Arid,wc2.1_2.5m_bio_5,31.559333483378094
venezuela,Arid,wc2.1_2.5m_bio_6,20.055333455403645
venezuela,Arid,wc2.1_2.5m_bio_7,11.504000027974447
venezuela,Arid,wc2.1_2.5m_bio_8,26.278000195821125
venezuela,Arid,wc2.1_2.5m_bio_9,25.000111262003582
venezuela,Equatorial,wc2.1_2.5m_bio_1,26.01295772961208
venezuela,Equatorial,wc2.1_2.5m_bio_10,26.711261885506765
venezuela,Equatorial,wc2.1_2.5m_bio_11,25.321185691016062
venezuela,Equatorial,wc2.1_2.5m_bio_12,1938.0857142857142
venezuela,Equatorial,wc2.1_2.5m_bio_13,311.51428571428573
venezuela,Equatorial,wc2.1_2.5m_bio_14,39.90357142857143
venezuela,Equatorial,wc2.1_2.5m_bio_15,62.384577315194264
venezuela,Equatorial,wc2.1_2.5m_bio_16,862.9571428571429
venezuela,Equatorial,wc2.1_2.5m_bio_17,150.13571428571427
venezuela,Equatorial,wc2.1_2.5m_bio_18,339.0392857142857
venezuela,Equatorial,wc2.1_2.5m_bio_19,597.0464285714286
venezuela,Equatorial,wc2.1_2.5m_bio_2,10.103513082436153
venezuela,Equatorial,wc2.1_2.5m_bio_3,80.63639221191406
venezuela,Equatorial,wc2.1_2.5m_bio_4,58.82023393767221
venezuela,Equatorial,wc2.1_2.5m_bio_5,32.57828577586583
venezuela,Equatorial,wc2.1_2.5m_bio_6,20.009185688836233
venezuela,Equatorial,wc2.1_2.5m_bio_7,12.569100087029593
venezuela,Equatorial,wc2.1_2.5m_bio_8,25.59720719201224
venezuela,Equatorial,wc2.1_2.5m_bio_9,26.038530915124074
venezuela,Polar,wc2.1_2.5m_bio_1,10.939499855041504
venezuela,Polar,wc2.1_2.5m_bio_10,11.22266674041748
venezuela,Polar,wc2.1_2.5m_bio_11,10.405333518981934
venezuela,Polar,wc2.1_2.5m_bio_12,1014
venezuela,Polar,wc2.1_2.5m_bio_13,148
venezuela,Polar,wc2.1_2.5m_bio_14,12
venezuela,Polar,wc2.1_2.5m_bio_15,57.368499755859375
venezuela,Polar,wc2.1_2.5m_bio_16,401
venezuela,Polar,wc2.1_2.5m_bio_17,56
venezuela,Polar,wc2.1_2.5m_bio_18,401
venezuela,Polar,wc2.1_2.5m_bio_19,56
venezuela,Polar,wc2.1_2.5m_bio_2,7.4676666259765625
venezuela,Polar,wc2.1_2.5m_bio_3,76.51297760009766
venezuela,Polar,wc2.1_2.5m_bio_4,38.33272171020508
venezuela,Polar,wc2.1_2.5m_bio_5,15.256000518798828
venezuela,Polar,wc2.1_2.5m_bio_6,5.495999813079834
venezuela,Polar,wc2.1_2.5m_bio_7,9.760000228881836
venezuela,Polar,wc2.1_2.5m_bio_8,11.22266674041748
venezuela,Polar,wc2.1_2.5m_bio_9,10.405333518981934
venezuela,Temperate,wc2.1_2.5m_bio_1,14.155133533477784
venezuela,Temperate,wc2.1_2.5m_bio_10,14.593066596984864
venezuela,Temperate,wc2.1_2.5m_bio_11,13.44399995803833
venezuela,Temperate,wc2.1_2.5m_bio_12,1297.6
venezuela,Temperate,wc2.1_2.5m_bio_13,205
venezuela,Temperate,wc2.1_2.5m_bio_14,21.4
venezuela,Temperate,wc2.1_2.5m_bio_15,59.566061401367186
venezuela,Temperate,wc2.1_2.5m_bio_16,540.8
venezuela,Temperate,wc2.1_2.5m_bio_17,82.4
venezuela,Temperate,wc2.1_2.5m_bio_18,402.4
venezuela,Temperate,wc2.1_2.5m_bio_19,87
venezuela,Temperate,wc2.1_2.5m_bio_2,7.8993332862854
venezuela,Temperate,wc2.1_2.5m_bio_3,78.14957885742187
venezuela,Temperate,wc2.1_2.5m_bio_4,49.987125396728516
venezuela,Temperate,wc2.1_2.5m_bio_5,18.65200023651123
venezuela,Temperate,wc2.1_2.5m_bio_6,8.543199968338012
venezuela,Temperate,wc2.1_2.5m_bio_7,10.108800315856934
venezuela,Temperate,wc2.1_2.5m_bio_8,14.445866584777832
venezuela,Temperate,wc2.1_2.5m_bio_9,13.57666654586792
vietnam,Equatorial,wc2.1_2.5m_bio_1,24.95207822733912
vietnam,Equatorial,wc2.1_2.5m_bio_10,26.915450457868904
vietnam,Equatorial,wc2.1_2.5m_bio_11,22.56767799114359
vietnam,Equatorial,wc2.1_2.5m_bio_12,1893.103448275862
vietnam,Equatorial,wc2.1_2.5m_bio_13,362.7413793103448
vietnam,Equatorial,wc2.1_2.5m_bio_14,14.775862068965518
vietnam,Equatorial,wc2.1_2.5m_bio_15,79.95075317908977
vietnam,Equatorial,wc2.1_2.5m_bio_16,968.2241379310345
vietnam,Equatorial,wc2.1_2.5m_bio_17,67.89655172413794
vietnam,Equatorial,wc2.1_2.5m_bio_18,493.1896551724138
vietnam,Equatorial,wc2.1_2.5m_bio_19,130.93103448275863
vietnam,Equatorial,wc2.1_2.5m_bio_2,7.302388495412366
vietnam,Equatorial,wc2.1_2.5m_bio_3,56.38986219208816
vietnam,Equatorial,wc2.1_2.5m_bio_4,177.99329797152816
vietnam,Equatorial,wc2.1_2.5m_bio_5,31.403839177098767
vietnam,Equatorial,wc2.1_2.5m_bio_6,18.269481642492885
vietnam,Equatorial,wc2.1_2.5m_bio_7,13.13435751816322
vietnam,Equatorial,wc2.1_2.5m_bio_8,25.358343058619006
vietnam,Equatorial,wc2.1_2.5m_bio_9,23.543967378550562
vietnam,Temperate,wc2.1_2.5m_bio_1,21.495231098598904
vietnam,Temperate,wc2.1_2.5m_bio_10,26.103637165493435
vietnam,Temperate,wc2.1_2.5m_bio_11,15.719649844699436
vietnam,Temperate,wc2.1_2.5m_bio_12,1679.851851851852
vietnam,Temperate,wc2.1_2.5m_bio_13,357.5
vietnam,Temperate,wc2.1_2.5m_bio_14,13.87037037037037
vietnam,Temperate,wc2.1_2.5m_bio_15,88.32546290644893
vietnam,Temperate,wc2.1_2.5m_bio_16,942.5185185185185
vietnam,Temperate,wc2.1_2.5m_bio_17,65.05555555555556
vietnam,Temperate,wc2.1_2.5m_bio_18,871.2962962962963
vietnam,Temperate,wc2.1_2.5m_bio_19,72.37037037037037
vietnam,Temperate,wc2.1_2.5m_bio_2,7.391973124610053
vietnam,Temperate,wc2.1_2.5m_bio_3,39.80267726050483
vietnam,Temperate,wc2.1_2.5m_bio_4,430.205972177011
vietnam,Temperate,wc2.1_2.5m_bio_5,29.87854759781449
vietnam,Temperate,wc2.1_2.5m_bio_6,11.13597094571149
vietnam,Temperate,wc2.1_2.5m_bio_7,18.742576563799823
vietnam,Temperate,wc2.1_2.5m_bio_8,25.77486907111274
vietnam,Temperate,wc2.1_2.5m_bio_9,16.189810470298486
western_sahara,Arid,wc2.1_2.5m_bio_1,23.96413540840149
western_sahara,Arid,wc2.1_2.5m_bio_10,30.844541609287262
western_sahara,Arid,wc2.1_2.5m_bio_11,17.281875044107437
western_sahara,Arid,wc2.1_2.5m_bio_12,35.5625
western_sahara,Arid,wc2.1_2.5m_bio_13,13.375
western_sahara,Arid,wc2.1_2.5m_bio_14,0.21875
western_sahara,Arid,wc2.1_2.5m_bio_15,90.57813107967377
western_sahara,Arid,wc2.1_2.5m_bio_16,21.28125
western_sahara,Arid,wc2.1_2.5m_bio_17,1.78125
western_sahara,Arid,wc2.1_2.5m_bio_18,18.53125
western_sahara,Arid,wc2.1_2.5m_bio_19,7.8125
western_sahara,Arid,wc2.1_2.5m_bio_2,13.704124927520752
western_sahara,Arid,wc2.1_2.5m_bio_3,47.43145823478699
western_sahara,Arid,wc2.1_2.5m_bio_4,539.9765300750732
western_sahara,Arid,wc2.1_2.5m_bio_5,39.103875160217285
western_sahara,Arid,wc2.1_2.5m_bio_6,10.003874972462654
western_sahara,Arid,wc2.1_2.5m_bio_7,29.100000202655792
western_sahara,Arid,wc2.1_2.5m_bio_8,27.13218742609024
western_sahara,Arid,wc2.1_2.5m_bio_9,24.871124923229218
yemen,Arid,wc2.1_2.5m_bio_1,25.791756562263735
yemen,Arid,wc2.1_2.5m_bio_10,30.661779403686523
yemen,Arid,wc2.1_2.5m_bio_11,20.246736907958983
yemen,Arid,wc2.1_2.5m_bio_12,110.16774193548387
yemen,Arid,wc2.1_2.5m_bio_13,23.16774193548387
yemen,Arid,wc2.1_2.5m_bio_14,1.2129032258064516
yemen,Arid,wc2.1_2.5m_bio_15,74.15336557203723
yemen,Arid,wc2.1_2.5m_bio_16,53.33548387096774
yemen,Arid,wc2.1_2.5m_bio_17,7.483870967741935
yemen,Arid,wc2.1_2.5m_bio_18,33.29677419354839
yemen,Arid,wc2.1_2.5m_bio_19,14.406451612903226
yemen,Arid,wc2.1_2.5m_bio_2,11.198235188761066
yemen,Arid,wc2.1_2.5m_bio_3,48.299305208267704
yemen,Arid,wc2.1_2.5m_bio_4,431.72357423843874
yemen,Arid,wc2.1_2.5m_bio_5,36.62454965652958
yemen,Arid,wc2.1_2.5m_bio_6,13.213026711248583
yemen,Arid,wc2.1_2.5m_bio_7,23.4115230437248
yemen,Arid,wc2.1_2.5m_bio_8,25.617070511848695
yemen,Arid,wc2.1_2.5m_bio_9,24.2397587191674
zambia,Arid,wc2.1_2.5m_bio_1,22.89509391784668
zambia,Arid,wc2.1_2.5m_bio_10,26.273666620254517
zambia,Arid,wc2.1_2.5m_bio_11,18.324166655540466
zambia,Arid,wc2.1_2.5m_bio_12,683.125
zambia,Arid,wc2.1_2.5m_bio_13,168.75
zambia,Arid,wc2.1_2.5m_bio_14,0
zambia,Arid,wc2.1_2.5m_bio_15,116.85547351837158
zambia,Arid,wc2.1_2.5m_bio_16,474.625
zambia,Arid,wc2.1_2.5m_bio_17,0.0625
zambia,Arid,wc2.1_2.5m_bio_18,137.1875
zambia,Arid,wc2.1_2.5m_bio_19,2.8125
zambia,Arid,wc2.1_2.5m_bio_2,14.907187402248383
zambia,Arid,wc2.1_2.5m_bio_3,55.32714772224426
zambia,Arid,wc2.1_2.5m_bio_4,330.4917507171631
zambia,Arid,wc2.1_2.5m_bio_5,35.238749980926514
zambia,Arid,wc2.1_2.5m_bio_6,8.311500161886215
zambia,Arid,wc2.1_2.5m_bio_7,26.927249789237976
zambia,Arid,wc2.1_2.5m_bio_8,24.459499716758728
zambia,Arid,wc2.1_2.5m_bio_9,18.42550027370453
zambia,Equatorial,wc2.1_2.5m_bio_1,21.921568552652996
zambia,Equatorial,wc2.1_2.5m_bio_10,24.154585138956705
zambia,Equatorial,wc2.1_2.5m_bio_11,18.881614875793456
zambia,Equatorial,wc2.1_2.5m_bio_12,1085.388888888889
zambia,Equatorial,wc2.1_2.5m_bio_13,236.96666666666667
zambia,Equatorial,wc2.1_2.5m_bio_14,0.08888888888888889
zambia,Equatorial,wc2.1_2.5m_bio_15,108.17312308417426
zambia,Equatorial,wc2.1_2.5m_bio_16,660.7777777777778
zambia,Equatorial,wc2.1_2.5m_bio_17,1.288888888888889
zambia,Equatorial,wc2.1_2.5m_bio_18,235.48888888888888
zambia,Equatorial,wc2.1_2.5m_bio_19,3.077777777777778
zambia,Equatorial,wc2.1_2.5m_bio_2,13.106500053405762
zambia,Equatorial,wc2.1_2.5m_bio_3,59.67884059482151
zambia,Equatorial,wc2.1_2.5m_bio_4,217.83622309366862
zambia,Equatorial,wc2.1_2.5m_bio_5,32.1891111585829
zambia,Equatorial,wc2.1_2.5m_bio_6,10.09480004310608
zambia,Equatorial,wc2.1_2.5m_bio_7,22.09431112077501
zambia,Equatorial,wc2.1_2.5m_bio_8,22.869977781507703
zambia,Equatorial,wc2.1_2.5m_bio_9,18.96249631245931
zambia,Temperate,wc2.1_2.5m_bio_1,20.608040802962297
zambia,Temperate,wc2.1_2.5m_bio_10,23.23584608598189
zambia,Temperate,wc2.1_2.5m_bio_11,16.898829860287112
zambia,Temperate,wc2.1_2.5m_bio_12,966.9580419580419
zambia,Temperate,wc2.1_2.5m_bio_13,227.13986013986013
zambia,Temperate,wc2.1_2.5m_bio_14,0.03496503496503497
zambia,Temperate,wc2.1_2.5m_bio_15,114.32242866996285
zambia,Temperate,wc2.1_2.5m_bio_16,640.1398601398602
zambia,Temperate,wc2.1_2.5m_bio_17,0.8951048951048951
zambia,Temperate,wc2.1_2.5m_bio_18,200.83916083916083
zambia,Temperate,wc2.1_2.5m_bio_19,4.083916083916084
zambia,Temperate,wc2.1_2.5m_bio_2,14.203410282001629
zambia,Temperate,wc2.1_2.5m_bio_3,58.14964755931934
zambia,Temperate,wc2.1_2.5m_bio_4,263.78644033578723
zambia,Temperate,wc2.1_2.5m_bio_5,31.819328574867516
zambia,Temperate,wc2.1_2.5m_bio_6,7.374713270814269
zambia,Temperate,wc2.1_2.5m_bio_7,24.444615304053247
zambia,Temperate,wc2.1_2.5m_bio_8,21.901948688747165
zambia,Temperate,wc2.1_2.5m_bio_9,17.013706300642106
zimbabwe,Arid,wc2.1_2.5m_bio_1,21.446631682546514
zimbabwe,Arid,wc2.1_2.5m_bio_10,24.650371812519275
zimbabwe,Arid,wc2.1_2.5m_bio_11,16.808231594688014
zimbabwe,Arid,wc2.1_2.5m_bio_12,607.021052631579
zimbabwe,Arid,wc2.1_2.5m_bio_13,143.2736842105263
zimbabwe,Arid,wc2.1_2.5m_bio_14,0.9789473684210527
zimbabwe,Arid,wc2.1_2.5m_bio_15,106.94931359542043
zimbabwe,Arid,wc2.1_2.5m_bio_16,399.85263157894735
zimbabwe,Arid,wc2.1_2.5m_bio_17,5.88421052631579
zimbabwe,Arid,wc2.1_2.5m_bio_18,263.61052631578946
zimbabwe,Arid,wc2.1_2.5m_bio_19,7.494736842105263
zimbabwe,Arid,wc2.1_2.5m_bio_2,14.278596456427323
zimbabwe,Arid,wc2.1_2.5m_bio_3,57.80335159301758
zimbabwe,Arid,wc2.1_2.5m_bio_4,333.64137508994656
zimbabwe,Arid,wc2.1_2.5m_bio_5,32.34282094051964
zimbabwe,Arid,wc2.1_2.5m_bio_6,7.618400001525879
zimbabwe,Arid,wc2.1_2.5m_bio_7,24.724420928955077
zimbabwe,Arid,wc2.1_2.5m_bio_8,24.01006313123201
zimbabwe,Arid,wc2.1_2.5m_bio_9,16.910582431993987
zimbabwe,Temperate,wc2.1_2.5m_bio_1,18.6344083070755
zimbabwe,Temperate,wc2.1_2.5m_bio_10,21.392333459854125
zimbabwe,Temperate,wc2.1_2.5m_bio_11,14.47255003452301
zimbabwe,Temperate,wc2.1_2.5m_bio_12,823.175
zimbabwe,Temperate,wc2.1_2.5m_bio_13,195.225
zimbabwe,Temperate,wc2.1_2.5m_bio_14,2.45
zimbabwe,Temperate,wc2.1_2.5m_bio_15,108.00595378875732
zimbabwe,Temperate,wc2.1_2.5m_bio_16,538.725
zimbabwe,Temperate,wc2.1_2.5m_bio_17,10.8
zimbabwe,Temperate,wc2.1_2.5m_bio_18,366.775
zimbabwe,Temperate,wc2.1_2.5m_bio_19,11.025
zimbabwe,Temperate,wc2.1_2.5m_bio_2,12.907450032234191
zimbabwe,Temperate,wc2.1_2.5m_bio_3,57.83871021270752
zimbabwe,Temperate,wc2.1_2.5m_bio_4,297.2048091888428
zimbabwe,Temperate,wc2.1_2.5m_bio_5,28.64660005569458
zimbabwe,Temperate,wc2.1_2.5m_bio_6,6.3105000257492065
zimbabwe,Temperate,wc2.1_2.5m_bio_7,22.33609981536865
zimbabwe,Temperate,wc2.1_2.5m_bio_8,21.01459994316101
zimbabwe,Temperate,wc2.1_2.5m_bio_9,14.545833373069764
åland_islands,Boreal,wc2.1_2.5m_bio_1,5.600666522979736
åland_islands,Boreal,wc2.1_2.5m_bio_10,14.723333358764648
åland_islands,Boreal,wc2.1_2.5m_bio_11,-2.438666582107544
åland_islands,Boreal,wc2.1_2.5m_bio_12,560
åland_islands,Boreal,wc2.1_2.5m_bio_13,65
åland_islands,Boreal,wc2.1_2.5m_bio_14,27
åland_islands,Boreal,wc2.1_2.5m_bio_15,31.542612075805664
åland_islands,Boreal,wc2.1_2.5m_bio_16,186
åland_islands,Boreal,wc2.1_2.5m_bio_17,89
åland_islands,Boreal,wc2.1_2.5m_bio_18,167
åland_islands,Boreal,wc2.1_2.5m_bio_19,100
åland_islands,Boreal,wc2.1_2.5m_bio_2,6.826666831970215
åland_islands,Boreal,wc2.1_2.5m_bio_3,25.332738876342773
åland_islands,Boreal,wc2.1_2.5m_bio_4,703.75567626953125
åland_islands,Boreal,wc2.1_2.5m_bio_5,19.968000411987305
åland_islands,Boreal,wc2.1_2.5m_bio_6,-6.980000019073486
åland_islands,Boreal,wc2.1_2.5m_bio_7,26.947999954223633
åland_islands,Boreal,wc2.1_2.5m_bio_8,10.866000175476074
åland_islands,Boreal,wc2.1_2.5m_bio_9,3.3953335285186768
